Command line invocation:
    /Applications/Xcode.app/Contents/Developer/usr/bin/xcodebuild -workspace ios/VideoCallApp.xcworkspace -scheme VideoCallApp -configuration Debug -sdk iphonesimulator

Build settings from command line:
    SDKROOT = iphonesimulator26.5

--- xcodebuild: WARNING: Using the first of multiple matching destinations:
{ platform:iOS Simulator, id:dvtdevice-DVTiOSDeviceSimulatorPlaceholder-iphonesimulator:placeholder, name:Any iOS Simulator Device }
{ platform:iOS Simulator, arch:arm64, id:295F9E94-FAA1-40AF-8C5D-1134D176B978, OS:26.4.1, name:iPad (A16) }
{ platform:iOS Simulator, arch:arm64, id:5D04DFEA-74E8-4CBE-B455-18E7C8EA7C66, OS:26.5, name:iPad (A16) }
{ platform:iOS Simulator, arch:arm64, id:6266AE03-7C98-42F1-8802-354DF6514328, OS:26.2, name:iPad Air 11-inch (M3) }
{ platform:iOS Simulator, arch:arm64, id:DD0186C0-A01E-4DD1-B762-620C9C5F04D1, OS:26.4.1, name:iPad Air 11-inch (M4) }
{ platform:iOS Simulator, arch:arm64, id:130F328C-084A-4058-B9D2-470E5ED38F99, OS:26.5, name:iPad Air 11-inch (M4) }
{ platform:iOS Simulator, arch:arm64, id:BDBE62A5-A50E-4C38-BA0F-2D2DF2009562, OS:26.2, name:iPad Air 13-inch (M3) }
{ platform:iOS Simulator, arch:arm64, id:6E72057E-2B9C-47B1-9D8C-BE27A8007B39, OS:26.4.1, name:iPad Air 13-inch (M4) }
{ platform:iOS Simulator, arch:arm64, id:4D69D732-EAE8-441A-8DBA-21F64A4A7E96, OS:26.5, name:iPad Air 13-inch (M4) }
{ platform:iOS Simulator, arch:arm64, id:699CD36D-3E74-4960-A342-5595558800B2, OS:26.2, name:iPad Pro 11-inch (M5) }
{ platform:iOS Simulator, arch:arm64, id:07079B71-E1B8-4E4E-A7FE-4467866EBB14, OS:26.4.1, name:iPad Pro 11-inch (M5) }
{ platform:iOS Simulator, arch:arm64, id:7ED08DA1-33D1-4ACB-8F19-11E572346828, OS:26.5, name:iPad Pro 11-inch (M5) }
{ platform:iOS Simulator, arch:arm64, id:1E29C982-C4E2-4764-B475-FF2ACC8876E3, OS:26.2, name:iPad Pro 13-inch (M5) }
{ platform:iOS Simulator, arch:arm64, id:1A7BB234-527B-4BC2-B07B-3B585DBD3670, OS:26.4.1, name:iPad Pro 13-inch (M5) }
{ platform:iOS Simulator, arch:arm64, id:7E3464C6-66AD-4A4F-8927-9864B6B259FD, OS:26.5, name:iPad Pro 13-inch (M5) }
{ platform:iOS Simulator, arch:arm64, id:E4E87779-D41A-4CAA-BB01-817DB4CB840E, OS:26.2, name:iPad mini (A17 Pro) }
{ platform:iOS Simulator, arch:arm64, id:64853608-1B8A-43DB-BB46-EF91C05B1BAF, OS:26.4.1, name:iPad mini (A17 Pro) }
{ platform:iOS Simulator, arch:arm64, id:2B4777F5-DF4D-43F2-92E7-A23C44EC8F84, OS:26.5, name:iPad mini (A17 Pro) }
{ platform:iOS Simulator, arch:arm64, id:65196F3B-6FBE-4AF7-83B8-EB18EEA9F8F9, OS:26.2, name:iPhone 17 }
{ platform:iOS Simulator, arch:arm64, id:72FD77CD-AC7B-4D91-9D3B-71981B846F3D, OS:26.4.1, name:iPhone 17 }
{ platform:iOS Simulator, arch:arm64, id:B220D6EE-DD9B-417B-9392-D0200E5A27EC, OS:26.5, name:iPhone 17 }
{ platform:iOS Simulator, arch:arm64, id:10792520-2187-47D0-8744-D3D4D7DD5ED5, OS:26.2, name:iPhone 17 Pro }
{ platform:iOS Simulator, arch:arm64, id:27BA2AEC-A656-4114-8195-11DA992CA395, OS:26.4.1, name:iPhone 17 Pro }
{ platform:iOS Simulator, arch:arm64, id:8CD4E061-3641-4735-A11D-0067C3688212, OS:26.5, name:iPhone 17 Pro }
{ platform:iOS Simulator, arch:arm64, id:8E1BC08A-128A-4C19-9751-2F154A03E095, OS:26.2, name:iPhone 17 Pro Max }
{ platform:iOS Simulator, arch:arm64, id:04AE3CFC-FC4E-48A9-9E84-D3C1A2D179F2, OS:26.4.1, name:iPhone 17 Pro Max }
{ platform:iOS Simulator, arch:arm64, id:50EC0753-EDC3-4785-AB68-37A749AF0B53, OS:26.5, name:iPhone 17 Pro Max }
{ platform:iOS Simulator, arch:arm64, id:C4F99CFC-BA75-41CB-9C3A-447726C70080, OS:26.4.1, name:iPhone 17e }
{ platform:iOS Simulator, arch:arm64, id:A31E5C91-6AFF-4274-9ED9-3C1B86E73FAF, OS:26.5, name:iPhone 17e }
{ platform:iOS Simulator, arch:arm64, id:2F9EB157-7E95-4373-AE18-E9B2676396D8, OS:26.2, name:iPhone Air }
{ platform:iOS Simulator, arch:arm64, id:9FF17E69-AFB7-476B-850D-5A52D9BEE585, OS:26.4.1, name:iPhone Air }
{ platform:iOS Simulator, arch:arm64, id:83D829F5-B9ED-4FDD-8EF6-D08DE074816B, OS:26.5, name:iPhone Air }
{ platform:macOS, arch:arm64, variant:Designed for [iPad,iPhone], id:00008132-0014454C118B801C, name:My Mac }
{ platform:iOS, id:dvtdevice-DVTiPhonePlaceholder-iphoneos:placeholder, name:Any iOS Device }
ComputePackagePrebuildTargetDependencyGraph

Prepare packages

CreateBuildRequest

SendProjectDescription

CreateBuildOperation

ComputeTargetDependencyGraph
note: Building targets in dependency order
note: Target dependency graph (92 targets)
    Target 'VideoCallApp' in project 'VideoCallApp'
        ➜ Implicit dependency on target 'Pods-VideoCallApp' in project 'Pods' via file 'libPods-VideoCallApp.a' in build phase 'Link Binary'
        ➜ Implicit dependency on target 'ReactAppDependencyProvider' in project 'Pods' via options '-lReactAppDependencyProvider' in build setting 'OTHER_LDFLAGS'
        ➜ Implicit dependency on target 'ReactCodegen' in project 'Pods' via options '-lReactCodegen' in build setting 'OTHER_LDFLAGS'
        ➜ Implicit dependency on target 'SwiftUIIntrospect' in project 'Pods' via options '-lSwiftUIIntrospect' in build setting 'OTHER_LDFLAGS'
        ➜ Implicit dependency on target 'react-native-bottom-tabs' in project 'Pods' via options '-lreact-native-bottom-tabs' in build setting 'OTHER_LDFLAGS'
        ➜ Implicit dependency on target 'react-native-safe-area-context' in project 'Pods' via options '-lreact-native-safe-area-context' in build setting 'OTHER_LDFLAGS'
    Target 'Pods-VideoCallApp' in project 'Pods'
        ➜ Explicit dependency on target 'DoubleConversion' in project 'Pods'
        ➜ Explicit dependency on target 'FBLazyVector' in project 'Pods'
        ➜ Explicit dependency on target 'RCT-Folly' in project 'Pods'
        ➜ Explicit dependency on target 'RCTDeprecation' in project 'Pods'
        ➜ Explicit dependency on target 'RCTRequired' in project 'Pods'
        ➜ Explicit dependency on target 'RCTSwiftUI' in project 'Pods'
        ➜ Explicit dependency on target 'RCTSwiftUIWrapper' in project 'Pods'
        ➜ Explicit dependency on target 'RCTTypeSafety' in project 'Pods'
        ➜ Explicit dependency on target 'React' in project 'Pods'
        ➜ Explicit dependency on target 'React-Core' in project 'Pods'
        ➜ Explicit dependency on target 'React-Core-prebuilt' in project 'Pods'
        ➜ Explicit dependency on target 'React-CoreModules' in project 'Pods'
        ➜ Explicit dependency on target 'React-Fabric' in project 'Pods'
        ➜ Explicit dependency on target 'React-FabricComponents' in project 'Pods'
        ➜ Explicit dependency on target 'React-FabricImage' in project 'Pods'
        ➜ Explicit dependency on target 'React-ImageManager' in project 'Pods'
        ➜ Explicit dependency on target 'React-Mapbuffer' in project 'Pods'
        ➜ Explicit dependency on target 'React-NativeModulesApple' in project 'Pods'
        ➜ Explicit dependency on target 'React-RCTActionSheet' in project 'Pods'
        ➜ Explicit dependency on target 'React-RCTAnimatedModuleProvider' in project 'Pods'
        ➜ Explicit dependency on target 'React-RCTAnimation' in project 'Pods'
        ➜ Explicit dependency on target 'React-RCTAppDelegate' in project 'Pods'
        ➜ Explicit dependency on target 'React-RCTBlob' in project 'Pods'
        ➜ Explicit dependency on target 'React-RCTFBReactNativeSpec' in project 'Pods'
        ➜ Explicit dependency on target 'React-RCTFabric' in project 'Pods'
        ➜ Explicit dependency on target 'React-RCTImage' in project 'Pods'
        ➜ Explicit dependency on target 'React-RCTLinking' in project 'Pods'
        ➜ Explicit dependency on target 'React-RCTNetwork' in project 'Pods'
        ➜ Explicit dependency on target 'React-RCTRuntime' in project 'Pods'
        ➜ Explicit dependency on target 'React-RCTSettings' in project 'Pods'
        ➜ Explicit dependency on target 'React-RCTText' in project 'Pods'
        ➜ Explicit dependency on target 'React-RCTVibration' in project 'Pods'
        ➜ Explicit dependency on target 'React-RuntimeApple' in project 'Pods'
        ➜ Explicit dependency on target 'React-RuntimeCore' in project 'Pods'
        ➜ Explicit dependency on target 'React-RuntimeHermes' in project 'Pods'
        ➜ Explicit dependency on target 'React-bridging' in project 'Pods'
        ➜ Explicit dependency on target 'React-callinvoker' in project 'Pods'
        ➜ Explicit dependency on target 'React-cxxreact' in project 'Pods'
        ➜ Explicit dependency on target 'React-cxxstableapi' in project 'Pods'
        ➜ Explicit dependency on target 'React-debug' in project 'Pods'
        ➜ Explicit dependency on target 'React-defaultsnativemodule' in project 'Pods'
        ➜ Explicit dependency on target 'React-domnativemodule' in project 'Pods'
        ➜ Explicit dependency on target 'React-featureflags' in project 'Pods'
        ➜ Explicit dependency on target 'React-featureflagsnativemodule' in project 'Pods'
        ➜ Explicit dependency on target 'React-graphics' in project 'Pods'
        ➜ Explicit dependency on target 'React-hermes' in project 'Pods'
        ➜ Explicit dependency on target 'React-idlecallbacksnativemodule' in project 'Pods'
        ➜ Explicit dependency on target 'React-intersectionobservernativemodule' in project 'Pods'
        ➜ Explicit dependency on target 'React-jserrorhandler' in project 'Pods'
        ➜ Explicit dependency on target 'React-jsi' in project 'Pods'
        ➜ Explicit dependency on target 'React-jsiexecutor' in project 'Pods'
        ➜ Explicit dependency on target 'React-jsinspector' in project 'Pods'
        ➜ Explicit dependency on target 'React-jsinspectorcdp' in project 'Pods'
        ➜ Explicit dependency on target 'React-jsinspectornetwork' in project 'Pods'
        ➜ Explicit dependency on target 'React-jsinspectortracing' in project 'Pods'
        ➜ Explicit dependency on target 'React-jsitooling' in project 'Pods'
        ➜ Explicit dependency on target 'React-jsitracing' in project 'Pods'
        ➜ Explicit dependency on target 'React-logger' in project 'Pods'
        ➜ Explicit dependency on target 'React-microtasksnativemodule' in project 'Pods'
        ➜ Explicit dependency on target 'React-mutationobservernativemodule' in project 'Pods'
        ➜ Explicit dependency on target 'React-networking' in project 'Pods'
        ➜ Explicit dependency on target 'React-oscompat' in project 'Pods'
        ➜ Explicit dependency on target 'React-perflogger' in project 'Pods'
        ➜ Explicit dependency on target 'React-performancecdpmetrics' in project 'Pods'
        ➜ Explicit dependency on target 'React-performancetimeline' in project 'Pods'
        ➜ Explicit dependency on target 'React-rendererconsistency' in project 'Pods'
        ➜ Explicit dependency on target 'React-renderercss' in project 'Pods'
        ➜ Explicit dependency on target 'React-rendererdebug' in project 'Pods'
        ➜ Explicit dependency on target 'React-runtimeexecutor' in project 'Pods'
        ➜ Explicit dependency on target 'React-runtimescheduler' in project 'Pods'
        ➜ Explicit dependency on target 'React-timing' in project 'Pods'
        ➜ Explicit dependency on target 'React-utils' in project 'Pods'
        ➜ Explicit dependency on target 'React-viewtransitionnativemodule' in project 'Pods'
        ➜ Explicit dependency on target 'React-webperformancenativemodule' in project 'Pods'
        ➜ Explicit dependency on target 'ReactAppDependencyProvider' in project 'Pods'
        ➜ Explicit dependency on target 'ReactCodegen' in project 'Pods'
        ➜ Explicit dependency on target 'ReactCommon' in project 'Pods'
        ➜ Explicit dependency on target 'ReactNativeDependencies' in project 'Pods'
        ➜ Explicit dependency on target 'SocketRocket' in project 'Pods'
        ➜ Explicit dependency on target 'SwiftUIIntrospect' in project 'Pods'
        ➜ Explicit dependency on target 'Yoga' in project 'Pods'
        ➜ Explicit dependency on target 'boost' in project 'Pods'
        ➜ Explicit dependency on target 'fast_float' in project 'Pods'
        ➜ Explicit dependency on target 'fmt' in project 'Pods'
        ➜ Explicit dependency on target 'glog' in project 'Pods'
        ➜ Explicit dependency on target 'hermes-engine' in project 'Pods'
        ➜ Explicit dependency on target 'react-native-bottom-tabs' in project 'Pods'
        ➜ Explicit dependency on target 'react-native-safe-area-context' in project 'Pods'
    Target 'react-native-safe-area-context' in project 'Pods'
        ➜ Explicit dependency on target 'RCTRequired' in project 'Pods'
        ➜ Explicit dependency on target 'RCTTypeSafety' in project 'Pods'
        ➜ Explicit dependency on target 'React-Core' in project 'Pods'
        ➜ Explicit dependency on target 'React-Core-prebuilt' in project 'Pods'
        ➜ Explicit dependency on target 'React-Fabric' in project 'Pods'
        ➜ Explicit dependency on target 'React-ImageManager' in project 'Pods'
        ➜ Explicit dependency on target 'React-NativeModulesApple' in project 'Pods'
        ➜ Explicit dependency on target 'React-RCTFabric' in project 'Pods'
        ➜ Explicit dependency on target 'React-bridging' in project 'Pods'
        ➜ Explicit dependency on target 'React-debug' in project 'Pods'
        ➜ Explicit dependency on target 'React-featureflags' in project 'Pods'
        ➜ Explicit dependency on target 'React-graphics' in project 'Pods'
        ➜ Explicit dependency on target 'React-jsi' in project 'Pods'
        ➜ Explicit dependency on target 'React-renderercss' in project 'Pods'
        ➜ Explicit dependency on target 'React-rendererdebug' in project 'Pods'
        ➜ Explicit dependency on target 'React-utils' in project 'Pods'
        ➜ Explicit dependency on target 'ReactCodegen' in project 'Pods'
        ➜ Explicit dependency on target 'ReactCommon' in project 'Pods'
        ➜ Explicit dependency on target 'ReactNativeDependencies' in project 'Pods'
        ➜ Explicit dependency on target 'Yoga' in project 'Pods'
        ➜ Explicit dependency on target 'hermes-engine' in project 'Pods'
    Target 'react-native-bottom-tabs' in project 'Pods'
        ➜ Explicit dependency on target 'RCTRequired' in project 'Pods'
        ➜ Explicit dependency on target 'RCTTypeSafety' in project 'Pods'
        ➜ Explicit dependency on target 'React-Core' in project 'Pods'
        ➜ Explicit dependency on target 'React-Core-prebuilt' in project 'Pods'
        ➜ Explicit dependency on target 'React-Fabric' in project 'Pods'
        ➜ Explicit dependency on target 'React-ImageManager' in project 'Pods'
        ➜ Explicit dependency on target 'React-NativeModulesApple' in project 'Pods'
        ➜ Explicit dependency on target 'React-RCTFabric' in project 'Pods'
        ➜ Explicit dependency on target 'React-bridging' in project 'Pods'
        ➜ Explicit dependency on target 'React-debug' in project 'Pods'
        ➜ Explicit dependency on target 'React-featureflags' in project 'Pods'
        ➜ Explicit dependency on target 'React-graphics' in project 'Pods'
        ➜ Explicit dependency on target 'React-jsi' in project 'Pods'
        ➜ Explicit dependency on target 'React-renderercss' in project 'Pods'
        ➜ Explicit dependency on target 'React-rendererdebug' in project 'Pods'
        ➜ Explicit dependency on target 'React-utils' in project 'Pods'
        ➜ Explicit dependency on target 'ReactCodegen' in project 'Pods'
        ➜ Explicit dependency on target 'ReactCommon' in project 'Pods'
        ➜ Explicit dependency on target 'ReactNativeDependencies' in project 'Pods'
        ➜ Explicit dependency on target 'SwiftUIIntrospect' in project 'Pods'
        ➜ Explicit dependency on target 'Yoga' in project 'Pods'
        ➜ Explicit dependency on target 'hermes-engine' in project 'Pods'
    Target 'glog' in project 'Pods'
        ➜ Explicit dependency on target 'ReactNativeDependencies' in project 'Pods'
    Target 'fmt' in project 'Pods'
        ➜ Explicit dependency on target 'ReactNativeDependencies' in project 'Pods'
    Target 'fast_float' in project 'Pods'
        ➜ Explicit dependency on target 'ReactNativeDependencies' in project 'Pods'
    Target 'boost' in project 'Pods'
        ➜ Explicit dependency on target 'ReactNativeDependencies' in project 'Pods'
    Target 'SwiftUIIntrospect' in project 'Pods' (no dependencies)
    Target 'SocketRocket' in project 'Pods'
        ➜ Explicit dependency on target 'ReactNativeDependencies' in project 'Pods'
    Target 'ReactAppDependencyProvider' in project 'Pods'
        ➜ Explicit dependency on target 'ReactCodegen' in project 'Pods'
    Target 'ReactCodegen' in project 'Pods'
        ➜ Explicit dependency on target 'RCTRequired' in project 'Pods'
        ➜ Explicit dependency on target 'RCTTypeSafety' in project 'Pods'
        ➜ Explicit dependency on target 'React-Core' in project 'Pods'
        ➜ Explicit dependency on target 'React-Core-prebuilt' in project 'Pods'
        ➜ Explicit dependency on target 'React-Fabric' in project 'Pods'
        ➜ Explicit dependency on target 'React-FabricImage' in project 'Pods'
        ➜ Explicit dependency on target 'React-NativeModulesApple' in project 'Pods'
        ➜ Explicit dependency on target 'React-RCTAppDelegate' in project 'Pods'
        ➜ Explicit dependency on target 'React-bridging' in project 'Pods'
        ➜ Explicit dependency on target 'React-debug' in project 'Pods'
        ➜ Explicit dependency on target 'React-featureflags' in project 'Pods'
        ➜ Explicit dependency on target 'React-graphics' in project 'Pods'
        ➜ Explicit dependency on target 'React-jsi' in project 'Pods'
        ➜ Explicit dependency on target 'React-jsiexecutor' in project 'Pods'
        ➜ Explicit dependency on target 'React-rendererdebug' in project 'Pods'
        ➜ Explicit dependency on target 'React-utils' in project 'Pods'
        ➜ Explicit dependency on target 'ReactCommon' in project 'Pods'
        ➜ Explicit dependency on target 'ReactNativeDependencies' in project 'Pods'
        ➜ Explicit dependency on target 'hermes-engine' in project 'Pods'
    Target 'React-cxxstableapi' in project 'Pods' (no dependencies)
    Target 'React-RCTAppDelegate' in project 'Pods'
        ➜ Explicit dependency on target 'hermes-engine' in project 'Pods'
        ➜ Explicit dependency on target 'RCTRequired' in project 'Pods'
        ➜ Explicit dependency on target 'RCTTypeSafety' in project 'Pods'
        ➜ Explicit dependency on target 'React-Core' in project 'Pods'
        ➜ Explicit dependency on target 'React-Core-prebuilt' in project 'Pods'
        ➜ Explicit dependency on target 'React-CoreModules' in project 'Pods'
        ➜ Explicit dependency on target 'React-debug' in project 'Pods'
        ➜ Explicit dependency on target 'React-defaultsnativemodule' in project 'Pods'
        ➜ Explicit dependency on target 'React-Fabric' in project 'Pods'
        ➜ Explicit dependency on target 'React-featureflags' in project 'Pods'
        ➜ Explicit dependency on target 'React-graphics' in project 'Pods'
        ➜ Explicit dependency on target 'React-hermes' in project 'Pods'
        ➜ Explicit dependency on target 'React-jsitooling' in project 'Pods'
        ➜ Explicit dependency on target 'React-NativeModulesApple' in project 'Pods'
        ➜ Explicit dependency on target 'React-RCTAnimatedModuleProvider' in project 'Pods'
        ➜ Explicit dependency on target 'React-RCTFabric' in project 'Pods'
        ➜ Explicit dependency on target 'React-RCTFBReactNativeSpec' in project 'Pods'
        ➜ Explicit dependency on target 'React-RCTImage' in project 'Pods'
        ➜ Explicit dependency on target 'React-RCTNetwork' in project 'Pods'
        ➜ Explicit dependency on target 'React-RCTRuntime' in project 'Pods'
        ➜ Explicit dependency on target 'React-rendererdebug' in project 'Pods'
        ➜ Explicit dependency on target 'React-RuntimeApple' in project 'Pods'
        ➜ Explicit dependency on target 'React-RuntimeCore' in project 'Pods'
        ➜ Explicit dependency on target 'React-runtimeexecutor' in project 'Pods'
        ➜ Explicit dependency on target 'React-runtimescheduler' in project 'Pods'
        ➜ Explicit dependency on target 'React-utils' in project 'Pods'
        ➜ Explicit dependency on target 'ReactCommon' in project 'Pods'
        ➜ Explicit dependency on target 'ReactNativeDependencies' in project 'Pods'
    Target 'React-RuntimeApple' in project 'Pods'
        ➜ Explicit dependency on target 'hermes-engine' in project 'Pods'
        ➜ Explicit dependency on target 'React-callinvoker' in project 'Pods'
        ➜ Explicit dependency on target 'React-Core' in project 'Pods'
        ➜ Explicit dependency on target 'React-Core-prebuilt' in project 'Pods'
        ➜ Explicit dependency on target 'React-CoreModules' in project 'Pods'
        ➜ Explicit dependency on target 'React-cxxreact' in project 'Pods'
        ➜ Explicit dependency on target 'React-featureflags' in project 'Pods'
        ➜ Explicit dependency on target 'React-jserrorhandler' in project 'Pods'
        ➜ Explicit dependency on target 'React-jsi' in project 'Pods'
        ➜ Explicit dependency on target 'React-jsiexecutor' in project 'Pods'
        ➜ Explicit dependency on target 'React-jsinspector' in project 'Pods'
        ➜ Explicit dependency on target 'React-jsitooling' in project 'Pods'
        ➜ Explicit dependency on target 'React-Mapbuffer' in project 'Pods'
        ➜ Explicit dependency on target 'React-NativeModulesApple' in project 'Pods'
        ➜ Explicit dependency on target 'React-RCTFabric' in project 'Pods'
        ➜ Explicit dependency on target 'React-RCTFBReactNativeSpec' in project 'Pods'
        ➜ Explicit dependency on target 'React-RuntimeCore' in project 'Pods'
        ➜ Explicit dependency on target 'React-runtimeexecutor' in project 'Pods'
        ➜ Explicit dependency on target 'React-RuntimeHermes' in project 'Pods'
        ➜ Explicit dependency on target 'React-runtimescheduler' in project 'Pods'
        ➜ Explicit dependency on target 'React-utils' in project 'Pods'
        ➜ Explicit dependency on target 'ReactNativeDependencies' in project 'Pods'
    Target 'React-RuntimeHermes' in project 'Pods'
        ➜ Explicit dependency on target 'hermes-engine' in project 'Pods'
        ➜ Explicit dependency on target 'React-Core-prebuilt' in project 'Pods'
        ➜ Explicit dependency on target 'React-featureflags' in project 'Pods'
        ➜ Explicit dependency on target 'React-hermes' in project 'Pods'
        ➜ Explicit dependency on target 'React-jsi' in project 'Pods'
        ➜ Explicit dependency on target 'React-jsinspector' in project 'Pods'
        ➜ Explicit dependency on target 'React-jsinspectorcdp' in project 'Pods'
        ➜ Explicit dependency on target 'React-jsinspectortracing' in project 'Pods'
        ➜ Explicit dependency on target 'React-jsitooling' in project 'Pods'
        ➜ Explicit dependency on target 'React-jsitracing' in project 'Pods'
        ➜ Explicit dependency on target 'React-RuntimeCore' in project 'Pods'
        ➜ Explicit dependency on target 'React-runtimeexecutor' in project 'Pods'
        ➜ Explicit dependency on target 'React-utils' in project 'Pods'
        ➜ Explicit dependency on target 'ReactNativeDependencies' in project 'Pods'
    Target 'React-jsitracing' in project 'Pods'
        ➜ Explicit dependency on target 'React-jsi' in project 'Pods'
    Target 'React-RuntimeCore' in project 'Pods'
        ➜ Explicit dependency on target 'hermes-engine' in project 'Pods'
        ➜ Explicit dependency on target 'React-Core-prebuilt' in project 'Pods'
        ➜ Explicit dependency on target 'React-cxxreact' in project 'Pods'
        ➜ Explicit dependency on target 'React-Fabric' in project 'Pods'
        ➜ Explicit dependency on target 'React-featureflags' in project 'Pods'
        ➜ Explicit dependency on target 'React-jserrorhandler' in project 'Pods'
        ➜ Explicit dependency on target 'React-jsi' in project 'Pods'
        ➜ Explicit dependency on target 'React-jsiexecutor' in project 'Pods'
        ➜ Explicit dependency on target 'React-jsinspector' in project 'Pods'
        ➜ Explicit dependency on target 'React-jsitooling' in project 'Pods'
        ➜ Explicit dependency on target 'React-performancetimeline' in project 'Pods'
        ➜ Explicit dependency on target 'React-runtimeexecutor' in project 'Pods'
        ➜ Explicit dependency on target 'React-runtimescheduler' in project 'Pods'
        ➜ Explicit dependency on target 'React-utils' in project 'Pods'
        ➜ Explicit dependency on target 'ReactNativeDependencies' in project 'Pods'
    Target 'React-RCTRuntime' in project 'Pods'
        ➜ Explicit dependency on target 'React-Core-prebuilt' in project 'Pods'
    Target 'React-RCTFabric' in project 'Pods'
        ➜ Explicit dependency on target 'React-Core-prebuilt' in project 'Pods'
    Target 'React-hermes' in project 'Pods'
        ➜ Explicit dependency on target 'hermes-engine' in project 'Pods'
        ➜ Explicit dependency on target 'React-Core-prebuilt' in project 'Pods'
        ➜ Explicit dependency on target 'React-cxxreact' in project 'Pods'
        ➜ Explicit dependency on target 'React-jsi' in project 'Pods'
        ➜ Explicit dependency on target 'React-jsiexecutor' in project 'Pods'
        ➜ Explicit dependency on target 'React-jsinspector' in project 'Pods'
        ➜ Explicit dependency on target 'React-jsinspectorcdp' in project 'Pods'
        ➜ Explicit dependency on target 'React-jsinspectortracing' in project 'Pods'
        ➜ Explicit dependency on target 'React-jsitooling' in project 'Pods'
        ➜ Explicit dependency on target 'React-oscompat' in project 'Pods'
        ➜ Explicit dependency on target 'React-perflogger' in project 'Pods'
        ➜ Explicit dependency on target 'React-runtimeexecutor' in project 'Pods'
        ➜ Explicit dependency on target 'ReactNativeDependencies' in project 'Pods'
    Target 'React-defaultsnativemodule' in project 'Pods'
        ➜ Explicit dependency on target 'hermes-engine' in project 'Pods'
        ➜ Explicit dependency on target 'React-Core-prebuilt' in project 'Pods'
        ➜ Explicit dependency on target 'React-domnativemodule' in project 'Pods'
        ➜ Explicit dependency on target 'React-Fabric' in project 'Pods'
        ➜ Explicit dependency on target 'React-featureflags' in project 'Pods'
        ➜ Explicit dependency on target 'React-featureflagsnativemodule' in project 'Pods'
        ➜ Explicit dependency on target 'React-idlecallbacksnativemodule' in project 'Pods'
        ➜ Explicit dependency on target 'React-intersectionobservernativemodule' in project 'Pods'
        ➜ Explicit dependency on target 'React-jsi' in project 'Pods'
        ➜ Explicit dependency on target 'React-jsiexecutor' in project 'Pods'
        ➜ Explicit dependency on target 'React-microtasksnativemodule' in project 'Pods'
        ➜ Explicit dependency on target 'React-mutationobservernativemodule' in project 'Pods'
        ➜ Explicit dependency on target 'React-RCTFBReactNativeSpec' in project 'Pods'
        ➜ Explicit dependency on target 'React-viewtransitionnativemodule' in project 'Pods'
        ➜ Explicit dependency on target 'React-webperformancenativemodule' in project 'Pods'
        ➜ Explicit dependency on target 'ReactNativeDependencies' in project 'Pods'
        ➜ Explicit dependency on target 'Yoga' in project 'Pods'
    Target 'React-webperformancenativemodule' in project 'Pods'
        ➜ Explicit dependency on target 'hermes-engine' in project 'Pods'
        ➜ Explicit dependency on target 'React-bridging' in project 'Pods'
        ➜ Explicit dependency on target 'React-Core-prebuilt' in project 'Pods'
        ➜ Explicit dependency on target 'React-cxxreact' in project 'Pods'
        ➜ Explicit dependency on target 'React-jsi' in project 'Pods'
        ➜ Explicit dependency on target 'React-jsiexecutor' in project 'Pods'
        ➜ Explicit dependency on target 'React-performancetimeline' in project 'Pods'
        ➜ Explicit dependency on target 'React-RCTFBReactNativeSpec' in project 'Pods'
        ➜ Explicit dependency on target 'React-runtimeexecutor' in project 'Pods'
        ➜ Explicit dependency on target 'ReactCommon' in project 'Pods'
        ➜ Explicit dependency on target 'ReactNativeDependencies' in project 'Pods'
    Target 'React-viewtransitionnativemodule' in project 'Pods'
        ➜ Explicit dependency on target 'hermes-engine' in project 'Pods'
        ➜ Explicit dependency on target 'React-Core-prebuilt' in project 'Pods'
        ➜ Explicit dependency on target 'React-Fabric' in project 'Pods'
        ➜ Explicit dependency on target 'React-jsi' in project 'Pods'
        ➜ Explicit dependency on target 'React-jsiexecutor' in project 'Pods'
        ➜ Explicit dependency on target 'React-RCTFBReactNativeSpec' in project 'Pods'
        ➜ Explicit dependency on target 'React-runtimeexecutor' in project 'Pods'
        ➜ Explicit dependency on target 'ReactCommon' in project 'Pods'
        ➜ Explicit dependency on target 'ReactNativeDependencies' in project 'Pods'
        ➜ Explicit dependency on target 'Yoga' in project 'Pods'
    Target 'React-mutationobservernativemodule' in project 'Pods'
        ➜ Explicit dependency on target 'hermes-engine' in project 'Pods'
        ➜ Explicit dependency on target 'React-bridging' in project 'Pods'
        ➜ Explicit dependency on target 'React-Core-prebuilt' in project 'Pods'
        ➜ Explicit dependency on target 'React-cxxreact' in project 'Pods'
        ➜ Explicit dependency on target 'React-Fabric' in project 'Pods'
        ➜ Explicit dependency on target 'React-featureflags' in project 'Pods'
        ➜ Explicit dependency on target 'React-jsi' in project 'Pods'
        ➜ Explicit dependency on target 'React-jsiexecutor' in project 'Pods'
        ➜ Explicit dependency on target 'React-RCTFBReactNativeSpec' in project 'Pods'
        ➜ Explicit dependency on target 'React-runtimeexecutor' in project 'Pods'
        ➜ Explicit dependency on target 'ReactCommon' in project 'Pods'
        ➜ Explicit dependency on target 'ReactNativeDependencies' in project 'Pods'
        ➜ Explicit dependency on target 'Yoga' in project 'Pods'
    Target 'React-microtasksnativemodule' in project 'Pods'
        ➜ Explicit dependency on target 'hermes-engine' in project 'Pods'
        ➜ Explicit dependency on target 'React-Core-prebuilt' in project 'Pods'
        ➜ Explicit dependency on target 'React-jsi' in project 'Pods'
        ➜ Explicit dependency on target 'React-jsiexecutor' in project 'Pods'
        ➜ Explicit dependency on target 'React-RCTFBReactNativeSpec' in project 'Pods'
        ➜ Explicit dependency on target 'ReactCommon' in project 'Pods'
        ➜ Explicit dependency on target 'ReactNativeDependencies' in project 'Pods'
    Target 'React-intersectionobservernativemodule' in project 'Pods'
        ➜ Explicit dependency on target 'hermes-engine' in project 'Pods'
        ➜ Explicit dependency on target 'React-bridging' in project 'Pods'
        ➜ Explicit dependency on target 'React-Core-prebuilt' in project 'Pods'
        ➜ Explicit dependency on target 'React-cxxreact' in project 'Pods'
        ➜ Explicit dependency on target 'React-Fabric' in project 'Pods'
        ➜ Explicit dependency on target 'React-graphics' in project 'Pods'
        ➜ Explicit dependency on target 'React-jsi' in project 'Pods'
        ➜ Explicit dependency on target 'React-jsiexecutor' in project 'Pods'
        ➜ Explicit dependency on target 'React-RCTFBReactNativeSpec' in project 'Pods'
        ➜ Explicit dependency on target 'React-runtimeexecutor' in project 'Pods'
        ➜ Explicit dependency on target 'React-runtimescheduler' in project 'Pods'
        ➜ Explicit dependency on target 'ReactCommon' in project 'Pods'
        ➜ Explicit dependency on target 'ReactNativeDependencies' in project 'Pods'
        ➜ Explicit dependency on target 'Yoga' in project 'Pods'
    Target 'React-idlecallbacksnativemodule' in project 'Pods'
        ➜ Explicit dependency on target 'hermes-engine' in project 'Pods'
        ➜ Explicit dependency on target 'React-bridging' in project 'Pods'
        ➜ Explicit dependency on target 'React-Core-prebuilt' in project 'Pods'
        ➜ Explicit dependency on target 'React-jsi' in project 'Pods'
        ➜ Explicit dependency on target 'React-jsiexecutor' in project 'Pods'
        ➜ Explicit dependency on target 'React-RCTFBReactNativeSpec' in project 'Pods'
        ➜ Explicit dependency on target 'React-runtimeexecutor' in project 'Pods'
        ➜ Explicit dependency on target 'React-runtimescheduler' in project 'Pods'
        ➜ Explicit dependency on target 'ReactCommon' in project 'Pods'
        ➜ Explicit dependency on target 'ReactNativeDependencies' in project 'Pods'
    Target 'React-featureflagsnativemodule' in project 'Pods'
        ➜ Explicit dependency on target 'hermes-engine' in project 'Pods'
        ➜ Explicit dependency on target 'React-Core-prebuilt' in project 'Pods'
        ➜ Explicit dependency on target 'React-featureflags' in project 'Pods'
        ➜ Explicit dependency on target 'React-jsi' in project 'Pods'
        ➜ Explicit dependency on target 'React-jsiexecutor' in project 'Pods'
        ➜ Explicit dependency on target 'React-RCTFBReactNativeSpec' in project 'Pods'
        ➜ Explicit dependency on target 'ReactCommon' in project 'Pods'
        ➜ Explicit dependency on target 'ReactNativeDependencies' in project 'Pods'
    Target 'React-domnativemodule' in project 'Pods'
        ➜ Explicit dependency on target 'hermes-engine' in project 'Pods'
        ➜ Explicit dependency on target 'React-bridging' in project 'Pods'
        ➜ Explicit dependency on target 'React-Core-prebuilt' in project 'Pods'
        ➜ Explicit dependency on target 'React-Fabric' in project 'Pods'
        ➜ Explicit dependency on target 'React-FabricComponents' in project 'Pods'
        ➜ Explicit dependency on target 'React-graphics' in project 'Pods'
        ➜ Explicit dependency on target 'React-jsi' in project 'Pods'
        ➜ Explicit dependency on target 'React-jsiexecutor' in project 'Pods'
        ➜ Explicit dependency on target 'React-RCTFBReactNativeSpec' in project 'Pods'
        ➜ Explicit dependency on target 'React-runtimeexecutor' in project 'Pods'
        ➜ Explicit dependency on target 'ReactCommon' in project 'Pods'
        ➜ Explicit dependency on target 'ReactNativeDependencies' in project 'Pods'
        ➜ Explicit dependency on target 'Yoga' in project 'Pods'
    Target 'React-RCTAnimatedModuleProvider' in project 'Pods'
        ➜ Explicit dependency on target 'hermes-engine' in project 'Pods'
        ➜ Explicit dependency on target 'React-Core' in project 'Pods'
        ➜ Explicit dependency on target 'React-Core-prebuilt' in project 'Pods'
        ➜ Explicit dependency on target 'React-Fabric' in project 'Pods'
        ➜ Explicit dependency on target 'React-featureflags' in project 'Pods'
        ➜ Explicit dependency on target 'ReactCommon' in project 'Pods'
        ➜ Explicit dependency on target 'ReactNativeDependencies' in project 'Pods'
        ➜ Explicit dependency on target 'Yoga' in project 'Pods'
    Target 'React-Mapbuffer' in project 'Pods'
        ➜ Explicit dependency on target 'React-Core-prebuilt' in project 'Pods'
        ➜ Explicit dependency on target 'React-debug' in project 'Pods'
        ➜ Explicit dependency on target 'ReactNativeDependencies' in project 'Pods'
    Target 'React-FabricImage' in project 'Pods'
        ➜ Explicit dependency on target 'hermes-engine' in project 'Pods'
        ➜ Explicit dependency on target 'RCTRequired' in project 'Pods'
        ➜ Explicit dependency on target 'RCTTypeSafety' in project 'Pods'
        ➜ Explicit dependency on target 'React-Core-prebuilt' in project 'Pods'
        ➜ Explicit dependency on target 'React-Fabric' in project 'Pods'
        ➜ Explicit dependency on target 'React-featureflags' in project 'Pods'
        ➜ Explicit dependency on target 'React-graphics' in project 'Pods'
        ➜ Explicit dependency on target 'React-ImageManager' in project 'Pods'
        ➜ Explicit dependency on target 'React-jsi' in project 'Pods'
        ➜ Explicit dependency on target 'React-jsiexecutor' in project 'Pods'
        ➜ Explicit dependency on target 'React-logger' in project 'Pods'
        ➜ Explicit dependency on target 'React-rendererdebug' in project 'Pods'
        ➜ Explicit dependency on target 'React-utils' in project 'Pods'
        ➜ Explicit dependency on target 'ReactCommon' in project 'Pods'
        ➜ Explicit dependency on target 'ReactNativeDependencies' in project 'Pods'
        ➜ Explicit dependency on target 'Yoga' in project 'Pods'
    Target 'React-ImageManager' in project 'Pods'
        ➜ Explicit dependency on target 'React-Core' in project 'Pods'
        ➜ Explicit dependency on target 'React-Core-prebuilt' in project 'Pods'
        ➜ Explicit dependency on target 'React-debug' in project 'Pods'
        ➜ Explicit dependency on target 'React-Fabric' in project 'Pods'
        ➜ Explicit dependency on target 'React-graphics' in project 'Pods'
        ➜ Explicit dependency on target 'React-rendererdebug' in project 'Pods'
        ➜ Explicit dependency on target 'React-utils' in project 'Pods'
        ➜ Explicit dependency on target 'ReactNativeDependencies' in project 'Pods'
    Target 'React-FabricComponents' in project 'Pods'
        ➜ Explicit dependency on target 'hermes-engine' in project 'Pods'
        ➜ Explicit dependency on target 'RCTRequired' in project 'Pods'
        ➜ Explicit dependency on target 'RCTTypeSafety' in project 'Pods'
        ➜ Explicit dependency on target 'React-Core' in project 'Pods'
        ➜ Explicit dependency on target 'React-Core-prebuilt' in project 'Pods'
        ➜ Explicit dependency on target 'React-cxxreact' in project 'Pods'
        ➜ Explicit dependency on target 'React-debug' in project 'Pods'
        ➜ Explicit dependency on target 'React-Fabric' in project 'Pods'
        ➜ Explicit dependency on target 'React-featureflags' in project 'Pods'
        ➜ Explicit dependency on target 'React-graphics' in project 'Pods'
        ➜ Explicit dependency on target 'React-jsi' in project 'Pods'
        ➜ Explicit dependency on target 'React-jsiexecutor' in project 'Pods'
        ➜ Explicit dependency on target 'React-logger' in project 'Pods'
        ➜ Explicit dependency on target 'React-RCTFBReactNativeSpec' in project 'Pods'
        ➜ Explicit dependency on target 'React-rendererdebug' in project 'Pods'
        ➜ Explicit dependency on target 'React-runtimescheduler' in project 'Pods'
        ➜ Explicit dependency on target 'React-utils' in project 'Pods'
        ➜ Explicit dependency on target 'ReactCommon' in project 'Pods'
        ➜ Explicit dependency on target 'ReactNativeDependencies' in project 'Pods'
        ➜ Explicit dependency on target 'Yoga' in project 'Pods'
    Target 'React-CoreModules' in project 'Pods'
        ➜ Explicit dependency on target 'RCTTypeSafety' in project 'Pods'
        ➜ Explicit dependency on target 'React-Core' in project 'Pods'
        ➜ Explicit dependency on target 'React-Core-prebuilt' in project 'Pods'
        ➜ Explicit dependency on target 'React-debug' in project 'Pods'
        ➜ Explicit dependency on target 'React-featureflags' in project 'Pods'
        ➜ Explicit dependency on target 'React-jsi' in project 'Pods'
        ➜ Explicit dependency on target 'React-jsinspector' in project 'Pods'
        ➜ Explicit dependency on target 'React-jsinspectorcdp' in project 'Pods'
        ➜ Explicit dependency on target 'React-jsinspectortracing' in project 'Pods'
        ➜ Explicit dependency on target 'React-NativeModulesApple' in project 'Pods'
        ➜ Explicit dependency on target 'React-RCTBlob' in project 'Pods'
        ➜ Explicit dependency on target 'React-RCTFBReactNativeSpec' in project 'Pods'
        ➜ Explicit dependency on target 'React-RCTImage' in project 'Pods'
        ➜ Explicit dependency on target 'React-runtimeexecutor' in project 'Pods'
        ➜ Explicit dependency on target 'React-utils' in project 'Pods'
        ➜ Explicit dependency on target 'ReactCommon' in project 'Pods'
        ➜ Explicit dependency on target 'ReactNativeDependencies' in project 'Pods'
    Target 'React' in project 'Pods'
        ➜ Explicit dependency on target 'React-Core' in project 'Pods'
        ➜ Explicit dependency on target 'React-RCTActionSheet' in project 'Pods'
        ➜ Explicit dependency on target 'React-RCTAnimation' in project 'Pods'
        ➜ Explicit dependency on target 'React-RCTBlob' in project 'Pods'
        ➜ Explicit dependency on target 'React-RCTImage' in project 'Pods'
        ➜ Explicit dependency on target 'React-RCTLinking' in project 'Pods'
        ➜ Explicit dependency on target 'React-RCTNetwork' in project 'Pods'
        ➜ Explicit dependency on target 'React-RCTSettings' in project 'Pods'
        ➜ Explicit dependency on target 'React-RCTText' in project 'Pods'
        ➜ Explicit dependency on target 'React-RCTVibration' in project 'Pods'
    Target 'React-RCTVibration' in project 'Pods'
        ➜ Explicit dependency on target 'React-Core' in project 'Pods'
        ➜ Explicit dependency on target 'React-Core-prebuilt' in project 'Pods'
        ➜ Explicit dependency on target 'React-jsi' in project 'Pods'
        ➜ Explicit dependency on target 'React-NativeModulesApple' in project 'Pods'
        ➜ Explicit dependency on target 'React-RCTFBReactNativeSpec' in project 'Pods'
        ➜ Explicit dependency on target 'ReactCommon' in project 'Pods'
        ➜ Explicit dependency on target 'ReactNativeDependencies' in project 'Pods'
    Target 'React-RCTText' in project 'Pods'
        ➜ Explicit dependency on target 'React-Core' in project 'Pods'
        ➜ Explicit dependency on target 'Yoga' in project 'Pods'
    Target 'React-RCTSettings' in project 'Pods'
        ➜ Explicit dependency on target 'RCTTypeSafety' in project 'Pods'
        ➜ Explicit dependency on target 'React-Core' in project 'Pods'
        ➜ Explicit dependency on target 'React-Core-prebuilt' in project 'Pods'
        ➜ Explicit dependency on target 'React-jsi' in project 'Pods'
        ➜ Explicit dependency on target 'React-NativeModulesApple' in project 'Pods'
        ➜ Explicit dependency on target 'React-RCTFBReactNativeSpec' in project 'Pods'
        ➜ Explicit dependency on target 'ReactCommon' in project 'Pods'
        ➜ Explicit dependency on target 'ReactNativeDependencies' in project 'Pods'
    Target 'React-RCTLinking' in project 'Pods'
        ➜ Explicit dependency on target 'React-Core' in project 'Pods'
        ➜ Explicit dependency on target 'React-jsi' in project 'Pods'
        ➜ Explicit dependency on target 'React-NativeModulesApple' in project 'Pods'
        ➜ Explicit dependency on target 'React-RCTFBReactNativeSpec' in project 'Pods'
        ➜ Explicit dependency on target 'ReactCommon' in project 'Pods'
    Target 'React-RCTImage' in project 'Pods'
        ➜ Explicit dependency on target 'RCTTypeSafety' in project 'Pods'
        ➜ Explicit dependency on target 'React-Core' in project 'Pods'
        ➜ Explicit dependency on target 'React-Core-prebuilt' in project 'Pods'
        ➜ Explicit dependency on target 'React-jsi' in project 'Pods'
        ➜ Explicit dependency on target 'React-NativeModulesApple' in project 'Pods'
        ➜ Explicit dependency on target 'React-RCTFBReactNativeSpec' in project 'Pods'
        ➜ Explicit dependency on target 'React-RCTNetwork' in project 'Pods'
        ➜ Explicit dependency on target 'ReactCommon' in project 'Pods'
        ➜ Explicit dependency on target 'ReactNativeDependencies' in project 'Pods'
    Target 'React-RCTBlob' in project 'Pods'
        ➜ Explicit dependency on target 'hermes-engine' in project 'Pods'
        ➜ Explicit dependency on target 'React-Core' in project 'Pods'
        ➜ Explicit dependency on target 'React-Core-prebuilt' in project 'Pods'
        ➜ Explicit dependency on target 'React-jsi' in project 'Pods'
        ➜ Explicit dependency on target 'React-jsinspector' in project 'Pods'
        ➜ Explicit dependency on target 'React-jsinspectorcdp' in project 'Pods'
        ➜ Explicit dependency on target 'React-NativeModulesApple' in project 'Pods'
        ➜ Explicit dependency on target 'React-RCTFBReactNativeSpec' in project 'Pods'
        ➜ Explicit dependency on target 'React-RCTNetwork' in project 'Pods'
        ➜ Explicit dependency on target 'ReactCommon' in project 'Pods'
        ➜ Explicit dependency on target 'ReactNativeDependencies' in project 'Pods'
    Target 'React-RCTNetwork' in project 'Pods'
        ➜ Explicit dependency on target 'RCTTypeSafety' in project 'Pods'
        ➜ Explicit dependency on target 'React-Core' in project 'Pods'
        ➜ Explicit dependency on target 'React-Core-prebuilt' in project 'Pods'
        ➜ Explicit dependency on target 'React-debug' in project 'Pods'
        ➜ Explicit dependency on target 'React-featureflags' in project 'Pods'
        ➜ Explicit dependency on target 'React-jsi' in project 'Pods'
        ➜ Explicit dependency on target 'React-jsinspectorcdp' in project 'Pods'
        ➜ Explicit dependency on target 'React-jsinspectornetwork' in project 'Pods'
        ➜ Explicit dependency on target 'React-NativeModulesApple' in project 'Pods'
        ➜ Explicit dependency on target 'React-networking' in project 'Pods'
        ➜ Explicit dependency on target 'React-RCTFBReactNativeSpec' in project 'Pods'
        ➜ Explicit dependency on target 'ReactCommon' in project 'Pods'
        ➜ Explicit dependency on target 'ReactNativeDependencies' in project 'Pods'
    Target 'React-networking' in project 'Pods'
        ➜ Explicit dependency on target 'React-Core-prebuilt' in project 'Pods'
        ➜ Explicit dependency on target 'React-jsinspectornetwork' in project 'Pods'
        ➜ Explicit dependency on target 'React-jsinspectortracing' in project 'Pods'
        ➜ Explicit dependency on target 'React-performancetimeline' in project 'Pods'
        ➜ Explicit dependency on target 'React-timing' in project 'Pods'
        ➜ Explicit dependency on target 'ReactNativeDependencies' in project 'Pods'
    Target 'React-RCTAnimation' in project 'Pods'
        ➜ Explicit dependency on target 'RCTTypeSafety' in project 'Pods'
        ➜ Explicit dependency on target 'React-Core' in project 'Pods'
        ➜ Explicit dependency on target 'React-Core-prebuilt' in project 'Pods'
        ➜ Explicit dependency on target 'React-debug' in project 'Pods'
        ➜ Explicit dependency on target 'React-featureflags' in project 'Pods'
        ➜ Explicit dependency on target 'React-jsi' in project 'Pods'
        ➜ Explicit dependency on target 'React-NativeModulesApple' in project 'Pods'
        ➜ Explicit dependency on target 'React-RCTFBReactNativeSpec' in project 'Pods'
        ➜ Explicit dependency on target 'ReactCommon' in project 'Pods'
        ➜ Explicit dependency on target 'ReactNativeDependencies' in project 'Pods'
    Target 'React-RCTFBReactNativeSpec' in project 'Pods'
        ➜ Explicit dependency on target 'hermes-engine' in project 'Pods'
        ➜ Explicit dependency on target 'RCTRequired' in project 'Pods'
        ➜ Explicit dependency on target 'RCTTypeSafety' in project 'Pods'
        ➜ Explicit dependency on target 'React-bridging' in project 'Pods'
        ➜ Explicit dependency on target 'React-Core' in project 'Pods'
        ➜ Explicit dependency on target 'React-Core-prebuilt' in project 'Pods'
        ➜ Explicit dependency on target 'React-debug' in project 'Pods'
        ➜ Explicit dependency on target 'React-Fabric' in project 'Pods'
        ➜ Explicit dependency on target 'React-featureflags' in project 'Pods'
        ➜ Explicit dependency on target 'React-graphics' in project 'Pods'
        ➜ Explicit dependency on target 'React-jsi' in project 'Pods'
        ➜ Explicit dependency on target 'React-NativeModulesApple' in project 'Pods'
        ➜ Explicit dependency on target 'React-rendererdebug' in project 'Pods'
        ➜ Explicit dependency on target 'React-utils' in project 'Pods'
        ➜ Explicit dependency on target 'ReactCommon' in project 'Pods'
        ➜ Explicit dependency on target 'ReactNativeDependencies' in project 'Pods'
        ➜ Explicit dependency on target 'Yoga' in project 'Pods'
    Target 'React-Fabric' in project 'Pods'
        ➜ Explicit dependency on target 'hermes-engine' in project 'Pods'
        ➜ Explicit dependency on target 'RCTRequired' in project 'Pods'
        ➜ Explicit dependency on target 'RCTTypeSafety' in project 'Pods'
        ➜ Explicit dependency on target 'React-bridging' in project 'Pods'
        ➜ Explicit dependency on target 'React-Core' in project 'Pods'
        ➜ Explicit dependency on target 'React-Core-prebuilt' in project 'Pods'
        ➜ Explicit dependency on target 'React-cxxreact' in project 'Pods'
        ➜ Explicit dependency on target 'React-debug' in project 'Pods'
        ➜ Explicit dependency on target 'React-featureflags' in project 'Pods'
        ➜ Explicit dependency on target 'React-graphics' in project 'Pods'
        ➜ Explicit dependency on target 'React-jsi' in project 'Pods'
        ➜ Explicit dependency on target 'React-jsiexecutor' in project 'Pods'
        ➜ Explicit dependency on target 'React-jsinspectortracing' in project 'Pods'
        ➜ Explicit dependency on target 'React-logger' in project 'Pods'
        ➜ Explicit dependency on target 'React-performancecdpmetrics' in project 'Pods'
        ➜ Explicit dependency on target 'React-performancetimeline' in project 'Pods'
        ➜ Explicit dependency on target 'React-rendererconsistency' in project 'Pods'
        ➜ Explicit dependency on target 'React-renderercss' in project 'Pods'
        ➜ Explicit dependency on target 'React-rendererdebug' in project 'Pods'
        ➜ Explicit dependency on target 'React-runtimeexecutor' in project 'Pods'
        ➜ Explicit dependency on target 'React-runtimescheduler' in project 'Pods'
        ➜ Explicit dependency on target 'React-utils' in project 'Pods'
        ➜ Explicit dependency on target 'ReactCommon' in project 'Pods'
        ➜ Explicit dependency on target 'ReactNativeDependencies' in project 'Pods'
        ➜ Explicit dependency on target 'Yoga' in project 'Pods'
    Target 'Yoga' in project 'Pods'
        ➜ Explicit dependency on target 'React-Core-prebuilt' in project 'Pods'
    Target 'React-runtimescheduler' in project 'Pods'
        ➜ Explicit dependency on target 'hermes-engine' in project 'Pods'
        ➜ Explicit dependency on target 'React-callinvoker' in project 'Pods'
        ➜ Explicit dependency on target 'React-Core-prebuilt' in project 'Pods'
        ➜ Explicit dependency on target 'React-cxxreact' in project 'Pods'
        ➜ Explicit dependency on target 'React-debug' in project 'Pods'
        ➜ Explicit dependency on target 'React-featureflags' in project 'Pods'
        ➜ Explicit dependency on target 'React-jserrorhandler' in project 'Pods'
        ➜ Explicit dependency on target 'React-jsi' in project 'Pods'
        ➜ Explicit dependency on target 'React-jsinspectortracing' in project 'Pods'
        ➜ Explicit dependency on target 'React-performancetimeline' in project 'Pods'
        ➜ Explicit dependency on target 'React-rendererconsistency' in project 'Pods'
        ➜ Explicit dependency on target 'React-rendererdebug' in project 'Pods'
        ➜ Explicit dependency on target 'React-runtimeexecutor' in project 'Pods'
        ➜ Explicit dependency on target 'React-timing' in project 'Pods'
        ➜ Explicit dependency on target 'React-utils' in project 'Pods'
        ➜ Explicit dependency on target 'ReactNativeDependencies' in project 'Pods'
    Target 'React-renderercss' in project 'Pods'
        ➜ Explicit dependency on target 'React-debug' in project 'Pods'
        ➜ Explicit dependency on target 'React-utils' in project 'Pods'
    Target 'React-rendererconsistency' in project 'Pods' (no dependencies)
    Target 'React-performancecdpmetrics' in project 'Pods'
        ➜ Explicit dependency on target 'hermes-engine' in project 'Pods'
        ➜ Explicit dependency on target 'React-Core-prebuilt' in project 'Pods'
        ➜ Explicit dependency on target 'React-jsi' in project 'Pods'
        ➜ Explicit dependency on target 'React-performancetimeline' in project 'Pods'
        ➜ Explicit dependency on target 'React-runtimeexecutor' in project 'Pods'
        ➜ Explicit dependency on target 'React-timing' in project 'Pods'
        ➜ Explicit dependency on target 'ReactNativeDependencies' in project 'Pods'
    Target 'React-performancetimeline' in project 'Pods'
        ➜ Explicit dependency on target 'React-Core-prebuilt' in project 'Pods'
        ➜ Explicit dependency on target 'React-featureflags' in project 'Pods'
        ➜ Explicit dependency on target 'React-jsinspector' in project 'Pods'
        ➜ Explicit dependency on target 'React-jsinspectortracing' in project 'Pods'
        ➜ Explicit dependency on target 'React-perflogger' in project 'Pods'
        ➜ Explicit dependency on target 'React-timing' in project 'Pods'
        ➜ Explicit dependency on target 'ReactNativeDependencies' in project 'Pods'
    Target 'React-graphics' in project 'Pods'
        ➜ Explicit dependency on target 'hermes-engine' in project 'Pods'
        ➜ Explicit dependency on target 'React-Core-prebuilt' in project 'Pods'
        ➜ Explicit dependency on target 'React-featureflags' in project 'Pods'
        ➜ Explicit dependency on target 'React-jsi' in project 'Pods'
        ➜ Explicit dependency on target 'React-jsiexecutor' in project 'Pods'
        ➜ Explicit dependency on target 'React-rendererdebug' in project 'Pods'
        ➜ Explicit dependency on target 'React-utils' in project 'Pods'
        ➜ Explicit dependency on target 'ReactNativeDependencies' in project 'Pods'
    Target 'React-rendererdebug' in project 'Pods'
        ➜ Explicit dependency on target 'React-Core-prebuilt' in project 'Pods'
        ➜ Explicit dependency on target 'React-debug' in project 'Pods'
        ➜ Explicit dependency on target 'ReactNativeDependencies' in project 'Pods'
    Target 'React-jsiexecutor' in project 'Pods'
        ➜ Explicit dependency on target 'hermes-engine' in project 'Pods'
        ➜ Explicit dependency on target 'React-Core-prebuilt' in project 'Pods'
        ➜ Explicit dependency on target 'React-cxxreact' in project 'Pods'
        ➜ Explicit dependency on target 'React-debug' in project 'Pods'
        ➜ Explicit dependency on target 'React-jserrorhandler' in project 'Pods'
        ➜ Explicit dependency on target 'React-jsi' in project 'Pods'
        ➜ Explicit dependency on target 'React-jsinspector' in project 'Pods'
        ➜ Explicit dependency on target 'React-jsinspectorcdp' in project 'Pods'
        ➜ Explicit dependency on target 'React-jsinspectortracing' in project 'Pods'
        ➜ Explicit dependency on target 'React-jsitooling' in project 'Pods'
        ➜ Explicit dependency on target 'React-perflogger' in project 'Pods'
        ➜ Explicit dependency on target 'React-runtimeexecutor' in project 'Pods'
        ➜ Explicit dependency on target 'React-utils' in project 'Pods'
        ➜ Explicit dependency on target 'ReactNativeDependencies' in project 'Pods'
    Target 'React-jsitooling' in project 'Pods'
        ➜ Explicit dependency on target 'hermes-engine' in project 'Pods'
        ➜ Explicit dependency on target 'React-Core-prebuilt' in project 'Pods'
        ➜ Explicit dependency on target 'React-cxxreact' in project 'Pods'
        ➜ Explicit dependency on target 'React-debug' in project 'Pods'
        ➜ Explicit dependency on target 'React-jsi' in project 'Pods'
        ➜ Explicit dependency on target 'React-jsinspector' in project 'Pods'
        ➜ Explicit dependency on target 'React-jsinspectorcdp' in project 'Pods'
        ➜ Explicit dependency on target 'React-jsinspectortracing' in project 'Pods'
        ➜ Explicit dependency on target 'React-runtimeexecutor' in project 'Pods'
        ➜ Explicit dependency on target 'React-utils' in project 'Pods'
        ➜ Explicit dependency on target 'ReactNativeDependencies' in project 'Pods'
    Target 'React-NativeModulesApple' in project 'Pods'
        ➜ Explicit dependency on target 'hermes-engine' in project 'Pods'
        ➜ Explicit dependency on target 'React-bridging' in project 'Pods'
        ➜ Explicit dependency on target 'React-callinvoker' in project 'Pods'
        ➜ Explicit dependency on target 'React-Core' in project 'Pods'
        ➜ Explicit dependency on target 'React-Core-prebuilt' in project 'Pods'
        ➜ Explicit dependency on target 'React-cxxreact' in project 'Pods'
        ➜ Explicit dependency on target 'React-debug' in project 'Pods'
        ➜ Explicit dependency on target 'React-featureflags' in project 'Pods'
        ➜ Explicit dependency on target 'React-jsi' in project 'Pods'
        ➜ Explicit dependency on target 'React-jsinspector' in project 'Pods'
        ➜ Explicit dependency on target 'React-jsinspectorcdp' in project 'Pods'
        ➜ Explicit dependency on target 'React-runtimeexecutor' in project 'Pods'
        ➜ Explicit dependency on target 'ReactCommon' in project 'Pods'
        ➜ Explicit dependency on target 'ReactNativeDependencies' in project 'Pods'
    Target 'ReactCommon' in project 'Pods'
        ➜ Explicit dependency on target 'hermes-engine' in project 'Pods'
        ➜ Explicit dependency on target 'React-bridging' in project 'Pods'
        ➜ Explicit dependency on target 'React-callinvoker' in project 'Pods'
        ➜ Explicit dependency on target 'React-Core-prebuilt' in project 'Pods'
        ➜ Explicit dependency on target 'React-cxxreact' in project 'Pods'
        ➜ Explicit dependency on target 'React-debug' in project 'Pods'
        ➜ Explicit dependency on target 'React-featureflags' in project 'Pods'
        ➜ Explicit dependency on target 'React-jsi' in project 'Pods'
        ➜ Explicit dependency on target 'React-logger' in project 'Pods'
        ➜ Explicit dependency on target 'React-perflogger' in project 'Pods'
        ➜ Explicit dependency on target 'React-utils' in project 'Pods'
        ➜ Explicit dependency on target 'ReactNativeDependencies' in project 'Pods'
    Target 'React-cxxreact' in project 'Pods'
        ➜ Explicit dependency on target 'hermes-engine' in project 'Pods'
        ➜ Explicit dependency on target 'React-callinvoker' in project 'Pods'
        ➜ Explicit dependency on target 'React-Core-prebuilt' in project 'Pods'
        ➜ Explicit dependency on target 'React-cxxreact-React-cxxreact_privacy' in project 'Pods'
        ➜ Explicit dependency on target 'React-debug' in project 'Pods'
        ➜ Explicit dependency on target 'React-jserrorhandler' in project 'Pods'
        ➜ Explicit dependency on target 'React-jsi' in project 'Pods'
        ➜ Explicit dependency on target 'React-jsinspector' in project 'Pods'
        ➜ Explicit dependency on target 'React-jsinspectorcdp' in project 'Pods'
        ➜ Explicit dependency on target 'React-jsinspectortracing' in project 'Pods'
        ➜ Explicit dependency on target 'React-logger' in project 'Pods'
        ➜ Explicit dependency on target 'React-perflogger' in project 'Pods'
        ➜ Explicit dependency on target 'React-runtimeexecutor' in project 'Pods'
        ➜ Explicit dependency on target 'React-timing' in project 'Pods'
        ➜ Explicit dependency on target 'React-utils' in project 'Pods'
        ➜ Explicit dependency on target 'ReactNativeDependencies' in project 'Pods'
    Target 'React-logger' in project 'Pods'
        ➜ Explicit dependency on target 'React-Core-prebuilt' in project 'Pods'
        ➜ Explicit dependency on target 'ReactNativeDependencies' in project 'Pods'
    Target 'React-jsinspector' in project 'Pods'
        ➜ Explicit dependency on target 'hermes-engine' in project 'Pods'
        ➜ Explicit dependency on target 'React-Core-prebuilt' in project 'Pods'
        ➜ Explicit dependency on target 'React-featureflags' in project 'Pods'
        ➜ Explicit dependency on target 'React-jsi' in project 'Pods'
        ➜ Explicit dependency on target 'React-jsinspectorcdp' in project 'Pods'
        ➜ Explicit dependency on target 'React-jsinspectornetwork' in project 'Pods'
        ➜ Explicit dependency on target 'React-jsinspectortracing' in project 'Pods'
        ➜ Explicit dependency on target 'React-oscompat' in project 'Pods'
        ➜ Explicit dependency on target 'React-perflogger' in project 'Pods'
        ➜ Explicit dependency on target 'React-runtimeexecutor' in project 'Pods'
        ➜ Explicit dependency on target 'React-utils' in project 'Pods'
        ➜ Explicit dependency on target 'ReactNativeDependencies' in project 'Pods'
    Target 'React-runtimeexecutor' in project 'Pods'
        ➜ Explicit dependency on target 'React-Core-prebuilt' in project 'Pods'
        ➜ Explicit dependency on target 'React-debug' in project 'Pods'
        ➜ Explicit dependency on target 'React-featureflags' in project 'Pods'
        ➜ Explicit dependency on target 'React-jsi' in project 'Pods'
        ➜ Explicit dependency on target 'React-utils' in project 'Pods'
        ➜ Explicit dependency on target 'ReactNativeDependencies' in project 'Pods'
    Target 'React-perflogger' in project 'Pods'
        ➜ Explicit dependency on target 'React-Core-prebuilt' in project 'Pods'
        ➜ Explicit dependency on target 'ReactNativeDependencies' in project 'Pods'
    Target 'React-jsinspectortracing' in project 'Pods'
        ➜ Explicit dependency on target 'hermes-engine' in project 'Pods'
        ➜ Explicit dependency on target 'React-Core-prebuilt' in project 'Pods'
        ➜ Explicit dependency on target 'React-jsi' in project 'Pods'
        ➜ Explicit dependency on target 'React-jsinspectornetwork' in project 'Pods'
        ➜ Explicit dependency on target 'React-oscompat' in project 'Pods'
        ➜ Explicit dependency on target 'React-timing' in project 'Pods'
        ➜ Explicit dependency on target 'React-utils' in project 'Pods'
        ➜ Explicit dependency on target 'ReactNativeDependencies' in project 'Pods'
    Target 'React-utils' in project 'Pods'
        ➜ Explicit dependency on target 'hermes-engine' in project 'Pods'
        ➜ Explicit dependency on target 'React-Core-prebuilt' in project 'Pods'
        ➜ Explicit dependency on target 'React-debug' in project 'Pods'
        ➜ Explicit dependency on target 'React-jsi' in project 'Pods'
        ➜ Explicit dependency on target 'ReactNativeDependencies' in project 'Pods'
    Target 'React-oscompat' in project 'Pods' (no dependencies)
    Target 'React-jsinspectornetwork' in project 'Pods'
        ➜ Explicit dependency on target 'React-Core-prebuilt' in project 'Pods'
        ➜ Explicit dependency on target 'React-jsinspectorcdp' in project 'Pods'
        ➜ Explicit dependency on target 'ReactNativeDependencies' in project 'Pods'
    Target 'React-jsinspectorcdp' in project 'Pods'
        ➜ Explicit dependency on target 'React-Core-prebuilt' in project 'Pods'
        ➜ Explicit dependency on target 'ReactNativeDependencies' in project 'Pods'
    Target 'React-jserrorhandler' in project 'Pods'
        ➜ Explicit dependency on target 'hermes-engine' in project 'Pods'
        ➜ Explicit dependency on target 'React-bridging' in project 'Pods'
        ➜ Explicit dependency on target 'React-Core-prebuilt' in project 'Pods'
        ➜ Explicit dependency on target 'React-debug' in project 'Pods'
        ➜ Explicit dependency on target 'React-featureflags' in project 'Pods'
        ➜ Explicit dependency on target 'React-jsi' in project 'Pods'
        ➜ Explicit dependency on target 'ReactNativeDependencies' in project 'Pods'
    Target 'React-cxxreact-React-cxxreact_privacy' in project 'Pods' (no dependencies)
    Target 'React-bridging' in project 'Pods'
        ➜ Explicit dependency on target 'React-callinvoker' in project 'Pods'
        ➜ Explicit dependency on target 'React-Core-prebuilt' in project 'Pods'
        ➜ Explicit dependency on target 'React-jsi' in project 'Pods'
        ➜ Explicit dependency on target 'React-timing' in project 'Pods'
        ➜ Explicit dependency on target 'ReactNativeDependencies' in project 'Pods'
    Target 'React-timing' in project 'Pods'
        ➜ Explicit dependency on target 'React-debug' in project 'Pods'
        ➜ Explicit dependency on target 'React-timing-React-timing_privacy' in project 'Pods'
    Target 'React-timing-React-timing_privacy' in project 'Pods' (no dependencies)
    Target 'React-callinvoker' in project 'Pods' (no dependencies)
    Target 'React-jsi' in project 'Pods'
        ➜ Explicit dependency on target 'hermes-engine' in project 'Pods'
        ➜ Explicit dependency on target 'React-Core-prebuilt' in project 'Pods'
        ➜ Explicit dependency on target 'ReactNativeDependencies' in project 'Pods'
    Target 'hermes-engine' in project 'Pods' (no dependencies)
    Target 'React-featureflags' in project 'Pods'
        ➜ Explicit dependency on target 'React-Core-prebuilt' in project 'Pods'
        ➜ Explicit dependency on target 'ReactNativeDependencies' in project 'Pods'
    Target 'React-debug' in project 'Pods' (no dependencies)
    Target 'React-RCTActionSheet' in project 'Pods'
        ➜ Explicit dependency on target 'React-Core' in project 'Pods'
    Target 'RCTTypeSafety' in project 'Pods'
        ➜ Explicit dependency on target 'FBLazyVector' in project 'Pods'
        ➜ Explicit dependency on target 'RCTRequired' in project 'Pods'
        ➜ Explicit dependency on target 'React-Core' in project 'Pods'
    Target 'React-Core' in project 'Pods'
        ➜ Explicit dependency on target 'React-Core-prebuilt' in project 'Pods'
    Target 'RCTSwiftUIWrapper' in project 'Pods'
        ➜ Explicit dependency on target 'RCTSwiftUI' in project 'Pods'
    Target 'RCTSwiftUI' in project 'Pods' (no dependencies)
    Target 'RCTRequired' in project 'Pods'
        ➜ Explicit dependency on target 'React-Core-prebuilt' in project 'Pods'
    Target 'RCTDeprecation' in project 'Pods'
        ➜ Explicit dependency on target 'React-Core-prebuilt' in project 'Pods'
    Target 'RCT-Folly' in project 'Pods'
        ➜ Explicit dependency on target 'ReactNativeDependencies' in project 'Pods'
    Target 'FBLazyVector' in project 'Pods'
        ➜ Explicit dependency on target 'React-Core-prebuilt' in project 'Pods'
    Target 'React-Core-prebuilt' in project 'Pods'
        ➜ Explicit dependency on target 'ReactNativeDependencies' in project 'Pods'
    Target 'DoubleConversion' in project 'Pods'
        ➜ Explicit dependency on target 'ReactNativeDependencies' in project 'Pods'
    Target 'ReactNativeDependencies' in project 'Pods' (no dependencies)

GatherProvisioningInputs

CreateBuildDescription

ExecuteExternalTool /Applications/Xcode.app/Contents/Developer/Toolchains/XcodeDefault.xctoolchain/usr/bin/clang -v -E -dM -isysroot /Applications/Xcode.app/Contents/Developer/Platforms/iPhoneSimulator.platform/Developer/SDKs/iPhoneSimulator26.5.sdk -x c -c /dev/null

ExecuteExternalTool /Applications/Xcode.app/Contents/Developer/Toolchains/XcodeDefault.xctoolchain/usr/bin/clang -v -E -dM -arch arm64 -isysroot /Applications/Xcode.app/Contents/Developer/Platforms/iPhoneSimulator.platform/Developer/SDKs/iPhoneSimulator26.5.sdk -x c++ -c /dev/null

ExecuteExternalTool /Applications/Xcode.app/Contents/Developer/Toolchains/XcodeDefault.xctoolchain/usr/bin/clang -v -E -dM -arch arm64 -isysroot /Applications/Xcode.app/Contents/Developer/Platforms/iPhoneSimulator.platform/Developer/SDKs/iPhoneSimulator26.5.sdk -x objective-c++ -c /dev/null

ExecuteExternalTool /Applications/Xcode.app/Contents/Developer/Toolchains/XcodeDefault.xctoolchain/usr/bin/clang -v -E -dM -arch arm64 -isysroot /Applications/Xcode.app/Contents/Developer/Platforms/iPhoneSimulator.platform/Developer/SDKs/iPhoneSimulator26.5.sdk -x objective-c -c /dev/null

ExecuteExternalTool /Applications/Xcode.app/Contents/Developer/Toolchains/XcodeDefault.xctoolchain/usr/bin/clang -v -E -dM -arch arm64 -isysroot /Applications/Xcode.app/Contents/Developer/Platforms/iPhoneSimulator.platform/Developer/SDKs/iPhoneSimulator26.5.sdk -x c -c /dev/null

ExecuteExternalTool /Applications/Xcode.app/Contents/Developer/usr/bin/ibtool --version --output-format xml1

ExecuteExternalTool /Applications/Xcode.app/Contents/Developer/Toolchains/XcodeDefault.xctoolchain/usr/bin/swiftc --version

ExecuteExternalTool /Applications/Xcode.app/Contents/Developer/usr/bin/actool --print-asset-tag-combinations --output-format xml1 /Users/sanjaykumar/Desktop/Newfolder/VideoCallApp/ios/VideoCallApp/Images.xcassets

ExecuteExternalTool /Applications/Xcode.app/Contents/Developer/Toolchains/XcodeDefault.xctoolchain/usr/bin/libtool -V

ExecuteExternalTool /Applications/Xcode.app/Contents/Developer/usr/bin/actool --version --output-format xml1

ExecuteExternalTool /Applications/Xcode.app/Contents/Developer/Toolchains/XcodeDefault.xctoolchain/usr/bin/clang -v -E -dM -arch x86_64 -isysroot /Applications/Xcode.app/Contents/Developer/Platforms/iPhoneSimulator.platform/Developer/SDKs/iPhoneSimulator26.5.sdk -x objective-c -c /dev/null

ExecuteExternalTool /Applications/Xcode.app/Contents/Developer/Toolchains/XcodeDefault.xctoolchain/usr/bin/clang -v -E -dM -arch x86_64 -isysroot /Applications/Xcode.app/Contents/Developer/Platforms/iPhoneSimulator.platform/Developer/SDKs/iPhoneSimulator26.5.sdk -x objective-c++ -c /dev/null

ExecuteExternalTool /Applications/Xcode.app/Contents/Developer/Toolchains/XcodeDefault.xctoolchain/usr/bin/clang -v -E -dM -arch x86_64 -isysroot /Applications/Xcode.app/Contents/Developer/Platforms/iPhoneSimulator.platform/Developer/SDKs/iPhoneSimulator26.5.sdk -x c++ -c /dev/null

ExecuteExternalTool /Applications/Xcode.app/Contents/Developer/Toolchains/XcodeDefault.xctoolchain/usr/bin/clang -v -E -dM -arch x86_64 -isysroot /Applications/Xcode.app/Contents/Developer/Platforms/iPhoneSimulator.platform/Developer/SDKs/iPhoneSimulator26.5.sdk -x c -c /dev/null

ExecuteExternalTool /Applications/Xcode.app/Contents/Developer/Toolchains/XcodeDefault.xctoolchain/usr/bin/ld -version_details

Build description signature: c99f8fa1ee4df503305e229e7b0d25be
Build description path: /Users/sanjaykumar/Library/Developer/Xcode/DerivedData/VideoCallApp-evcapdoyusxvykgansyblgyjxatu/Build/Intermediates.noindex/XCBuildData/c99f8fa1ee4df503305e229e7b0d25be.xcbuilddata
ClangStatCache /Applications/Xcode.app/Contents/Developer/Toolchains/XcodeDefault.xctoolchain/usr/bin/clang-stat-cache /Applications/Xcode.app/Contents/Developer/Platforms/iPhoneSimulator.platform/Developer/SDKs/iPhoneSimulator26.5.sdk /Users/sanjaykumar/Library/Developer/Xcode/DerivedData/SDKStatCaches.noindex/iphonesimulator26.5-23F81a-6cfe768891a92b912361537c460fe42b.sdkstatcache
    cd /Users/sanjaykumar/Desktop/Newfolder/VideoCallApp/ios
    /Applications/Xcode.app/Contents/Developer/Toolchains/XcodeDefault.xctoolchain/usr/bin/clang-stat-cache /Applications/Xcode.app/Contents/Developer/Platforms/iPhoneSimulator.platform/Developer/SDKs/iPhoneSimulator26.5.sdk -o /Users/sanjaykumar/Library/Developer/Xcode/DerivedData/SDKStatCaches.noindex/iphonesimulator26.5-23F81a-6cfe768891a92b912361537c460fe42b.sdkstatcache

ProcessInfoPlistFile /Users/sanjaykumar/Library/Developer/Xcode/DerivedData/VideoCallApp-evcapdoyusxvykgansyblgyjxatu/Build/Products/Debug-iphonesimulator/React-timing/React-timing_privacy.bundle/Info.plist /Users/sanjaykumar/Desktop/Newfolder/VideoCallApp/ios/Pods/Target\ Support\ Files/React-timing/ResourceBundle-React-timing_privacy-React-timing-Info.plist (in target 'React-timing-React-timing_privacy' from project 'Pods')
    cd /Users/sanjaykumar/Desktop/Newfolder/VideoCallApp/ios/Pods
    builtin-infoPlistUtility /Users/sanjaykumar/Desktop/Newfolder/VideoCallApp/ios/Pods/Target\ Support\ Files/React-timing/ResourceBundle-React-timing_privacy-React-timing-Info.plist -producttype com.apple.product-type.bundle -expandbuildsettings -format binary -platform iphonesimulator -o /Users/sanjaykumar/Library/Developer/Xcode/DerivedData/VideoCallApp-evcapdoyusxvykgansyblgyjxatu/Build/Products/Debug-iphonesimulator/React-timing/React-timing_privacy.bundle/Info.plist

ProcessInfoPlistFile /Users/sanjaykumar/Library/Developer/Xcode/DerivedData/VideoCallApp-evcapdoyusxvykgansyblgyjxatu/Build/Products/Debug-iphonesimulator/React-cxxreact/React-cxxreact_privacy.bundle/Info.plist /Users/sanjaykumar/Desktop/Newfolder/VideoCallApp/ios/Pods/Target\ Support\ Files/React-cxxreact/ResourceBundle-React-cxxreact_privacy-React-cxxreact-Info.plist (in target 'React-cxxreact-React-cxxreact_privacy' from project 'Pods')
    cd /Users/sanjaykumar/Desktop/Newfolder/VideoCallApp/ios/Pods
    builtin-infoPlistUtility /Users/sanjaykumar/Desktop/Newfolder/VideoCallApp/ios/Pods/Target\ Support\ Files/React-cxxreact/ResourceBundle-React-cxxreact_privacy-React-cxxreact-Info.plist -producttype com.apple.product-type.bundle -expandbuildsettings -format binary -platform iphonesimulator -o /Users/sanjaykumar/Library/Developer/Xcode/DerivedData/VideoCallApp-evcapdoyusxvykgansyblgyjxatu/Build/Products/Debug-iphonesimulator/React-cxxreact/React-cxxreact_privacy.bundle/Info.plist

PhaseScriptExecution [CP-User]\ [Hermes]\ Replace\ Hermes\ for\ the\ right\ configuration,\ if\ needed /Users/sanjaykumar/Library/Developer/Xcode/DerivedData/VideoCallApp-evcapdoyusxvykgansyblgyjxatu/Build/Intermediates.noindex/Pods.build/Debug-iphonesimulator/hermes-engine.build/Script-46EB2E00012870.sh (in target 'hermes-engine' from project 'Pods')
    cd /Users/sanjaykumar/Desktop/Newfolder/VideoCallApp/ios/Pods
    export ACTION\=build
    export AD_HOC_CODE_SIGNING_ALLOWED\=YES
    export ALLOW_BUILD_REQUEST_OVERRIDES\=NO
    export ALLOW_TARGET_PLATFORM_SPECIALIZATION\=NO
    export ALTERNATE_GROUP\=staff
    export ALTERNATE_MODE\=u+w,go-w,a+rX
    export ALTERNATE_OWNER\=sanjaykumar
    export ALTERNATIVE_DISTRIBUTION_WEB\=NO
    export ALWAYS_EMBED_SWIFT_STANDARD_LIBRARIES\=NO
    export ALWAYS_SEARCH_USER_PATHS\=NO
    export ALWAYS_USE_SEPARATE_HEADERMAPS\=NO
    export ANDROID_DEPLOYMENT_TARGET\=21.0
    export APPLICATION_EXTENSION_API_ONLY\=NO
    export APPLY_RULES_IN_COPY_FILES\=NO
    export APPLY_RULES_IN_COPY_HEADERS\=NO
    export APP_SHORTCUTS_ENABLE_FLEXIBLE_MATCHING\=YES
    export ARCHS\=arm64\ x86_64
    export ARCHS_BASE\=arm64\ x86_64
    export ARCHS_STANDARD\=arm64\ x86_64
    export ARCHS_STANDARD_32_64_BIT\=arm64\ x86_64
    export ARCHS_STANDARD_64_BIT\=arm64\ x86_64
    export ARCHS_STANDARD_INCLUDING_64_BIT\=arm64\ x86_64
    export ARCHS_UNIVERSAL_IPHONE_OS\=arm64\ x86_64
    export ASSETCATALOG_COMPILER_APPICON_NAME\=AppIcon
    export ASSETCATALOG_COMPILER_GLOBAL_ACCENT_COLOR_NAME\=AccentColor
    export AUTOMATICALLY_MERGE_DEPENDENCIES\=NO
    export AUTOMATION_APPLE_EVENTS\=NO
    export AVAILABLE_PLATFORMS\=android\ appletvos\ appletvsimulator\ driverkit\ freebsd\ iphoneos\ iphonesimulator\ linux\ macosx\ none\ openbsd\ qnx\ watchos\ watchsimulator\ webassembly\ xros\ xrsimulator
    export BUILD_ACTIVE_RESOURCES_ONLY\=NO
    export BUILD_COMPONENTS\=headers\ build
    export BUILD_DIR\=/Users/sanjaykumar/Library/Developer/Xcode/DerivedData/VideoCallApp-evcapdoyusxvykgansyblgyjxatu/Build/Products
    export BUILD_LIBRARY_FOR_DISTRIBUTION\=NO
    export BUILD_ONLY_KNOWN_LOCALIZATIONS\=NO
    export BUILD_ROOT\=/Users/sanjaykumar/Library/Developer/Xcode/DerivedData/VideoCallApp-evcapdoyusxvykgansyblgyjxatu/Build/Products
    export BUILD_STYLE\=
    export BUILD_VARIANTS\=normal
    export BUILT_PRODUCTS_DIR\=/Users/sanjaykumar/Library/Developer/Xcode/DerivedData/VideoCallApp-evcapdoyusxvykgansyblgyjxatu/Build/Products/Debug-iphonesimulator/hermes-engine
    export BUNDLE_CONTENTS_FOLDER_PATH_deep\=Contents/
    export BUNDLE_EXECUTABLE_FOLDER_NAME_deep\=MacOS
    export BUNDLE_EXTENSIONS_FOLDER_PATH\=Extensions
    export BUNDLE_FORMAT\=shallow
    export BUNDLE_FRAMEWORKS_FOLDER_PATH\=Frameworks
    export BUNDLE_PLUGINS_FOLDER_PATH\=PlugIns
    export BUNDLE_PRIVATE_HEADERS_FOLDER_PATH\=PrivateHeaders
    export BUNDLE_PUBLIC_HEADERS_FOLDER_PATH\=Headers
    export CACHE_ROOT\=/var/folders/sn/z3_w_w8j68ld8k973yyhm92c0000gn/C/com.apple.DeveloperTools/26.6-17F113/Xcode
    export CCHROOT\=/var/folders/sn/z3_w_w8j68ld8k973yyhm92c0000gn/C/com.apple.DeveloperTools/26.6-17F113/Xcode
    export CHMOD\=/bin/chmod
    export CHOWN\=chown
    export CLANG_ANALYZER_LOCALIZABILITY_NONLOCALIZED\=YES
    export CLANG_ANALYZER_NONNULL\=YES
    export CLANG_ANALYZER_NUMBER_OBJECT_CONVERSION\=YES_AGGRESSIVE
    export CLANG_CACHE_FINE_GRAINED_OUTPUTS\=YES
    export CLANG_CXX_LANGUAGE_STANDARD\=c++20
    export CLANG_CXX_LIBRARY\=compiler-default
    export CLANG_ENABLE_EXPLICIT_MODULES\=YES
    export CLANG_ENABLE_MODULES\=YES
    export CLANG_ENABLE_OBJC_ARC\=YES
    export CLANG_ENABLE_OBJC_WEAK\=NO
    export CLANG_MODULES_BUILD_SESSION_FILE\=/Users/sanjaykumar/Library/Developer/Xcode/DerivedData/ModuleCache.noindex/Session.modulevalidation
    export CLANG_WARN_BLOCK_CAPTURE_AUTORELEASING\=YES
    export CLANG_WARN_BOOL_CONVERSION\=YES
    export CLANG_WARN_COMMA\=YES
    export CLANG_WARN_CONSTANT_CONVERSION\=YES
    export CLANG_WARN_DEPRECATED_OBJC_IMPLEMENTATIONS\=YES
    export CLANG_WARN_DIRECT_OBJC_ISA_USAGE\=YES_ERROR
    export CLANG_WARN_DOCUMENTATION_COMMENTS\=YES
    export CLANG_WARN_EMPTY_BODY\=YES
    export CLANG_WARN_ENUM_CONVERSION\=YES
    export CLANG_WARN_INFINITE_RECURSION\=YES
    export CLANG_WARN_INT_CONVERSION\=YES
    export CLANG_WARN_NON_LITERAL_NULL_CONVERSION\=YES
    export CLANG_WARN_OBJC_IMPLICIT_RETAIN_SELF\=YES
    export CLANG_WARN_OBJC_LITERAL_CONVERSION\=YES
    export CLANG_WARN_OBJC_ROOT_CLASS\=YES_ERROR
    export CLANG_WARN_QUOTED_INCLUDE_IN_FRAMEWORK_HEADER\=NO
    export CLANG_WARN_RANGE_LOOP_ANALYSIS\=YES
    export CLANG_WARN_STRICT_PROTOTYPES\=YES
    export CLANG_WARN_SUSPICIOUS_MOVE\=YES
    export CLANG_WARN_UNGUARDED_AVAILABILITY\=YES_AGGRESSIVE
    export CLANG_WARN_UNREACHABLE_CODE\=YES
    export CLANG_WARN__DUPLICATE_METHOD_MATCH\=YES
    export CLASS_FILE_DIR\=/Users/sanjaykumar/Library/Developer/Xcode/DerivedData/VideoCallApp-evcapdoyusxvykgansyblgyjxatu/Build/Intermediates.noindex/Pods.build/Debug-iphonesimulator/hermes-engine.build/JavaClasses
    export CLEAN_PRECOMPS\=YES
    export CLONE_HEADERS\=NO
    export CODESIGNING_FOLDER_PATH\=/Users/sanjaykumar/Library/Developer/Xcode/DerivedData/VideoCallApp-evcapdoyusxvykgansyblgyjxatu/Build/Products/Debug-iphonesimulator/hermes-engine/
    export CODE_SIGNING_ALLOWED\=NO
    export CODE_SIGNING_REQUIRED\=YES
    export CODE_SIGN_CONTEXT_CLASS\=XCiPhoneSimulatorCodeSignContext
    export CODE_SIGN_IDENTITY\=-
    export CODE_SIGN_INJECT_BASE_ENTITLEMENTS\=YES
    export COLOR_DIAGNOSTICS\=NO
    export COMBINE_HIDPI_IMAGES\=NO
    export COMPILATION_CACHE_CAS_PATH\=/Users/sanjaykumar/Library/Developer/Xcode/DerivedData/CompilationCache.noindex
    export COMPILATION_CACHE_KEEP_CAS_DIRECTORY\=YES
    export COMPILER_INDEX_STORE_ENABLE\=Default
    export COMPOSITE_SDK_DIRS\=/Users/sanjaykumar/Library/Developer/Xcode/DerivedData/VideoCallApp-evcapdoyusxvykgansyblgyjxatu/Build/Intermediates.noindex/CompositeSDKs
    export COMPRESS_PNG_FILES\=YES
    export CONFIGURATION\=Debug
    export CONFIGURATION_BUILD_DIR\=/Users/sanjaykumar/Library/Developer/Xcode/DerivedData/VideoCallApp-evcapdoyusxvykgansyblgyjxatu/Build/Products/Debug-iphonesimulator/hermes-engine
    export CONFIGURATION_TEMP_DIR\=/Users/sanjaykumar/Library/Developer/Xcode/DerivedData/VideoCallApp-evcapdoyusxvykgansyblgyjxatu/Build/Intermediates.noindex/Pods.build/Debug-iphonesimulator
    export COPYING_PRESERVES_HFS_DATA\=NO
    export COPY_HEADERS_RUN_UNIFDEF\=NO
    export COPY_PHASE_STRIP\=NO
    export CORRESPONDING_DEVICE_PLATFORM_DIR\=/Applications/Xcode.app/Contents/Developer/Platforms/iPhoneOS.platform
    export CORRESPONDING_DEVICE_PLATFORM_NAME\=iphoneos
    export CORRESPONDING_DEVICE_SDK_DIR\=/Applications/Xcode.app/Contents/Developer/Platforms/iPhoneOS.platform/Developer/SDKs/iPhoneOS26.5.sdk
    export CORRESPONDING_DEVICE_SDK_NAME\=iphoneos26.5
    export CP\=/bin/cp
    export CREATE_INFOPLIST_SECTION_IN_BINARY\=NO
    export CURRENT_ARCH\=undefined_arch
    export CURRENT_VARIANT\=normal
    export DEAD_CODE_STRIPPING\=YES
    export DEBUGGING_SYMBOLS\=YES
    export DEBUG_INFORMATION_FORMAT\=dwarf
    export DEBUG_INFORMATION_VERSION\=compiler-default
    export DEFAULT_COMPILER\=com.apple.compilers.llvm.clang.1_0
    export DEFAULT_DEXT_INSTALL_PATH\=/System/Library/DriverExtensions
    export DEFAULT_KEXT_INSTALL_PATH\=/System/Library/Extensions
    export DEFINES_MODULE\=NO
    export DEPLOYMENT_LOCATION\=NO
    export DEPLOYMENT_POSTPROCESSING\=NO
    export DEPLOYMENT_TARGET_SETTING_NAME\=IPHONEOS_DEPLOYMENT_TARGET
    export DEPLOYMENT_TARGET_SUGGESTED_VALUES\=12.0\ 12.1\ 12.2\ 12.3\ 12.4\ 13.0\ 13.1\ 13.2\ 13.3\ 13.4\ 13.5\ 13.6\ 14.0\ 14.1\ 14.2\ 14.3\ 14.4\ 14.5\ 14.6\ 14.7\ 15.0\ 15.1\ 15.2\ 15.3\ 15.4\ 15.5\ 15.6\ 16.0\ 16.1\ 16.2\ 16.3\ 16.4\ 16.5\ 16.6\ 17.0\ 17.1\ 17.2\ 17.3\ 17.4\ 17.5\ 17.6\ 18.0\ 18.1\ 18.2\ 18.3\ 18.4\ 18.5\ 18.6\ 26.0\ 26.2\ 26.3\ 26.4\ 26.5
    export DERIVED_FILES_DIR\=/Users/sanjaykumar/Library/Developer/Xcode/DerivedData/VideoCallApp-evcapdoyusxvykgansyblgyjxatu/Build/Intermediates.noindex/Pods.build/Debug-iphonesimulator/hermes-engine.build/DerivedSources
    export DERIVED_FILE_DIR\=/Users/sanjaykumar/Library/Developer/Xcode/DerivedData/VideoCallApp-evcapdoyusxvykgansyblgyjxatu/Build/Intermediates.noindex/Pods.build/Debug-iphonesimulator/hermes-engine.build/DerivedSources
    export DERIVED_SOURCES_DIR\=/Users/sanjaykumar/Library/Developer/Xcode/DerivedData/VideoCallApp-evcapdoyusxvykgansyblgyjxatu/Build/Intermediates.noindex/Pods.build/Debug-iphonesimulator/hermes-engine.build/DerivedSources
    export DEVELOPER_APPLICATIONS_DIR\=/Applications/Xcode.app/Contents/Developer/Applications
    export DEVELOPER_BIN_DIR\=/Applications/Xcode.app/Contents/Developer/usr/bin
    export DEVELOPER_DIR\=/Applications/Xcode.app/Contents/Developer
    export DEVELOPER_FRAMEWORKS_DIR\=/Applications/Xcode.app/Contents/Developer/Library/Frameworks
    export DEVELOPER_FRAMEWORKS_DIR_QUOTED\=/Applications/Xcode.app/Contents/Developer/Library/Frameworks
    export DEVELOPER_LIBRARY_DIR\=/Applications/Xcode.app/Contents/Developer/Library
    export DEVELOPER_SDK_DIR\=/Applications/Xcode.app/Contents/Developer/Platforms/MacOSX.platform/Developer/SDKs
    export DEVELOPER_TOOLS_DIR\=/Applications/Xcode.app/Contents/Developer/Tools
    export DEVELOPER_USR_DIR\=/Applications/Xcode.app/Contents/Developer/usr
    export DEVELOPMENT_LANGUAGE\=en
    export DIAGNOSE_MISSING_TARGET_DEPENDENCIES\=YES
    export DIFF\=/usr/bin/diff
    export DONT_GENERATE_INFOPLIST_FILE\=NO
    export DSTROOT\=/tmp/Pods.dst
    export DT_TOOLCHAIN_DIR\=/Applications/Xcode.app/Contents/Developer/Toolchains/XcodeDefault.xctoolchain
    export DUMP_DEPENDENCIES\=NO
    export DUMP_DEPENDENCIES_OUTPUT_PATH\=/Users/sanjaykumar/Library/Developer/Xcode/DerivedData/VideoCallApp-evcapdoyusxvykgansyblgyjxatu/Build/Intermediates.noindex/Pods.build/Debug-iphonesimulator/hermes-engine.build/hermes-engine-BuildDependencyInfo.json
    export DWARF_DSYM_FILE_NAME\=.dSYM
    export DWARF_DSYM_FILE_SHOULD_ACCOMPANY_PRODUCT\=NO
    export DWARF_DSYM_FOLDER_PATH\=/Users/sanjaykumar/Library/Developer/Xcode/DerivedData/VideoCallApp-evcapdoyusxvykgansyblgyjxatu/Build/Products/Debug-iphonesimulator/hermes-engine
    export DYNAMIC_LIBRARY_EXTENSION\=dylib
    export EAGER_COMPILATION_ALLOW_SCRIPTS\=NO
    export EAGER_LINKING\=NO
    export EFFECTIVE_PLATFORM_NAME\=-iphonesimulator
    export EFFECTIVE_SWIFT_VERSION\=5
    export EMBEDDED_CONTENT_CONTAINS_SWIFT\=NO
    export EMBED_ASSET_PACKS_IN_PRODUCT_BUNDLE\=NO
    export ENABLE_APP_SANDBOX\=NO
    export ENABLE_CODE_COVERAGE\=YES
    export ENABLE_COHORT_ARCHS\=NO
    export ENABLE_CPLUSPLUS_BOUNDS_SAFE_BUFFERS\=NO
    export ENABLE_C_BOUNDS_SAFETY\=NO
    export ENABLE_DEFAULT_HEADER_SEARCH_PATHS\=YES
    export ENABLE_DEFAULT_SEARCH_PATHS\=YES
    export ENABLE_ENHANCED_SECURITY\=NO
    export ENABLE_HARDENED_RUNTIME\=NO
    export ENABLE_HEADER_DEPENDENCIES\=YES
    export ENABLE_INCOMING_NETWORK_CONNECTIONS\=NO
    export ENABLE_ON_DEMAND_RESOURCES\=NO
    export ENABLE_OUTGOING_NETWORK_CONNECTIONS\=NO
    export ENABLE_POINTER_AUTHENTICATION\=NO
    export ENABLE_PREVIEWS\=NO
    export ENABLE_RESOURCE_ACCESS_AUDIO_INPUT\=NO
    export ENABLE_RESOURCE_ACCESS_BLUETOOTH\=NO
    export ENABLE_RESOURCE_ACCESS_CALENDARS\=NO
    export ENABLE_RESOURCE_ACCESS_CAMERA\=NO
    export ENABLE_RESOURCE_ACCESS_CONTACTS\=NO
    export ENABLE_RESOURCE_ACCESS_LOCATION\=NO
    export ENABLE_RESOURCE_ACCESS_PHOTO_LIBRARY\=NO
    export ENABLE_RESOURCE_ACCESS_PRINTING\=NO
    export ENABLE_RESOURCE_ACCESS_USB\=NO
    export ENABLE_SDK_IMPORTS\=NO
    export ENABLE_SECURITY_COMPILER_WARNINGS\=NO
    export ENABLE_STRICT_OBJC_MSGSEND\=YES
    export ENABLE_TESTABILITY\=YES
    export ENABLE_TESTING_SEARCH_PATHS\=NO
    export ENABLE_USER_SCRIPT_SANDBOXING\=NO
    export ENABLE_XOJIT_PREVIEWS\=YES
    export ENFORCE_VALID_ARCHS\=YES
    export ENTITLEMENTS_DESTINATION\=__entitlements
    export ENTITLEMENTS_REQUIRED\=YES
    export EXCLUDED_INSTALLSRC_SUBDIRECTORY_PATTERNS\=.DS_Store\ .svn\ .git\ .hg\ CVS
    export EXCLUDED_RECURSIVE_SEARCH_PATH_SUBDIRECTORIES\=\*.nib\ \*.lproj\ \*.framework\ \*.gch\ \*.xcode\*\ \*.xcassets\ \*.icon\ \(\*\)\ .DS_Store\ CVS\ .svn\ .git\ .hg\ \*.pbproj\ \*.pbxproj
    export FILE_LIST\=/Users/sanjaykumar/Library/Developer/Xcode/DerivedData/VideoCallApp-evcapdoyusxvykgansyblgyjxatu/Build/Intermediates.noindex/Pods.build/Debug-iphonesimulator/hermes-engine.build/Objects/LinkFileList
    export FIXED_FILES_DIR\=/Users/sanjaykumar/Library/Developer/Xcode/DerivedData/VideoCallApp-evcapdoyusxvykgansyblgyjxatu/Build/Intermediates.noindex/Pods.build/Debug-iphonesimulator/hermes-engine.build/FixedFiles
    export FRAMEWORK_SEARCH_PATHS\=\ \"/Users/sanjaykumar/Desktop/Newfolder/VideoCallApp/ios/Pods/hermes-engine/destroot/Library/Frameworks/universal\"\ \"/Users/sanjaykumar/Library/Developer/Xcode/DerivedData/VideoCallApp-evcapdoyusxvykgansyblgyjxatu/Build/Products/Debug-iphonesimulator/XCFrameworkIntermediates/hermes-engine/Pre-built\"
    export FRAMEWORK_VERSION\=A
    export FUSE_BUILD_PHASES\=YES
    export FUSE_BUILD_SCRIPT_PHASES\=NO
    export GCC3_VERSION\=3.3
    export GCC_C_LANGUAGE_STANDARD\=gnu11
    export GCC_DYNAMIC_NO_PIC\=NO
    export GCC_NO_COMMON_BLOCKS\=YES
    export GCC_OBJC_LEGACY_DISPATCH\=YES
    export GCC_OPTIMIZATION_LEVEL\=0
    export GCC_PFE_FILE_C_DIALECTS\=c\ objective-c\ c++\ objective-c++
    export GCC_PREPROCESSOR_DEFINITIONS\=POD_CONFIGURATION_DEBUG\=1\ DEBUG\=1\ \ COCOAPODS\=1\ HERMES_ENABLE_DEBUGGER\=1
    export GCC_TREAT_WARNINGS_AS_ERRORS\=NO
    export GCC_VERSION\=com.apple.compilers.llvm.clang.1_0
    export GCC_VERSION_IDENTIFIER\=com_apple_compilers_llvm_clang_1_0
    export GCC_WARN_64_TO_32_BIT_CONVERSION\=YES
    export GCC_WARN_ABOUT_RETURN_TYPE\=YES_ERROR
    export GCC_WARN_INHIBIT_ALL_WARNINGS\=YES
    export GCC_WARN_UNDECLARED_SELECTOR\=YES
    export GCC_WARN_UNINITIALIZED_AUTOS\=YES_AGGRESSIVE
    export GCC_WARN_UNUSED_FUNCTION\=YES
    export GCC_WARN_UNUSED_VARIABLE\=YES
    export GENERATED_MODULEMAP_DIR\=/Users/sanjaykumar/Library/Developer/Xcode/DerivedData/VideoCallApp-evcapdoyusxvykgansyblgyjxatu/Build/Intermediates.noindex/GeneratedModuleMaps-iphonesimulator
    export GENERATE_INFOPLIST_FILE\=NO
    export GENERATE_INTERMEDIATE_TEXT_BASED_STUBS\=YES
    export GENERATE_PKGINFO_FILE\=NO
    export GENERATE_PRELINK_OBJECT_FILE\=NO
    export GENERATE_PROFILING_CODE\=NO
    export GENERATE_TEXT_BASED_STUBS\=NO
    export GID\=20
    export GROUP\=staff
    export HEADERMAP_INCLUDES_FLAT_ENTRIES_FOR_TARGET_BEING_BUILT\=YES
    export HEADERMAP_INCLUDES_FRAMEWORK_ENTRIES_FOR_ALL_PRODUCT_TYPES\=YES
    export HEADERMAP_INCLUDES_FRAMEWORK_ENTRIES_FOR_TARGETS_NOT_BEING_BUILT\=YES
    export HEADERMAP_INCLUDES_NONPUBLIC_NONPRIVATE_HEADERS\=YES
    export HEADERMAP_INCLUDES_PROJECT_HEADERS\=YES
    export HEADERMAP_USES_FRAMEWORK_PREFIX_ENTRIES\=YES
    export HEADERMAP_USES_VFS\=NO
    export HEADER_SEARCH_PATHS\=\ \"/Users/sanjaykumar/Desktop/Newfolder/VideoCallApp/ios/Pods/Headers/Private\"\ \"/Users/sanjaykumar/Desktop/Newfolder/VideoCallApp/ios/Pods/Headers/Private/hermes-engine\"\ \"/Users/sanjaykumar/Desktop/Newfolder/VideoCallApp/ios/Pods/Headers/Public\"\ \"/Users/sanjaykumar/Desktop/Newfolder/VideoCallApp/ios/Pods/Headers/Public/hermes-engine\"\ \"/Users/sanjaykumar/Desktop/Newfolder/VideoCallApp/ios/Pods/React-Core-prebuilt/Headers\"\ \"/Users/sanjaykumar/Desktop/Newfolder/VideoCallApp/ios/Pods/ReactNativeDependencies/Headers\"
    export HOME\=/Users/sanjaykumar
    export HOST_ARCH\=arm64
    export HOST_PLATFORM\=macosx
    export ICONV\=/usr/bin/iconv
    export IMPLICIT_DEPENDENCY_DOMAIN\=default
    export INDEX_STORE_COMPRESS\=NO
    export INDEX_STORE_ONLY_PROJECT_FILES\=NO
    export INFOPLIST_ENABLE_CFBUNDLEICONS_MERGE\=YES
    export INFOPLIST_EXPAND_BUILD_SETTINGS\=YES
    export INFOPLIST_OUTPUT_FORMAT\=binary
    export INFOPLIST_PREPROCESS\=NO
    export INLINE_PRIVATE_FRAMEWORKS\=NO
    export INSTALLAPI_IGNORE_SKIP_INSTALL\=YES
    export INSTALLHDRS_COPY_PHASE\=NO
    export INSTALLHDRS_SCRIPT_PHASE\=NO
    export INSTALL_DIR\=/tmp/Pods.dst
    export INSTALL_GROUP\=staff
    export INSTALL_MODE_FLAG\=u+w,go-w,a+rX
    export INSTALL_OWNER\=sanjaykumar
    export INSTALL_ROOT\=/tmp/Pods.dst
    export IPHONEOS_DEPLOYMENT_TARGET\=15.1
    export IS_UNOPTIMIZED_BUILD\=YES
    export JAVAC_DEFAULT_FLAGS\=-J-Xms64m\ -J-XX:NewSize\=4M\ -J-Dfile.encoding\=UTF8
    export JAVA_APP_STUB\=/System/Library/Frameworks/JavaVM.framework/Resources/MacOS/JavaApplicationStub
    export JAVA_ARCHIVE_CLASSES\=YES
    export JAVA_ARCHIVE_TYPE\=JAR
    export JAVA_COMPILER\=/usr/bin/javac
    export JAVA_FRAMEWORK_RESOURCES_DIRS\=Resources
    export JAVA_JAR_FLAGS\=cv
    export JAVA_SOURCE_SUBDIR\=.
    export JAVA_USE_DEPENDENCIES\=YES
    export JAVA_ZIP_FLAGS\=-urg
    export JIKES_DEFAULT_FLAGS\=+E\ +OLDCSO
    export KEEP_PRIVATE_EXTERNS\=NO
    export LD_DEPENDENCY_INFO_FILE\=/Users/sanjaykumar/Library/Developer/Xcode/DerivedData/VideoCallApp-evcapdoyusxvykgansyblgyjxatu/Build/Intermediates.noindex/Pods.build/Debug-iphonesimulator/hermes-engine.build/Objects-normal/undefined_arch/hermes-engine_dependency_info.dat
    export LD_EXPORT_SYMBOLS\=YES
    export LD_GENERATE_MAP_FILE\=NO
    export LD_MAP_FILE_PATH\=/Users/sanjaykumar/Library/Developer/Xcode/DerivedData/VideoCallApp-evcapdoyusxvykgansyblgyjxatu/Build/Intermediates.noindex/Pods.build/Debug-iphonesimulator/hermes-engine.build/hermes-engine-LinkMap-normal-undefined_arch.txt
    export LD_NO_PIE\=NO
    export LD_QUOTE_LINKER_ARGUMENTS_FOR_COMPILER_DRIVER\=YES
    export LD_RUNPATH_SEARCH_PATHS\=\ @executable_path/Frameworks
    export LD_SHARED_CACHE_ELIGIBLE\=Automatic
    export LD_WARN_DUPLICATE_LIBRARIES\=NO
    export LD_WARN_UNUSED_DYLIBS\=NO
    export LEGACY_DEVELOPER_DIR\=/Applications/Xcode.app/Contents/PlugIns/Xcode3Core.ideplugin/Contents/SharedSupport/Developer
    export LEX\=lex
    export LIBRARY_DEXT_INSTALL_PATH\=/Library/DriverExtensions
    export LIBRARY_FLAG_NOSPACE\=YES
    export LIBRARY_KEXT_INSTALL_PATH\=/Library/Extensions
    export LINKER_DISPLAYS_MANGLED_NAMES\=NO
    export LINK_FILE_LIST_normal_arm64\=/Users/sanjaykumar/Library/Developer/Xcode/DerivedData/VideoCallApp-evcapdoyusxvykgansyblgyjxatu/Build/Intermediates.noindex/Pods.build/Debug-iphonesimulator/hermes-engine.build/Objects-normal/arm64/hermes-engine.LinkFileList
    export LINK_FILE_LIST_normal_x86_64\=/Users/sanjaykumar/Library/Developer/Xcode/DerivedData/VideoCallApp-evcapdoyusxvykgansyblgyjxatu/Build/Intermediates.noindex/Pods.build/Debug-iphonesimulator/hermes-engine.build/Objects-normal/x86_64/hermes-engine.LinkFileList
    export LINK_OBJC_RUNTIME\=YES
    export LINK_WITH_STANDARD_LIBRARIES\=YES
    export LLVM_TARGET_TRIPLE_OS_VERSION\=ios15.1
    export LLVM_TARGET_TRIPLE_SUFFIX\=-simulator
    export LLVM_TARGET_TRIPLE_VENDOR\=apple
    export LM_AUX_CONST_METADATA_LIST_PATH_normal_arm64\=/Users/sanjaykumar/Library/Developer/Xcode/DerivedData/VideoCallApp-evcapdoyusxvykgansyblgyjxatu/Build/Intermediates.noindex/Pods.build/Debug-iphonesimulator/hermes-engine.build/Objects-normal/arm64/hermes-engine.SwiftConstValuesFileList
    export LM_AUX_CONST_METADATA_LIST_PATH_normal_x86_64\=/Users/sanjaykumar/Library/Developer/Xcode/DerivedData/VideoCallApp-evcapdoyusxvykgansyblgyjxatu/Build/Intermediates.noindex/Pods.build/Debug-iphonesimulator/hermes-engine.build/Objects-normal/x86_64/hermes-engine.SwiftConstValuesFileList
    export LOCALIZATION_EXPORT_SUPPORTED\=YES
    export LOCALIZATION_PREFERS_STRING_CATALOGS\=NO
    export LOCALIZED_STRING_CODE_COMMENTS\=NO
    export LOCALIZED_STRING_MACRO_NAMES\=NSLocalizedString\ CFCopyLocalizedString
    export LOCALIZED_STRING_SWIFTUI_SUPPORT\=YES
    export LOCAL_ADMIN_APPS_DIR\=/Applications/Utilities
    export LOCAL_APPS_DIR\=/Applications
    export LOCAL_DEVELOPER_DIR\=/Library/Developer
    export LOCAL_LIBRARY_DIR\=/Library
    export LOCROOT\=/Users/sanjaykumar/Desktop/Newfolder/VideoCallApp/ios/Pods
    export LOCSYMROOT\=/Users/sanjaykumar/Desktop/Newfolder/VideoCallApp/ios/Pods
    export MAC_OS_X_PRODUCT_BUILD_VERSION\=25G83
    export MAC_OS_X_VERSION_ACTUAL\=260602
    export MAC_OS_X_VERSION_MAJOR\=260000
    export MAC_OS_X_VERSION_MINOR\=260600
    export MAKE_MERGEABLE\=NO
    export MERGEABLE_LIBRARY\=NO
    export MERGED_BINARY_TYPE\=none
    export MERGE_LINKED_LIBRARIES\=NO
    export METAL_LIBRARY_FILE_BASE\=default
    export METAL_LIBRARY_OUTPUT_DIR\=/Users/sanjaykumar/Library/Developer/Xcode/DerivedData/VideoCallApp-evcapdoyusxvykgansyblgyjxatu/Build/Products/Debug-iphonesimulator/hermes-engine/
    export MODULE_CACHE_DIR\=/Users/sanjaykumar/Library/Developer/Xcode/DerivedData/ModuleCache.noindex
    export MTL_ENABLE_DEBUG_INFO\=INCLUDE_SOURCE
    export MTL_FAST_MATH\=YES
    export NATIVE_ARCH\=arm64
    export NATIVE_ARCH_32_BIT\=arm
    export NATIVE_ARCH_64_BIT\=arm64
    export NATIVE_ARCH_ACTUAL\=arm64
    export NO_COMMON\=YES
    export OBJC_ABI_VERSION\=2
    export OBJECT_FILE_DIR\=/Users/sanjaykumar/Library/Developer/Xcode/DerivedData/VideoCallApp-evcapdoyusxvykgansyblgyjxatu/Build/Intermediates.noindex/Pods.build/Debug-iphonesimulator/hermes-engine.build/Objects
    export OBJECT_FILE_DIR_normal\=/Users/sanjaykumar/Library/Developer/Xcode/DerivedData/VideoCallApp-evcapdoyusxvykgansyblgyjxatu/Build/Intermediates.noindex/Pods.build/Debug-iphonesimulator/hermes-engine.build/Objects-normal
    export OBJROOT\=/Users/sanjaykumar/Library/Developer/Xcode/DerivedData/VideoCallApp-evcapdoyusxvykgansyblgyjxatu/Build/Intermediates.noindex
    export ONLY_ACTIVE_ARCH\=NO
    export OS\=MACOS
    export OSAC\=/usr/bin/osacompile
    export OTHER_CFLAGS\=\ -DRCT_REMOVE_LEGACY_ARCH\=1\ \"-fmodule-map-file\=/Users/sanjaykumar/Desktop/Newfolder/VideoCallApp/ios/Pods/React-Core-prebuilt/Headers/module.modulemap\"
    export OTHER_CPLUSPLUSFLAGS\=\ -DRCT_REMOVE_LEGACY_ARCH\=1\ \"-fmodule-map-file\=/Users/sanjaykumar/Desktop/Newfolder/VideoCallApp/ios/Pods/React-Core-prebuilt/Headers/module.modulemap\"\ -DRCT_REMOVE_LEGACY_ARCH\=1\ \"-fmodule-map-file\=/Users/sanjaykumar/Desktop/Newfolder/VideoCallApp/ios/Pods/React-Core-prebuilt/Headers/module.modulemap\"
    export OTHER_SWIFT_FLAGS\=\ -Xcc\ -Wno-incomplete-umbrella\ -Xcc\ \"-fmodule-map-file\=/Users/sanjaykumar/Desktop/Newfolder/VideoCallApp/ios/Pods/React-Core-prebuilt/Headers/module.modulemap\"
    export PASCAL_STRINGS\=YES
    export PATH\=/Applications/Xcode.app/Contents/SharedFrameworks/SwiftBuild.framework/Versions/A/PlugIns/SWBBuildService.bundle/Contents/PlugIns/SWBUniversalPlatformPlugin.bundle/Contents/Frameworks/SWBUniversalPlatform.framework/Resources:/Applications/Xcode.app/Contents/Developer/Toolchains/XcodeDefault.xctoolchain/usr/bin:/Applications/Xcode.app/Contents/Developer/Toolchains/XcodeDefault.xctoolchain/usr/local/bin:/Applications/Xcode.app/Contents/Developer/Toolchains/XcodeDefault.xctoolchain/usr/libexec:/Applications/Xcode.app/Contents/Developer/Platforms/iPhoneSimulator.platform/usr/bin:/Applications/Xcode.app/Contents/Developer/Platforms/iPhoneSimulator.platform/usr/local/bin:/Applications/Xcode.app/Contents/Developer/Platforms/iPhoneSimulator.platform/Developer/usr/bin:/Applications/Xcode.app/Contents/Developer/Platforms/iPhoneSimulator.platform/Developer/usr/local/bin:/Applications/Xcode.app/Contents/Developer/usr/bin:/Applications/Xcode.app/Contents/Developer/usr/local/bin:/Users/sanjaykumar/.gemini/antigravity-ide/bin:/Users/sanjaykumar/.antigravity-ide/antigravity-ide/bin:/Users/sanjaykumar/.antigravity/antigravity/bin:/opt/homebrew/bin:/opt/homebrew/sbin:/usr/local/bin:/System/Cryptexes/App/usr/bin:/usr/bin:/bin:/usr/sbin:/sbin:/var/run/com.apple.security.cryptexd/codex.system/bootstrap/usr/local/bin:/var/run/com.apple.security.cryptexd/codex.system/bootstrap/usr/bin:/var/run/com.apple.security.cryptexd/codex.system/bootstrap/usr/appleinternal/bin:/pkg/env/global/bin:/Library/Apple/usr/bin
    export PATH_PREFIXES_EXCLUDED_FROM_HEADER_DEPENDENCIES\=/usr/include\ /usr/local/include\ /System/Library/Frameworks\ /System/Library/PrivateFrameworks\ /Applications/Xcode.app/Contents/Developer/Headers\ /Applications/Xcode.app/Contents/Developer/SDKs\ /Applications/Xcode.app/Contents/Developer/Platforms
    export PER_ARCH_MODULE_FILE_DIR\=/Users/sanjaykumar/Library/Developer/Xcode/DerivedData/VideoCallApp-evcapdoyusxvykgansyblgyjxatu/Build/Intermediates.noindex/Pods.build/Debug-iphonesimulator/hermes-engine.build/Objects-normal/undefined_arch
    export PER_ARCH_OBJECT_FILE_DIR\=/Users/sanjaykumar/Library/Developer/Xcode/DerivedData/VideoCallApp-evcapdoyusxvykgansyblgyjxatu/Build/Intermediates.noindex/Pods.build/Debug-iphonesimulator/hermes-engine.build/Objects-normal/undefined_arch
    export PER_VARIANT_OBJECT_FILE_DIR\=/Users/sanjaykumar/Library/Developer/Xcode/DerivedData/VideoCallApp-evcapdoyusxvykgansyblgyjxatu/Build/Intermediates.noindex/Pods.build/Debug-iphonesimulator/hermes-engine.build/Objects-normal
    export PKGINFO_FILE_PATH\=/Users/sanjaykumar/Library/Developer/Xcode/DerivedData/VideoCallApp-evcapdoyusxvykgansyblgyjxatu/Build/Intermediates.noindex/Pods.build/Debug-iphonesimulator/hermes-engine.build/PkgInfo
    export PLATFORM_DEVELOPER_APPLICATIONS_DIR\=/Applications/Xcode.app/Contents/Developer/Platforms/iPhoneSimulator.platform/Developer/Applications
    export PLATFORM_DEVELOPER_BIN_DIR\=/Applications/Xcode.app/Contents/Developer/Platforms/iPhoneSimulator.platform/Developer/usr/bin
    export PLATFORM_DEVELOPER_LIBRARY_DIR\=/Applications/Xcode.app/Contents/Developer/Platforms/iPhoneSimulator.platform/Developer/Library
    export PLATFORM_DEVELOPER_SDK_DIR\=/Applications/Xcode.app/Contents/Developer/Platforms/iPhoneSimulator.platform/Developer/SDKs
    export PLATFORM_DEVELOPER_TOOLS_DIR\=/Applications/Xcode.app/Contents/Developer/Platforms/iPhoneSimulator.platform/Developer/Tools
    export PLATFORM_DEVELOPER_USR_DIR\=/Applications/Xcode.app/Contents/Developer/Platforms/iPhoneSimulator.platform/Developer/usr
    export PLATFORM_DIR\=/Applications/Xcode.app/Contents/Developer/Platforms/iPhoneSimulator.platform
    export PLATFORM_DISPLAY_NAME\=iOS\ Simulator
    export PLATFORM_FAMILY_NAME\=iOS
    export PLATFORM_NAME\=iphonesimulator
    export PLATFORM_PREFERRED_ARCH\=x86_64
    export PLATFORM_PRODUCT_BUILD_VERSION\=23F81a
    export PLATFORM_REQUIRES_SWIFT_AUTOLINK_EXTRACT\=NO
    export PLATFORM_REQUIRES_SWIFT_MODULEWRAP\=NO
    export PLATFORM_USES_DSYMS\=YES
    export PLIST_FILE_OUTPUT_FORMAT\=binary
    export PODFILE_DIR\=/Users/sanjaykumar/Desktop/Newfolder/VideoCallApp/ios/Pods/..
    export PODS_BUILD_DIR\=/Users/sanjaykumar/Library/Developer/Xcode/DerivedData/VideoCallApp-evcapdoyusxvykgansyblgyjxatu/Build/Products
    export PODS_CONFIGURATION_BUILD_DIR\=/Users/sanjaykumar/Library/Developer/Xcode/DerivedData/VideoCallApp-evcapdoyusxvykgansyblgyjxatu/Build/Products/Debug-iphonesimulator
    export PODS_DEVELOPMENT_LANGUAGE\=en
    export PODS_ROOT\=/Users/sanjaykumar/Desktop/Newfolder/VideoCallApp/ios/Pods
    export PODS_TARGET_SRCROOT\=/Users/sanjaykumar/Desktop/Newfolder/VideoCallApp/ios/Pods/hermes-engine
    export PODS_XCFRAMEWORKS_BUILD_DIR\=/Users/sanjaykumar/Library/Developer/Xcode/DerivedData/VideoCallApp-evcapdoyusxvykgansyblgyjxatu/Build/Products/Debug-iphonesimulator/XCFrameworkIntermediates
    export PRECOMPS_INCLUDE_HEADERS_FROM_BUILT_PRODUCTS_DIR\=YES
    export PRECOMP_DESTINATION_DIR\=/Users/sanjaykumar/Library/Developer/Xcode/DerivedData/VideoCallApp-evcapdoyusxvykgansyblgyjxatu/Build/Intermediates.noindex/Pods.build/Debug-iphonesimulator/hermes-engine.build/PrefixHeaders
    export PROCESSED_INFOPLIST_PATH\=/Users/sanjaykumar/Library/Developer/Xcode/DerivedData/VideoCallApp-evcapdoyusxvykgansyblgyjxatu/Build/Intermediates.noindex/Pods.build/Debug-iphonesimulator/hermes-engine.build/Objects-normal/undefined_arch/Processed-Info.plist
    export PRODUCT_BUNDLE_IDENTIFIER\=org.cocoapods.hermes-engine
    export PRODUCT_MODULE_NAME\=hermes_engine
    export PRODUCT_NAME\=hermes-engine
    export PRODUCT_SETTINGS_PATH\=
    export PROFILING_CODE\=NO
    export PROJECT\=Pods
    export PROJECT_DERIVED_FILE_DIR\=/Users/sanjaykumar/Library/Developer/Xcode/DerivedData/VideoCallApp-evcapdoyusxvykgansyblgyjxatu/Build/Intermediates.noindex/Pods.build/DerivedSources
    export PROJECT_DIR\=/Users/sanjaykumar/Desktop/Newfolder/VideoCallApp/ios/Pods
    export PROJECT_FILE_PATH\=/Users/sanjaykumar/Desktop/Newfolder/VideoCallApp/ios/Pods/Pods.xcodeproj
    export PROJECT_GUID\=8699adb1dd336b26511df848a716bd42
    export PROJECT_NAME\=Pods
    export PROJECT_TEMP_DIR\=/Users/sanjaykumar/Library/Developer/Xcode/DerivedData/VideoCallApp-evcapdoyusxvykgansyblgyjxatu/Build/Intermediates.noindex/Pods.build
    export PROJECT_TEMP_ROOT\=/Users/sanjaykumar/Library/Developer/Xcode/DerivedData/VideoCallApp-evcapdoyusxvykgansyblgyjxatu/Build/Intermediates.noindex
    export REACT_NATIVE_PATH\=/Users/sanjaykumar/Desktop/Newfolder/VideoCallApp/ios/Pods/../../node_modules/react-native
    export RECOMMENDED_IPHONEOS_DEPLOYMENT_TARGET\=15.0
    export RECURSIVE_SEARCH_PATHS_FOLLOW_SYMLINKS\=YES
    export REMOVE_CVS_FROM_RESOURCES\=YES
    export REMOVE_GIT_FROM_RESOURCES\=YES
    export REMOVE_HEADERS_FROM_EMBEDDED_BUNDLES\=YES
    export REMOVE_HG_FROM_RESOURCES\=YES
    export REMOVE_STATIC_EXECUTABLES_FROM_EMBEDDED_BUNDLES\=YES
    export REMOVE_SVN_FROM_RESOURCES\=YES
    export RESCHEDULE_INDEPENDENT_HEADERS_PHASES\=YES
    export REZ_COLLECTOR_DIR\=/Users/sanjaykumar/Library/Developer/Xcode/DerivedData/VideoCallApp-evcapdoyusxvykgansyblgyjxatu/Build/Intermediates.noindex/Pods.build/Debug-iphonesimulator/hermes-engine.build/ResourceManagerResources
    export REZ_OBJECTS_DIR\=/Users/sanjaykumar/Library/Developer/Xcode/DerivedData/VideoCallApp-evcapdoyusxvykgansyblgyjxatu/Build/Intermediates.noindex/Pods.build/Debug-iphonesimulator/hermes-engine.build/ResourceManagerResources/Objects
    export RPATH_ORIGIN\=@loader_path
    export RUNTIME_EXCEPTION_ALLOW_DYLD_ENVIRONMENT_VARIABLES\=NO
    export RUNTIME_EXCEPTION_ALLOW_JIT\=NO
    export RUNTIME_EXCEPTION_ALLOW_UNSIGNED_EXECUTABLE_MEMORY\=NO
    export RUNTIME_EXCEPTION_DEBUGGING_TOOL\=NO
    export RUNTIME_EXCEPTION_DISABLE_EXECUTABLE_PAGE_PROTECTION\=NO
    export RUNTIME_EXCEPTION_DISABLE_LIBRARY_VALIDATION\=NO
    export SCANNING_PCM_KEEP_CACHE_DIRECTORY\=YES
    export SCAN_ALL_SOURCE_FILES_FOR_INCLUDES\=NO
    export SCRIPT_INPUT_FILE_COUNT\=0
    export SCRIPT_INPUT_FILE_LIST_COUNT\=0
    export SCRIPT_OUTPUT_FILE_COUNT\=0
    export SCRIPT_OUTPUT_FILE_LIST_COUNT\=0
    export SDKROOT\=/Applications/Xcode.app/Contents/Developer/Platforms/iPhoneSimulator.platform/Developer/SDKs/iPhoneSimulator26.5.sdk
    export SDK_DIR\=/Applications/Xcode.app/Contents/Developer/Platforms/iPhoneSimulator.platform/Developer/SDKs/iPhoneSimulator26.5.sdk
    export SDK_DIR_iphonesimulator\=/Applications/Xcode.app/Contents/Developer/Platforms/iPhoneSimulator.platform/Developer/SDKs/iPhoneSimulator26.5.sdk
    export SDK_DIR_iphonesimulator26_5\=/Applications/Xcode.app/Contents/Developer/Platforms/iPhoneSimulator.platform/Developer/SDKs/iPhoneSimulator26.5.sdk
    export SDK_NAME\=iphonesimulator26.5
    export SDK_NAMES\=iphonesimulator26.5
    export SDK_PRODUCT_BUILD_VERSION\=23F81a
    export SDK_STAT_CACHE_DIR\=/Users/sanjaykumar/Library/Developer/Xcode/DerivedData
    export SDK_STAT_CACHE_ENABLE\=YES
    export SDK_STAT_CACHE_PATH\=/Users/sanjaykumar/Library/Developer/Xcode/DerivedData/SDKStatCaches.noindex/iphonesimulator26.5-23F81a-6cfe768891a92b912361537c460fe42b.sdkstatcache
    export SDK_VERSION\=26.5
    export SDK_VERSION_ACTUAL\=260500
    export SDK_VERSION_MAJOR\=260000
    export SDK_VERSION_MINOR\=260500
    export SED\=/usr/bin/sed
    export SEPARATE_STRIP\=NO
    export SEPARATE_SYMBOL_EDIT\=NO
    export SET_DIR_MODE_OWNER_GROUP\=YES
    export SET_FILE_MODE_OWNER_GROUP\=NO
    export SHALLOW_BUNDLE\=NO
    export SHARED_DERIVED_FILE_DIR\=/Users/sanjaykumar/Library/Developer/Xcode/DerivedData/VideoCallApp-evcapdoyusxvykgansyblgyjxatu/Build/Products/Debug-iphonesimulator/hermes-engine/DerivedSources
    export SHARED_PRECOMPS_DIR\=/Users/sanjaykumar/Library/Developer/Xcode/DerivedData/VideoCallApp-evcapdoyusxvykgansyblgyjxatu/Build/Intermediates.noindex/PrecompiledHeaders
    export SKIP_INSTALL\=YES
    export SKIP_MERGEABLE_LIBRARY_BUNDLE_HOOK\=NO
    export SOURCE_ROOT\=/Users/sanjaykumar/Desktop/Newfolder/VideoCallApp/ios/Pods
    export SRCROOT\=/Users/sanjaykumar/Desktop/Newfolder/VideoCallApp/ios/Pods
    export STRINGSDATA_DIR\=/Users/sanjaykumar/Library/Developer/Xcode/DerivedData/VideoCallApp-evcapdoyusxvykgansyblgyjxatu/Build/Intermediates.noindex/Pods.build/Debug-iphonesimulator/hermes-engine.build/Objects-normal/undefined_arch
    export STRINGSDATA_ROOT\=/Users/sanjaykumar/Library/Developer/Xcode/DerivedData/VideoCallApp-evcapdoyusxvykgansyblgyjxatu/Build/Intermediates.noindex/Pods.build/Debug-iphonesimulator/hermes-engine.build
    export STRINGS_FILE_INFOPLIST_RENAME\=YES
    export STRINGS_FILE_OUTPUT_ENCODING\=binary
    export STRING_CATALOG_GENERATE_SYMBOLS\=NO
    export STRIP_BITCODE_FROM_COPIED_FILES\=NO
    export STRIP_INSTALLED_PRODUCT\=NO
    export STRIP_STYLE\=all
    export STRIP_SWIFT_SYMBOLS\=YES
    export SUPPORTED_DEVICE_FAMILIES\=1,2
    export SUPPORTED_PLATFORMS\=iphoneos\ iphonesimulator
    export SUPPORTS_TEXT_BASED_API\=NO
    export SUPPRESS_WARNINGS\=NO
    export SWIFT_ACTIVE_COMPILATION_CONDITIONS\=\ DEBUG
    export SWIFT_EMIT_CONST_VALUE_PROTOCOLS\=AnyResolverProviding\ AppEntity\ AppEnum\ AppExtension\ AppIntent\ AppIntentsPackage\ AppShortcutProviding\ AppShortcutsProvider\ AppUnionValue\ AppUnionValueCasesProviding\ DynamicOptionsProvider\ EntityQuery\ ExtensionPointDefining\ IntentValueQuery\ Resolver\ TransientEntity\ _AssistantIntentsProvider\ _GenerativeFunctionExtractable\ _IntentValueRepresentable
    export SWIFT_EMIT_LOC_STRINGS\=NO
    export SWIFT_ENABLE_EXPLICIT_MODULES\=YES
    export SWIFT_OPTIMIZATION_LEVEL\=-Onone
    export SWIFT_PLATFORM_TARGET_PREFIX\=ios
    export SWIFT_RESPONSE_FILE_PATH_normal_arm64\=/Users/sanjaykumar/Library/Developer/Xcode/DerivedData/VideoCallApp-evcapdoyusxvykgansyblgyjxatu/Build/Intermediates.noindex/Pods.build/Debug-iphonesimulator/hermes-engine.build/Objects-normal/arm64/hermes-engine.SwiftFileList
    export SWIFT_RESPONSE_FILE_PATH_normal_x86_64\=/Users/sanjaykumar/Library/Developer/Xcode/DerivedData/VideoCallApp-evcapdoyusxvykgansyblgyjxatu/Build/Intermediates.noindex/Pods.build/Debug-iphonesimulator/hermes-engine.build/Objects-normal/x86_64/hermes-engine.SwiftFileList
    export SWIFT_VERSION\=5.0
    export SYMROOT\=/Users/sanjaykumar/Library/Developer/Xcode/DerivedData/VideoCallApp-evcapdoyusxvykgansyblgyjxatu/Build/Products
    export SYSTEM_ADMIN_APPS_DIR\=/Applications/Utilities
    export SYSTEM_APPS_DIR\=/Applications
    export SYSTEM_CORE_SERVICES_DIR\=/System/Library/CoreServices
    export SYSTEM_DEMOS_DIR\=/Applications/Extras
    export SYSTEM_DEVELOPER_APPS_DIR\=/Applications/Xcode.app/Contents/Developer/Applications
    export SYSTEM_DEVELOPER_BIN_DIR\=/Applications/Xcode.app/Contents/Developer/usr/bin
    export SYSTEM_DEVELOPER_DEMOS_DIR\=/Applications/Xcode.app/Contents/Developer/Applications/Utilities/Built\ Examples
    export SYSTEM_DEVELOPER_DIR\=/Applications/Xcode.app/Contents/Developer
    export SYSTEM_DEVELOPER_DOC_DIR\=/Applications/Xcode.app/Contents/Developer/ADC\ Reference\ Library
    export SYSTEM_DEVELOPER_GRAPHICS_TOOLS_DIR\=/Applications/Xcode.app/Contents/Developer/Applications/Graphics\ Tools
    export SYSTEM_DEVELOPER_JAVA_TOOLS_DIR\=/Applications/Xcode.app/Contents/Developer/Applications/Java\ Tools
    export SYSTEM_DEVELOPER_PERFORMANCE_TOOLS_DIR\=/Applications/Xcode.app/Contents/Developer/Applications/Performance\ Tools
    export SYSTEM_DEVELOPER_RELEASENOTES_DIR\=/Applications/Xcode.app/Contents/Developer/ADC\ Reference\ Library/releasenotes
    export SYSTEM_DEVELOPER_TOOLS\=/Applications/Xcode.app/Contents/Developer/Tools
    export SYSTEM_DEVELOPER_TOOLS_DOC_DIR\=/Applications/Xcode.app/Contents/Developer/ADC\ Reference\ Library/documentation/DeveloperTools
    export SYSTEM_DEVELOPER_TOOLS_RELEASENOTES_DIR\=/Applications/Xcode.app/Contents/Developer/ADC\ Reference\ Library/releasenotes/DeveloperTools
    export SYSTEM_DEVELOPER_USR_DIR\=/Applications/Xcode.app/Contents/Developer/usr
    export SYSTEM_DEVELOPER_UTILITIES_DIR\=/Applications/Xcode.app/Contents/Developer/Applications/Utilities
    export SYSTEM_DEXT_INSTALL_PATH\=/System/Library/DriverExtensions
    export SYSTEM_DOCUMENTATION_DIR\=/Library/Documentation
    export SYSTEM_KEXT_INSTALL_PATH\=/System/Library/Extensions
    export SYSTEM_LIBRARY_DIR\=/System/Library
    export TAPI_DEMANGLE\=YES
    export TAPI_ENABLE_PROJECT_HEADERS\=NO
    export TAPI_LANGUAGE\=objective-c
    export TAPI_LANGUAGE_STANDARD\=compiler-default
    export TAPI_USE_SRCROOT\=YES
    export TAPI_VERIFY_MODE\=Pedantic
    export TARGETED_DEVICE_FAMILY\=1,2
    export TARGETNAME\=hermes-engine
    export TARGET_BUILD_DIR\=/Users/sanjaykumar/Library/Developer/Xcode/DerivedData/VideoCallApp-evcapdoyusxvykgansyblgyjxatu/Build/Products/Debug-iphonesimulator/hermes-engine
    export TARGET_NAME\=hermes-engine
    export TARGET_TEMP_DIR\=/Users/sanjaykumar/Library/Developer/Xcode/DerivedData/VideoCallApp-evcapdoyusxvykgansyblgyjxatu/Build/Intermediates.noindex/Pods.build/Debug-iphonesimulator/hermes-engine.build
    export TEMP_DIR\=/Users/sanjaykumar/Library/Developer/Xcode/DerivedData/VideoCallApp-evcapdoyusxvykgansyblgyjxatu/Build/Intermediates.noindex/Pods.build/Debug-iphonesimulator/hermes-engine.build
    export TEMP_FILES_DIR\=/Users/sanjaykumar/Library/Developer/Xcode/DerivedData/VideoCallApp-evcapdoyusxvykgansyblgyjxatu/Build/Intermediates.noindex/Pods.build/Debug-iphonesimulator/hermes-engine.build
    export TEMP_FILE_DIR\=/Users/sanjaykumar/Library/Developer/Xcode/DerivedData/VideoCallApp-evcapdoyusxvykgansyblgyjxatu/Build/Intermediates.noindex/Pods.build/Debug-iphonesimulator/hermes-engine.build
    export TEMP_ROOT\=/Users/sanjaykumar/Library/Developer/Xcode/DerivedData/VideoCallApp-evcapdoyusxvykgansyblgyjxatu/Build/Intermediates.noindex
    export TEMP_SANDBOX_DIR\=/Users/sanjaykumar/Library/Developer/Xcode/DerivedData/VideoCallApp-evcapdoyusxvykgansyblgyjxatu/Build/Intermediates.noindex/TemporaryTaskSandboxes
    export TEST_FRAMEWORK_SEARCH_PATHS\=\ /Applications/Xcode.app/Contents/Developer/Platforms/iPhoneSimulator.platform/Developer/Library/Frameworks\ /Applications/Xcode.app/Contents/Developer/Platforms/iPhoneSimulator.platform/Developer/SDKs/iPhoneSimulator26.5.sdk/Developer/Library/Frameworks
    export TEST_LIBRARY_SEARCH_PATHS\=\ /Applications/Xcode.app/Contents/Developer/Platforms/iPhoneSimulator.platform/Developer/usr/lib
    export TOOLCHAINS\=com.apple.dt.toolchain.XcodeDefault
    export TOOLCHAIN_DIR\=/Applications/Xcode.app/Contents/Developer/Toolchains/XcodeDefault.xctoolchain
    export TREAT_MISSING_BASELINES_AS_TEST_FAILURES\=NO
    export TREAT_MISSING_SCRIPT_PHASE_OUTPUTS_AS_ERRORS\=NO
    export UID\=501
    export UNINSTALLED_PRODUCTS_DIR\=/Users/sanjaykumar/Library/Developer/Xcode/DerivedData/VideoCallApp-evcapdoyusxvykgansyblgyjxatu/Build/Intermediates.noindex/UninstalledProducts
    export UNSTRIPPED_PRODUCT\=NO
    export USER\=sanjaykumar
    export USER_APPS_DIR\=/Users/sanjaykumar/Applications
    export USER_LIBRARY_DIR\=/Users/sanjaykumar/Library
    export USE_DYNAMIC_NO_PIC\=YES
    export USE_HEADERMAP\=YES
    export USE_HEADER_SYMLINKS\=NO
    export USE_HERMES\=true
    export USE_RECURSIVE_SCRIPT_INPUTS_IN_SCRIPT_PHASES\=YES
    export VALIDATE_DEVELOPMENT_ASSET_PATHS\=YES_ERROR
    export VALIDATE_PRODUCT\=NO
    export VALID_ARCHS\=arm64\ x86_64
    export VERBOSE_PBXCP\=NO
    export VERSION_INFO_BUILDER\=sanjaykumar
    export VERSION_INFO_FILE\=hermes-engine_vers.c
    export VERSION_INFO_STRING\=\"@\(\#\)PROGRAM:hermes-engine\ \ PROJECT:Pods-\"
    export WORKSPACE_DIR\=/Users/sanjaykumar/Desktop/Newfolder/VideoCallApp/ios
    export WRAP_ASSET_PACKS_IN_SEPARATE_DIRECTORIES\=NO
    export XCODE_APP_SUPPORT_DIR\=/Applications/Xcode.app/Contents/Developer/Library/Xcode
    export XCODE_PRODUCT_BUILD_VERSION\=17F113
    export XCODE_VERSION_ACTUAL\=2660
    export XCODE_VERSION_MAJOR\=2600
    export XCODE_VERSION_MINOR\=2660
    export XPCSERVICES_FOLDER_PATH\=/XPCServices
    export YACC\=yacc
    export _DISCOVER_COMMAND_LINE_LINKER_INPUTS\=YES
    export _DISCOVER_COMMAND_LINE_LINKER_INPUTS_INCLUDE_WL\=YES
    export _LD_MULTIARCH\=YES
    export __DIAGNOSE_DEPRECATED_ARCHS\=YES
    export __ORIGINAL_SDK_DEFINED_LLVM_TARGET_TRIPLE_SYS\=ios
    export arch\=undefined_arch
    export variant\=normal
    /bin/sh -c /Users/sanjaykumar/Library/Developer/Xcode/DerivedData/VideoCallApp-evcapdoyusxvykgansyblgyjxatu/Build/Intermediates.noindex/Pods.build/Debug-iphonesimulator/hermes-engine.build/Script-46EB2E00012870.sh
Node found at: /opt/homebrew/Cellar/node/25.2.1/bin/node
No previous build detected, but Debug Configuration. No need to replace Hermes engine

PhaseScriptExecution [CP-User]\ [RNDeps]\ Replace\ React\ Native\ Dependencies\ for\ the\ right\ configuration,\ if\ needed /Users/sanjaykumar/Library/Developer/Xcode/DerivedData/VideoCallApp-evcapdoyusxvykgansyblgyjxatu/Build/Intermediates.noindex/Pods.build/Debug-iphonesimulator/ReactNativeDependencies.build/Script-46EB2E00012850.sh (in target 'ReactNativeDependencies' from project 'Pods')
    cd /Users/sanjaykumar/Desktop/Newfolder/VideoCallApp/ios/Pods
    export ACTION\=build
    export AD_HOC_CODE_SIGNING_ALLOWED\=YES
    export ALLOW_BUILD_REQUEST_OVERRIDES\=NO
    export ALLOW_TARGET_PLATFORM_SPECIALIZATION\=NO
    export ALTERNATE_GROUP\=staff
    export ALTERNATE_MODE\=u+w,go-w,a+rX
    export ALTERNATE_OWNER\=sanjaykumar
    export ALTERNATIVE_DISTRIBUTION_WEB\=NO
    export ALWAYS_EMBED_SWIFT_STANDARD_LIBRARIES\=NO
    export ALWAYS_SEARCH_USER_PATHS\=NO
    export ALWAYS_USE_SEPARATE_HEADERMAPS\=NO
    export ANDROID_DEPLOYMENT_TARGET\=21.0
    export APPLICATION_EXTENSION_API_ONLY\=NO
    export APPLY_RULES_IN_COPY_FILES\=NO
    export APPLY_RULES_IN_COPY_HEADERS\=NO
    export APP_SHORTCUTS_ENABLE_FLEXIBLE_MATCHING\=YES
    export ARCHS\=arm64\ x86_64
    export ARCHS_BASE\=arm64\ x86_64
    export ARCHS_STANDARD\=arm64\ x86_64
    export ARCHS_STANDARD_32_64_BIT\=arm64\ x86_64
    export ARCHS_STANDARD_64_BIT\=arm64\ x86_64
    export ARCHS_STANDARD_INCLUDING_64_BIT\=arm64\ x86_64
    export ARCHS_UNIVERSAL_IPHONE_OS\=arm64\ x86_64
    export ASSETCATALOG_COMPILER_APPICON_NAME\=AppIcon
    export ASSETCATALOG_COMPILER_GLOBAL_ACCENT_COLOR_NAME\=AccentColor
    export AUTOMATICALLY_MERGE_DEPENDENCIES\=NO
    export AUTOMATION_APPLE_EVENTS\=NO
    export AVAILABLE_PLATFORMS\=android\ appletvos\ appletvsimulator\ driverkit\ freebsd\ iphoneos\ iphonesimulator\ linux\ macosx\ none\ openbsd\ qnx\ watchos\ watchsimulator\ webassembly\ xros\ xrsimulator
    export BUILD_ACTIVE_RESOURCES_ONLY\=NO
    export BUILD_COMPONENTS\=headers\ build
    export BUILD_DIR\=/Users/sanjaykumar/Library/Developer/Xcode/DerivedData/VideoCallApp-evcapdoyusxvykgansyblgyjxatu/Build/Products
    export BUILD_LIBRARY_FOR_DISTRIBUTION\=NO
    export BUILD_ONLY_KNOWN_LOCALIZATIONS\=NO
    export BUILD_ROOT\=/Users/sanjaykumar/Library/Developer/Xcode/DerivedData/VideoCallApp-evcapdoyusxvykgansyblgyjxatu/Build/Products
    export BUILD_STYLE\=
    export BUILD_VARIANTS\=normal
    export BUILT_PRODUCTS_DIR\=/Users/sanjaykumar/Library/Developer/Xcode/DerivedData/VideoCallApp-evcapdoyusxvykgansyblgyjxatu/Build/Products/Debug-iphonesimulator/ReactNativeDependencies
    export BUNDLE_CONTENTS_FOLDER_PATH_deep\=Contents/
    export BUNDLE_EXECUTABLE_FOLDER_NAME_deep\=MacOS
    export BUNDLE_EXTENSIONS_FOLDER_PATH\=Extensions
    export BUNDLE_FORMAT\=shallow
    export BUNDLE_FRAMEWORKS_FOLDER_PATH\=Frameworks
    export BUNDLE_PLUGINS_FOLDER_PATH\=PlugIns
    export BUNDLE_PRIVATE_HEADERS_FOLDER_PATH\=PrivateHeaders
    export BUNDLE_PUBLIC_HEADERS_FOLDER_PATH\=Headers
    export CACHE_ROOT\=/var/folders/sn/z3_w_w8j68ld8k973yyhm92c0000gn/C/com.apple.DeveloperTools/26.6-17F113/Xcode
    export CCHROOT\=/var/folders/sn/z3_w_w8j68ld8k973yyhm92c0000gn/C/com.apple.DeveloperTools/26.6-17F113/Xcode
    export CHMOD\=/bin/chmod
    export CHOWN\=chown
    export CLANG_ANALYZER_LOCALIZABILITY_NONLOCALIZED\=YES
    export CLANG_ANALYZER_NONNULL\=YES
    export CLANG_ANALYZER_NUMBER_OBJECT_CONVERSION\=YES_AGGRESSIVE
    export CLANG_CACHE_FINE_GRAINED_OUTPUTS\=YES
    export CLANG_CXX_LANGUAGE_STANDARD\=c++20
    export CLANG_CXX_LIBRARY\=libc++
    export CLANG_ENABLE_EXPLICIT_MODULES\=YES
    export CLANG_ENABLE_MODULES\=YES
    export CLANG_ENABLE_OBJC_ARC\=YES
    export CLANG_ENABLE_OBJC_WEAK\=NO
    export CLANG_MODULES_BUILD_SESSION_FILE\=/Users/sanjaykumar/Library/Developer/Xcode/DerivedData/ModuleCache.noindex/Session.modulevalidation
    export CLANG_WARN_BLOCK_CAPTURE_AUTORELEASING\=YES
    export CLANG_WARN_BOOL_CONVERSION\=YES
    export CLANG_WARN_COMMA\=YES
    export CLANG_WARN_CONSTANT_CONVERSION\=YES
    export CLANG_WARN_DEPRECATED_OBJC_IMPLEMENTATIONS\=YES
    export CLANG_WARN_DIRECT_OBJC_ISA_USAGE\=YES_ERROR
    export CLANG_WARN_DOCUMENTATION_COMMENTS\=YES
    export CLANG_WARN_EMPTY_BODY\=YES
    export CLANG_WARN_ENUM_CONVERSION\=YES
    export CLANG_WARN_INFINITE_RECURSION\=YES
    export CLANG_WARN_INT_CONVERSION\=YES
    export CLANG_WARN_NON_LITERAL_NULL_CONVERSION\=YES
    export CLANG_WARN_OBJC_IMPLICIT_RETAIN_SELF\=YES
    export CLANG_WARN_OBJC_LITERAL_CONVERSION\=YES
    export CLANG_WARN_OBJC_ROOT_CLASS\=YES_ERROR
    export CLANG_WARN_QUOTED_INCLUDE_IN_FRAMEWORK_HEADER\=NO
    export CLANG_WARN_RANGE_LOOP_ANALYSIS\=YES
    export CLANG_WARN_STRICT_PROTOTYPES\=YES
    export CLANG_WARN_SUSPICIOUS_MOVE\=YES
    export CLANG_WARN_UNGUARDED_AVAILABILITY\=YES_AGGRESSIVE
    export CLANG_WARN_UNREACHABLE_CODE\=YES
    export CLANG_WARN__DUPLICATE_METHOD_MATCH\=YES
    export CLASS_FILE_DIR\=/Users/sanjaykumar/Library/Developer/Xcode/DerivedData/VideoCallApp-evcapdoyusxvykgansyblgyjxatu/Build/Intermediates.noindex/Pods.build/Debug-iphonesimulator/ReactNativeDependencies.build/JavaClasses
    export CLEAN_PRECOMPS\=YES
    export CLONE_HEADERS\=NO
    export CODESIGNING_FOLDER_PATH\=/Users/sanjaykumar/Library/Developer/Xcode/DerivedData/VideoCallApp-evcapdoyusxvykgansyblgyjxatu/Build/Products/Debug-iphonesimulator/ReactNativeDependencies/
    export CODE_SIGNING_ALLOWED\=NO
    export CODE_SIGNING_REQUIRED\=YES
    export CODE_SIGN_CONTEXT_CLASS\=XCiPhoneSimulatorCodeSignContext
    export CODE_SIGN_IDENTITY\=-
    export CODE_SIGN_INJECT_BASE_ENTITLEMENTS\=YES
    export COLOR_DIAGNOSTICS\=NO
    export COMBINE_HIDPI_IMAGES\=NO
    export COMPILATION_CACHE_CAS_PATH\=/Users/sanjaykumar/Library/Developer/Xcode/DerivedData/CompilationCache.noindex
    export COMPILATION_CACHE_KEEP_CAS_DIRECTORY\=YES
    export COMPILER_INDEX_STORE_ENABLE\=Default
    export COMPOSITE_SDK_DIRS\=/Users/sanjaykumar/Library/Developer/Xcode/DerivedData/VideoCallApp-evcapdoyusxvykgansyblgyjxatu/Build/Intermediates.noindex/CompositeSDKs
    export COMPRESS_PNG_FILES\=YES
    export CONFIGURATION\=Debug
    export CONFIGURATION_BUILD_DIR\=/Users/sanjaykumar/Library/Developer/Xcode/DerivedData/VideoCallApp-evcapdoyusxvykgansyblgyjxatu/Build/Products/Debug-iphonesimulator/ReactNativeDependencies
    export CONFIGURATION_TEMP_DIR\=/Users/sanjaykumar/Library/Developer/Xcode/DerivedData/VideoCallApp-evcapdoyusxvykgansyblgyjxatu/Build/Intermediates.noindex/Pods.build/Debug-iphonesimulator
    export COPYING_PRESERVES_HFS_DATA\=NO
    export COPY_HEADERS_RUN_UNIFDEF\=NO
    export COPY_PHASE_STRIP\=NO
    export CORRESPONDING_DEVICE_PLATFORM_DIR\=/Applications/Xcode.app/Contents/Developer/Platforms/iPhoneOS.platform
    export CORRESPONDING_DEVICE_PLATFORM_NAME\=iphoneos
    export CORRESPONDING_DEVICE_SDK_DIR\=/Applications/Xcode.app/Contents/Developer/Platforms/iPhoneOS.platform/Developer/SDKs/iPhoneOS26.5.sdk
    export CORRESPONDING_DEVICE_SDK_NAME\=iphoneos26.5
    export CP\=/bin/cp
    export CREATE_INFOPLIST_SECTION_IN_BINARY\=NO
    export CURRENT_ARCH\=undefined_arch
    export CURRENT_VARIANT\=normal
    export DEAD_CODE_STRIPPING\=YES
    export DEBUGGING_SYMBOLS\=YES
    export DEBUG_INFORMATION_FORMAT\=dwarf
    export DEBUG_INFORMATION_VERSION\=compiler-default
    export DEFAULT_COMPILER\=com.apple.compilers.llvm.clang.1_0
    export DEFAULT_DEXT_INSTALL_PATH\=/System/Library/DriverExtensions
    export DEFAULT_KEXT_INSTALL_PATH\=/System/Library/Extensions
    export DEFINES_MODULE\=NO
    export DEPLOYMENT_LOCATION\=NO
    export DEPLOYMENT_POSTPROCESSING\=NO
    export DEPLOYMENT_TARGET_SETTING_NAME\=IPHONEOS_DEPLOYMENT_TARGET
    export DEPLOYMENT_TARGET_SUGGESTED_VALUES\=12.0\ 12.1\ 12.2\ 12.3\ 12.4\ 13.0\ 13.1\ 13.2\ 13.3\ 13.4\ 13.5\ 13.6\ 14.0\ 14.1\ 14.2\ 14.3\ 14.4\ 14.5\ 14.6\ 14.7\ 15.0\ 15.1\ 15.2\ 15.3\ 15.4\ 15.5\ 15.6\ 16.0\ 16.1\ 16.2\ 16.3\ 16.4\ 16.5\ 16.6\ 17.0\ 17.1\ 17.2\ 17.3\ 17.4\ 17.5\ 17.6\ 18.0\ 18.1\ 18.2\ 18.3\ 18.4\ 18.5\ 18.6\ 26.0\ 26.2\ 26.3\ 26.4\ 26.5
    export DERIVED_FILES_DIR\=/Users/sanjaykumar/Library/Developer/Xcode/DerivedData/VideoCallApp-evcapdoyusxvykgansyblgyjxatu/Build/Intermediates.noindex/Pods.build/Debug-iphonesimulator/ReactNativeDependencies.build/DerivedSources
    export DERIVED_FILE_DIR\=/Users/sanjaykumar/Library/Developer/Xcode/DerivedData/VideoCallApp-evcapdoyusxvykgansyblgyjxatu/Build/Intermediates.noindex/Pods.build/Debug-iphonesimulator/ReactNativeDependencies.build/DerivedSources
    export DERIVED_SOURCES_DIR\=/Users/sanjaykumar/Library/Developer/Xcode/DerivedData/VideoCallApp-evcapdoyusxvykgansyblgyjxatu/Build/Intermediates.noindex/Pods.build/Debug-iphonesimulator/ReactNativeDependencies.build/DerivedSources
    export DEVELOPER_APPLICATIONS_DIR\=/Applications/Xcode.app/Contents/Developer/Applications
    export DEVELOPER_BIN_DIR\=/Applications/Xcode.app/Contents/Developer/usr/bin
    export DEVELOPER_DIR\=/Applications/Xcode.app/Contents/Developer
    export DEVELOPER_FRAMEWORKS_DIR\=/Applications/Xcode.app/Contents/Developer/Library/Frameworks
    export DEVELOPER_FRAMEWORKS_DIR_QUOTED\=/Applications/Xcode.app/Contents/Developer/Library/Frameworks
    export DEVELOPER_LIBRARY_DIR\=/Applications/Xcode.app/Contents/Developer/Library
    export DEVELOPER_SDK_DIR\=/Applications/Xcode.app/Contents/Developer/Platforms/MacOSX.platform/Developer/SDKs
    export DEVELOPER_TOOLS_DIR\=/Applications/Xcode.app/Contents/Developer/Tools
    export DEVELOPER_USR_DIR\=/Applications/Xcode.app/Contents/Developer/usr
    export DEVELOPMENT_LANGUAGE\=en
    export DIAGNOSE_MISSING_TARGET_DEPENDENCIES\=YES
    export DIFF\=/usr/bin/diff
    export DONT_GENERATE_INFOPLIST_FILE\=NO
    export DSTROOT\=/tmp/Pods.dst
    export DT_TOOLCHAIN_DIR\=/Applications/Xcode.app/Contents/Developer/Toolchains/XcodeDefault.xctoolchain
    export DUMP_DEPENDENCIES\=NO
    export DUMP_DEPENDENCIES_OUTPUT_PATH\=/Users/sanjaykumar/Library/Developer/Xcode/DerivedData/VideoCallApp-evcapdoyusxvykgansyblgyjxatu/Build/Intermediates.noindex/Pods.build/Debug-iphonesimulator/ReactNativeDependencies.build/ReactNativeDependencies-BuildDependencyInfo.json
    export DWARF_DSYM_FILE_NAME\=.dSYM
    export DWARF_DSYM_FILE_SHOULD_ACCOMPANY_PRODUCT\=NO
    export DWARF_DSYM_FOLDER_PATH\=/Users/sanjaykumar/Library/Developer/Xcode/DerivedData/VideoCallApp-evcapdoyusxvykgansyblgyjxatu/Build/Products/Debug-iphonesimulator/ReactNativeDependencies
    export DYNAMIC_LIBRARY_EXTENSION\=dylib
    export EAGER_COMPILATION_ALLOW_SCRIPTS\=NO
    export EAGER_LINKING\=NO
    export EFFECTIVE_PLATFORM_NAME\=-iphonesimulator
    export EFFECTIVE_SWIFT_VERSION\=5
    export EMBEDDED_CONTENT_CONTAINS_SWIFT\=NO
    export EMBED_ASSET_PACKS_IN_PRODUCT_BUNDLE\=NO
    export ENABLE_APP_SANDBOX\=NO
    export ENABLE_CODE_COVERAGE\=YES
    export ENABLE_COHORT_ARCHS\=NO
    export ENABLE_CPLUSPLUS_BOUNDS_SAFE_BUFFERS\=NO
    export ENABLE_C_BOUNDS_SAFETY\=NO
    export ENABLE_DEFAULT_HEADER_SEARCH_PATHS\=YES
    export ENABLE_DEFAULT_SEARCH_PATHS\=YES
    export ENABLE_ENHANCED_SECURITY\=NO
    export ENABLE_HARDENED_RUNTIME\=NO
    export ENABLE_HEADER_DEPENDENCIES\=YES
    export ENABLE_INCOMING_NETWORK_CONNECTIONS\=NO
    export ENABLE_ON_DEMAND_RESOURCES\=NO
    export ENABLE_OUTGOING_NETWORK_CONNECTIONS\=NO
    export ENABLE_POINTER_AUTHENTICATION\=NO
    export ENABLE_PREVIEWS\=NO
    export ENABLE_RESOURCE_ACCESS_AUDIO_INPUT\=NO
    export ENABLE_RESOURCE_ACCESS_BLUETOOTH\=NO
    export ENABLE_RESOURCE_ACCESS_CALENDARS\=NO
    export ENABLE_RESOURCE_ACCESS_CAMERA\=NO
    export ENABLE_RESOURCE_ACCESS_CONTACTS\=NO
    export ENABLE_RESOURCE_ACCESS_LOCATION\=NO
    export ENABLE_RESOURCE_ACCESS_PHOTO_LIBRARY\=NO
    export ENABLE_RESOURCE_ACCESS_PRINTING\=NO
    export ENABLE_RESOURCE_ACCESS_USB\=NO
    export ENABLE_SDK_IMPORTS\=NO
    export ENABLE_SECURITY_COMPILER_WARNINGS\=NO
    export ENABLE_STRICT_OBJC_MSGSEND\=YES
    export ENABLE_TESTABILITY\=YES
    export ENABLE_TESTING_SEARCH_PATHS\=NO
    export ENABLE_USER_SCRIPT_SANDBOXING\=NO
    export ENABLE_XOJIT_PREVIEWS\=YES
    export ENFORCE_VALID_ARCHS\=YES
    export ENTITLEMENTS_DESTINATION\=__entitlements
    export ENTITLEMENTS_REQUIRED\=YES
    export EXCLUDED_INSTALLSRC_SUBDIRECTORY_PATTERNS\=.DS_Store\ .svn\ .git\ .hg\ CVS
    export EXCLUDED_RECURSIVE_SEARCH_PATH_SUBDIRECTORIES\=\*.nib\ \*.lproj\ \*.framework\ \*.gch\ \*.xcode\*\ \*.xcassets\ \*.icon\ \(\*\)\ .DS_Store\ CVS\ .svn\ .git\ .hg\ \*.pbproj\ \*.pbxproj
    export FILE_LIST\=/Users/sanjaykumar/Library/Developer/Xcode/DerivedData/VideoCallApp-evcapdoyusxvykgansyblgyjxatu/Build/Intermediates.noindex/Pods.build/Debug-iphonesimulator/ReactNativeDependencies.build/Objects/LinkFileList
    export FIXED_FILES_DIR\=/Users/sanjaykumar/Library/Developer/Xcode/DerivedData/VideoCallApp-evcapdoyusxvykgansyblgyjxatu/Build/Intermediates.noindex/Pods.build/Debug-iphonesimulator/ReactNativeDependencies.build/FixedFiles
    export FRAMEWORK_SEARCH_PATHS\=\ \"/Users/sanjaykumar/Desktop/Newfolder/VideoCallApp/ios/Pods/ReactNativeDependencies/framework/packages/react-native\"\ \"/Users/sanjaykumar/Library/Developer/Xcode/DerivedData/VideoCallApp-evcapdoyusxvykgansyblgyjxatu/Build/Products/Debug-iphonesimulator/XCFrameworkIntermediates/ReactNativeDependencies\"
    export FRAMEWORK_VERSION\=A
    export FUSE_BUILD_PHASES\=YES
    export FUSE_BUILD_SCRIPT_PHASES\=NO
    export GCC3_VERSION\=3.3
    export GCC_C_LANGUAGE_STANDARD\=gnu11
    export GCC_DYNAMIC_NO_PIC\=NO
    export GCC_NO_COMMON_BLOCKS\=YES
    export GCC_OBJC_LEGACY_DISPATCH\=YES
    export GCC_OPTIMIZATION_LEVEL\=0
    export GCC_PFE_FILE_C_DIALECTS\=c\ objective-c\ c++\ objective-c++
    export GCC_PREPROCESSOR_DEFINITIONS\=POD_CONFIGURATION_DEBUG\=1\ DEBUG\=1\ \ COCOAPODS\=1
    export GCC_TREAT_WARNINGS_AS_ERRORS\=NO
    export GCC_VERSION\=com.apple.compilers.llvm.clang.1_0
    export GCC_VERSION_IDENTIFIER\=com_apple_compilers_llvm_clang_1_0
    export GCC_WARN_64_TO_32_BIT_CONVERSION\=YES
    export GCC_WARN_ABOUT_RETURN_TYPE\=YES_ERROR
    export GCC_WARN_UNDECLARED_SELECTOR\=YES
    export GCC_WARN_UNINITIALIZED_AUTOS\=YES_AGGRESSIVE
    export GCC_WARN_UNUSED_FUNCTION\=YES
    export GCC_WARN_UNUSED_VARIABLE\=YES
    export GENERATED_MODULEMAP_DIR\=/Users/sanjaykumar/Library/Developer/Xcode/DerivedData/VideoCallApp-evcapdoyusxvykgansyblgyjxatu/Build/Intermediates.noindex/GeneratedModuleMaps-iphonesimulator
    export GENERATE_INFOPLIST_FILE\=NO
    export GENERATE_INTERMEDIATE_TEXT_BASED_STUBS\=YES
    export GENERATE_PKGINFO_FILE\=NO
    export GENERATE_PRELINK_OBJECT_FILE\=NO
    export GENERATE_PROFILING_CODE\=NO
    export GENERATE_TEXT_BASED_STUBS\=NO
    export GID\=20
    export GROUP\=staff
    export HEADERMAP_INCLUDES_FLAT_ENTRIES_FOR_TARGET_BEING_BUILT\=YES
    export HEADERMAP_INCLUDES_FRAMEWORK_ENTRIES_FOR_ALL_PRODUCT_TYPES\=YES
    export HEADERMAP_INCLUDES_FRAMEWORK_ENTRIES_FOR_TARGETS_NOT_BEING_BUILT\=YES
    export HEADERMAP_INCLUDES_NONPUBLIC_NONPRIVATE_HEADERS\=YES
    export HEADERMAP_INCLUDES_PROJECT_HEADERS\=YES
    export HEADERMAP_USES_FRAMEWORK_PREFIX_ENTRIES\=YES
    export HEADERMAP_USES_VFS\=NO
    export HEADER_SEARCH_PATHS\=\ \"/Users/sanjaykumar/Desktop/Newfolder/VideoCallApp/ios/Pods/Headers/Private\"\ \"/Users/sanjaykumar/Desktop/Newfolder/VideoCallApp/ios/Pods/Headers/Private/ReactNativeDependencies\"\ \"/Users/sanjaykumar/Desktop/Newfolder/VideoCallApp/ios/Pods/Headers/Public\"\ \"/Users/sanjaykumar/Desktop/Newfolder/VideoCallApp/ios/Pods/Headers/Public/ReactNativeDependencies\"\ \"/Users/sanjaykumar/Desktop/Newfolder/VideoCallApp/ios/Pods/React-Core-prebuilt/Headers\"\ \"/Users/sanjaykumar/Desktop/Newfolder/VideoCallApp/ios/Pods/ReactNativeDependencies/Headers\"
    export HOME\=/Users/sanjaykumar
    export HOST_ARCH\=arm64
    export HOST_PLATFORM\=macosx
    export ICONV\=/usr/bin/iconv
    export IMPLICIT_DEPENDENCY_DOMAIN\=default
    export INDEX_STORE_COMPRESS\=NO
    export INDEX_STORE_ONLY_PROJECT_FILES\=NO
    export INFOPLIST_ENABLE_CFBUNDLEICONS_MERGE\=YES
    export INFOPLIST_EXPAND_BUILD_SETTINGS\=YES
    export INFOPLIST_OUTPUT_FORMAT\=binary
    export INFOPLIST_PREPROCESS\=NO
    export INLINE_PRIVATE_FRAMEWORKS\=NO
    export INSTALLAPI_IGNORE_SKIP_INSTALL\=YES
    export INSTALLHDRS_COPY_PHASE\=NO
    export INSTALLHDRS_SCRIPT_PHASE\=NO
    export INSTALL_DIR\=/tmp/Pods.dst
    export INSTALL_GROUP\=staff
    export INSTALL_MODE_FLAG\=u+w,go-w,a+rX
    export INSTALL_OWNER\=sanjaykumar
    export INSTALL_ROOT\=/tmp/Pods.dst
    export IPHONEOS_DEPLOYMENT_TARGET\=15.1
    export IS_UNOPTIMIZED_BUILD\=YES
    export JAVAC_DEFAULT_FLAGS\=-J-Xms64m\ -J-XX:NewSize\=4M\ -J-Dfile.encoding\=UTF8
    export JAVA_APP_STUB\=/System/Library/Frameworks/JavaVM.framework/Resources/MacOS/JavaApplicationStub
    export JAVA_ARCHIVE_CLASSES\=YES
    export JAVA_ARCHIVE_TYPE\=JAR
    export JAVA_COMPILER\=/usr/bin/javac
    export JAVA_FRAMEWORK_RESOURCES_DIRS\=Resources
    export JAVA_JAR_FLAGS\=cv
    export JAVA_SOURCE_SUBDIR\=.
    export JAVA_USE_DEPENDENCIES\=YES
    export JAVA_ZIP_FLAGS\=-urg
    export JIKES_DEFAULT_FLAGS\=+E\ +OLDCSO
    export KEEP_PRIVATE_EXTERNS\=NO
    export LD_DEPENDENCY_INFO_FILE\=/Users/sanjaykumar/Library/Developer/Xcode/DerivedData/VideoCallApp-evcapdoyusxvykgansyblgyjxatu/Build/Intermediates.noindex/Pods.build/Debug-iphonesimulator/ReactNativeDependencies.build/Objects-normal/undefined_arch/ReactNativeDependencies_dependency_info.dat
    export LD_EXPORT_SYMBOLS\=YES
    export LD_GENERATE_MAP_FILE\=NO
    export LD_MAP_FILE_PATH\=/Users/sanjaykumar/Library/Developer/Xcode/DerivedData/VideoCallApp-evcapdoyusxvykgansyblgyjxatu/Build/Intermediates.noindex/Pods.build/Debug-iphonesimulator/ReactNativeDependencies.build/ReactNativeDependencies-LinkMap-normal-undefined_arch.txt
    export LD_NO_PIE\=NO
    export LD_QUOTE_LINKER_ARGUMENTS_FOR_COMPILER_DRIVER\=YES
    export LD_RUNPATH_SEARCH_PATHS\=\ @executable_path/Frameworks
    export LD_SHARED_CACHE_ELIGIBLE\=Automatic
    export LD_WARN_DUPLICATE_LIBRARIES\=NO
    export LD_WARN_UNUSED_DYLIBS\=NO
    export LEGACY_DEVELOPER_DIR\=/Applications/Xcode.app/Contents/PlugIns/Xcode3Core.ideplugin/Contents/SharedSupport/Developer
    export LEX\=lex
    export LIBRARY_DEXT_INSTALL_PATH\=/Library/DriverExtensions
    export LIBRARY_FLAG_NOSPACE\=YES
    export LIBRARY_KEXT_INSTALL_PATH\=/Library/Extensions
    export LINKER_DISPLAYS_MANGLED_NAMES\=NO
    export LINK_FILE_LIST_normal_arm64\=/Users/sanjaykumar/Library/Developer/Xcode/DerivedData/VideoCallApp-evcapdoyusxvykgansyblgyjxatu/Build/Intermediates.noindex/Pods.build/Debug-iphonesimulator/ReactNativeDependencies.build/Objects-normal/arm64/ReactNativeDependencies.LinkFileList
    export LINK_FILE_LIST_normal_x86_64\=/Users/sanjaykumar/Library/Developer/Xcode/DerivedData/VideoCallApp-evcapdoyusxvykgansyblgyjxatu/Build/Intermediates.noindex/Pods.build/Debug-iphonesimulator/ReactNativeDependencies.build/Objects-normal/x86_64/ReactNativeDependencies.LinkFileList
    export LINK_OBJC_RUNTIME\=YES
    export LINK_WITH_STANDARD_LIBRARIES\=YES
    export LLVM_TARGET_TRIPLE_OS_VERSION\=ios15.1
    export LLVM_TARGET_TRIPLE_SUFFIX\=-simulator
    export LLVM_TARGET_TRIPLE_VENDOR\=apple
    export LM_AUX_CONST_METADATA_LIST_PATH_normal_arm64\=/Users/sanjaykumar/Library/Developer/Xcode/DerivedData/VideoCallApp-evcapdoyusxvykgansyblgyjxatu/Build/Intermediates.noindex/Pods.build/Debug-iphonesimulator/ReactNativeDependencies.build/Objects-normal/arm64/ReactNativeDependencies.SwiftConstValuesFileList
    export LM_AUX_CONST_METADATA_LIST_PATH_normal_x86_64\=/Users/sanjaykumar/Library/Developer/Xcode/DerivedData/VideoCallApp-evcapdoyusxvykgansyblgyjxatu/Build/Intermediates.noindex/Pods.build/Debug-iphonesimulator/ReactNativeDependencies.build/Objects-normal/x86_64/ReactNativeDependencies.SwiftConstValuesFileList
    export LOCALIZATION_EXPORT_SUPPORTED\=YES
    export LOCALIZATION_PREFERS_STRING_CATALOGS\=NO
    export LOCALIZED_STRING_CODE_COMMENTS\=NO
    export LOCALIZED_STRING_MACRO_NAMES\=NSLocalizedString\ CFCopyLocalizedString
    export LOCALIZED_STRING_SWIFTUI_SUPPORT\=YES
    export LOCAL_ADMIN_APPS_DIR\=/Applications/Utilities
    export LOCAL_APPS_DIR\=/Applications
    export LOCAL_DEVELOPER_DIR\=/Library/Developer
    export LOCAL_LIBRARY_DIR\=/Library
    export LOCROOT\=/Users/sanjaykumar/Desktop/Newfolder/VideoCallApp/ios/Pods
    export LOCSYMROOT\=/Users/sanjaykumar/Desktop/Newfolder/VideoCallApp/ios/Pods
    export MAC_OS_X_PRODUCT_BUILD_VERSION\=25G83
    export MAC_OS_X_VERSION_ACTUAL\=260602
    export MAC_OS_X_VERSION_MAJOR\=260000
    export MAC_OS_X_VERSION_MINOR\=260600
    export MAKE_MERGEABLE\=NO
    export MERGEABLE_LIBRARY\=NO
    export MERGED_BINARY_TYPE\=none
    export MERGE_LINKED_LIBRARIES\=NO
    export METAL_LIBRARY_FILE_BASE\=default
    export METAL_LIBRARY_OUTPUT_DIR\=/Users/sanjaykumar/Library/Developer/Xcode/DerivedData/VideoCallApp-evcapdoyusxvykgansyblgyjxatu/Build/Products/Debug-iphonesimulator/ReactNativeDependencies/
    export MODULE_CACHE_DIR\=/Users/sanjaykumar/Library/Developer/Xcode/DerivedData/ModuleCache.noindex
    export MTL_ENABLE_DEBUG_INFO\=INCLUDE_SOURCE
    export MTL_FAST_MATH\=YES
    export NATIVE_ARCH\=arm64
    export NATIVE_ARCH_32_BIT\=arm
    export NATIVE_ARCH_64_BIT\=arm64
    export NATIVE_ARCH_ACTUAL\=arm64
    export NO_COMMON\=YES
    export OBJC_ABI_VERSION\=2
    export OBJECT_FILE_DIR\=/Users/sanjaykumar/Library/Developer/Xcode/DerivedData/VideoCallApp-evcapdoyusxvykgansyblgyjxatu/Build/Intermediates.noindex/Pods.build/Debug-iphonesimulator/ReactNativeDependencies.build/Objects
    export OBJECT_FILE_DIR_normal\=/Users/sanjaykumar/Library/Developer/Xcode/DerivedData/VideoCallApp-evcapdoyusxvykgansyblgyjxatu/Build/Intermediates.noindex/Pods.build/Debug-iphonesimulator/ReactNativeDependencies.build/Objects-normal
    export OBJROOT\=/Users/sanjaykumar/Library/Developer/Xcode/DerivedData/VideoCallApp-evcapdoyusxvykgansyblgyjxatu/Build/Intermediates.noindex
    export ONLY_ACTIVE_ARCH\=NO
    export OS\=MACOS
    export OSAC\=/usr/bin/osacompile
    export OTHER_CFLAGS\=\ -DRCT_REMOVE_LEGACY_ARCH\=1\ \"-fmodule-map-file\=/Users/sanjaykumar/Desktop/Newfolder/VideoCallApp/ios/Pods/React-Core-prebuilt/Headers/module.modulemap\"
    export OTHER_CPLUSPLUSFLAGS\=\ -DRCT_REMOVE_LEGACY_ARCH\=1\ \"-fmodule-map-file\=/Users/sanjaykumar/Desktop/Newfolder/VideoCallApp/ios/Pods/React-Core-prebuilt/Headers/module.modulemap\"\ -DRCT_REMOVE_LEGACY_ARCH\=1\ \"-fmodule-map-file\=/Users/sanjaykumar/Desktop/Newfolder/VideoCallApp/ios/Pods/React-Core-prebuilt/Headers/module.modulemap\"
    export OTHER_SWIFT_FLAGS\=\ -Xcc\ -Wno-incomplete-umbrella\ -Xcc\ \"-fmodule-map-file\=/Users/sanjaykumar/Desktop/Newfolder/VideoCallApp/ios/Pods/React-Core-prebuilt/Headers/module.modulemap\"
    export PASCAL_STRINGS\=YES
    export PATH\=/Applications/Xcode.app/Contents/SharedFrameworks/SwiftBuild.framework/Versions/A/PlugIns/SWBBuildService.bundle/Contents/PlugIns/SWBUniversalPlatformPlugin.bundle/Contents/Frameworks/SWBUniversalPlatform.framework/Resources:/Applications/Xcode.app/Contents/Developer/Toolchains/XcodeDefault.xctoolchain/usr/bin:/Applications/Xcode.app/Contents/Developer/Toolchains/XcodeDefault.xctoolchain/usr/local/bin:/Applications/Xcode.app/Contents/Developer/Toolchains/XcodeDefault.xctoolchain/usr/libexec:/Applications/Xcode.app/Contents/Developer/Platforms/iPhoneSimulator.platform/usr/bin:/Applications/Xcode.app/Contents/Developer/Platforms/iPhoneSimulator.platform/usr/local/bin:/Applications/Xcode.app/Contents/Developer/Platforms/iPhoneSimulator.platform/Developer/usr/bin:/Applications/Xcode.app/Contents/Developer/Platforms/iPhoneSimulator.platform/Developer/usr/local/bin:/Applications/Xcode.app/Contents/Developer/usr/bin:/Applications/Xcode.app/Contents/Developer/usr/local/bin:/Users/sanjaykumar/.gemini/antigravity-ide/bin:/Users/sanjaykumar/.antigravity-ide/antigravity-ide/bin:/Users/sanjaykumar/.antigravity/antigravity/bin:/opt/homebrew/bin:/opt/homebrew/sbin:/usr/local/bin:/System/Cryptexes/App/usr/bin:/usr/bin:/bin:/usr/sbin:/sbin:/var/run/com.apple.security.cryptexd/codex.system/bootstrap/usr/local/bin:/var/run/com.apple.security.cryptexd/codex.system/bootstrap/usr/bin:/var/run/com.apple.security.cryptexd/codex.system/bootstrap/usr/appleinternal/bin:/pkg/env/global/bin:/Library/Apple/usr/bin
    export PATH_PREFIXES_EXCLUDED_FROM_HEADER_DEPENDENCIES\=/usr/include\ /usr/local/include\ /System/Library/Frameworks\ /System/Library/PrivateFrameworks\ /Applications/Xcode.app/Contents/Developer/Headers\ /Applications/Xcode.app/Contents/Developer/SDKs\ /Applications/Xcode.app/Contents/Developer/Platforms
    export PER_ARCH_MODULE_FILE_DIR\=/Users/sanjaykumar/Library/Developer/Xcode/DerivedData/VideoCallApp-evcapdoyusxvykgansyblgyjxatu/Build/Intermediates.noindex/Pods.build/Debug-iphonesimulator/ReactNativeDependencies.build/Objects-normal/undefined_arch
    export PER_ARCH_OBJECT_FILE_DIR\=/Users/sanjaykumar/Library/Developer/Xcode/DerivedData/VideoCallApp-evcapdoyusxvykgansyblgyjxatu/Build/Intermediates.noindex/Pods.build/Debug-iphonesimulator/ReactNativeDependencies.build/Objects-normal/undefined_arch
    export PER_VARIANT_OBJECT_FILE_DIR\=/Users/sanjaykumar/Library/Developer/Xcode/DerivedData/VideoCallApp-evcapdoyusxvykgansyblgyjxatu/Build/Intermediates.noindex/Pods.build/Debug-iphonesimulator/ReactNativeDependencies.build/Objects-normal
    export PKGINFO_FILE_PATH\=/Users/sanjaykumar/Library/Developer/Xcode/DerivedData/VideoCallApp-evcapdoyusxvykgansyblgyjxatu/Build/Intermediates.noindex/Pods.build/Debug-iphonesimulator/ReactNativeDependencies.build/PkgInfo
    export PLATFORM_DEVELOPER_APPLICATIONS_DIR\=/Applications/Xcode.app/Contents/Developer/Platforms/iPhoneSimulator.platform/Developer/Applications
    export PLATFORM_DEVELOPER_BIN_DIR\=/Applications/Xcode.app/Contents/Developer/Platforms/iPhoneSimulator.platform/Developer/usr/bin
    export PLATFORM_DEVELOPER_LIBRARY_DIR\=/Applications/Xcode.app/Contents/Developer/Platforms/iPhoneSimulator.platform/Developer/Library
    export PLATFORM_DEVELOPER_SDK_DIR\=/Applications/Xcode.app/Contents/Developer/Platforms/iPhoneSimulator.platform/Developer/SDKs
    export PLATFORM_DEVELOPER_TOOLS_DIR\=/Applications/Xcode.app/Contents/Developer/Platforms/iPhoneSimulator.platform/Developer/Tools
    export PLATFORM_DEVELOPER_USR_DIR\=/Applications/Xcode.app/Contents/Developer/Platforms/iPhoneSimulator.platform/Developer/usr
    export PLATFORM_DIR\=/Applications/Xcode.app/Contents/Developer/Platforms/iPhoneSimulator.platform
    export PLATFORM_DISPLAY_NAME\=iOS\ Simulator
    export PLATFORM_FAMILY_NAME\=iOS
    export PLATFORM_NAME\=iphonesimulator
    export PLATFORM_PREFERRED_ARCH\=x86_64
    export PLATFORM_PRODUCT_BUILD_VERSION\=23F81a
    export PLATFORM_REQUIRES_SWIFT_AUTOLINK_EXTRACT\=NO
    export PLATFORM_REQUIRES_SWIFT_MODULEWRAP\=NO
    export PLATFORM_USES_DSYMS\=YES
    export PLIST_FILE_OUTPUT_FORMAT\=binary
    export PODFILE_DIR\=/Users/sanjaykumar/Desktop/Newfolder/VideoCallApp/ios/Pods/..
    export PODS_BUILD_DIR\=/Users/sanjaykumar/Library/Developer/Xcode/DerivedData/VideoCallApp-evcapdoyusxvykgansyblgyjxatu/Build/Products
    export PODS_CONFIGURATION_BUILD_DIR\=/Users/sanjaykumar/Library/Developer/Xcode/DerivedData/VideoCallApp-evcapdoyusxvykgansyblgyjxatu/Build/Products/Debug-iphonesimulator
    export PODS_DEVELOPMENT_LANGUAGE\=en
    export PODS_ROOT\=/Users/sanjaykumar/Desktop/Newfolder/VideoCallApp/ios/Pods
    export PODS_TARGET_SRCROOT\=/Users/sanjaykumar/Desktop/Newfolder/VideoCallApp/ios/Pods/ReactNativeDependencies
    export PODS_XCFRAMEWORKS_BUILD_DIR\=/Users/sanjaykumar/Library/Developer/Xcode/DerivedData/VideoCallApp-evcapdoyusxvykgansyblgyjxatu/Build/Products/Debug-iphonesimulator/XCFrameworkIntermediates
    export PRECOMPS_INCLUDE_HEADERS_FROM_BUILT_PRODUCTS_DIR\=YES
    export PRECOMP_DESTINATION_DIR\=/Users/sanjaykumar/Library/Developer/Xcode/DerivedData/VideoCallApp-evcapdoyusxvykgansyblgyjxatu/Build/Intermediates.noindex/Pods.build/Debug-iphonesimulator/ReactNativeDependencies.build/PrefixHeaders
    export PROCESSED_INFOPLIST_PATH\=/Users/sanjaykumar/Library/Developer/Xcode/DerivedData/VideoCallApp-evcapdoyusxvykgansyblgyjxatu/Build/Intermediates.noindex/Pods.build/Debug-iphonesimulator/ReactNativeDependencies.build/Objects-normal/undefined_arch/Processed-Info.plist
    export PRODUCT_BUNDLE_IDENTIFIER\=org.cocoapods.ReactNativeDependencies
    export PRODUCT_MODULE_NAME\=ReactNativeDependencies
    export PRODUCT_NAME\=ReactNativeDependencies
    export PRODUCT_SETTINGS_PATH\=
    export PROFILING_CODE\=NO
    export PROJECT\=Pods
    export PROJECT_DERIVED_FILE_DIR\=/Users/sanjaykumar/Library/Developer/Xcode/DerivedData/VideoCallApp-evcapdoyusxvykgansyblgyjxatu/Build/Intermediates.noindex/Pods.build/DerivedSources
    export PROJECT_DIR\=/Users/sanjaykumar/Desktop/Newfolder/VideoCallApp/ios/Pods
    export PROJECT_FILE_PATH\=/Users/sanjaykumar/Desktop/Newfolder/VideoCallApp/ios/Pods/Pods.xcodeproj
    export PROJECT_GUID\=8699adb1dd336b26511df848a716bd42
    export PROJECT_NAME\=Pods
    export PROJECT_TEMP_DIR\=/Users/sanjaykumar/Library/Developer/Xcode/DerivedData/VideoCallApp-evcapdoyusxvykgansyblgyjxatu/Build/Intermediates.noindex/Pods.build
    export PROJECT_TEMP_ROOT\=/Users/sanjaykumar/Library/Developer/Xcode/DerivedData/VideoCallApp-evcapdoyusxvykgansyblgyjxatu/Build/Intermediates.noindex
    export REACT_NATIVE_PATH\=/Users/sanjaykumar/Desktop/Newfolder/VideoCallApp/ios/Pods/../../node_modules/react-native
    export RECOMMENDED_IPHONEOS_DEPLOYMENT_TARGET\=15.0
    export RECURSIVE_SEARCH_PATHS_FOLLOW_SYMLINKS\=YES
    export REMOVE_CVS_FROM_RESOURCES\=YES
    export REMOVE_GIT_FROM_RESOURCES\=YES
    export REMOVE_HEADERS_FROM_EMBEDDED_BUNDLES\=YES
    export REMOVE_HG_FROM_RESOURCES\=YES
    export REMOVE_STATIC_EXECUTABLES_FROM_EMBEDDED_BUNDLES\=YES
    export REMOVE_SVN_FROM_RESOURCES\=YES
    export RESCHEDULE_INDEPENDENT_HEADERS_PHASES\=YES
    export REZ_COLLECTOR_DIR\=/Users/sanjaykumar/Library/Developer/Xcode/DerivedData/VideoCallApp-evcapdoyusxvykgansyblgyjxatu/Build/Intermediates.noindex/Pods.build/Debug-iphonesimulator/ReactNativeDependencies.build/ResourceManagerResources
    export REZ_OBJECTS_DIR\=/Users/sanjaykumar/Library/Developer/Xcode/DerivedData/VideoCallApp-evcapdoyusxvykgansyblgyjxatu/Build/Intermediates.noindex/Pods.build/Debug-iphonesimulator/ReactNativeDependencies.build/ResourceManagerResources/Objects
    export RPATH_ORIGIN\=@loader_path
    export RUNTIME_EXCEPTION_ALLOW_DYLD_ENVIRONMENT_VARIABLES\=NO
    export RUNTIME_EXCEPTION_ALLOW_JIT\=NO
    export RUNTIME_EXCEPTION_ALLOW_UNSIGNED_EXECUTABLE_MEMORY\=NO
    export RUNTIME_EXCEPTION_DEBUGGING_TOOL\=NO
    export RUNTIME_EXCEPTION_DISABLE_EXECUTABLE_PAGE_PROTECTION\=NO
    export RUNTIME_EXCEPTION_DISABLE_LIBRARY_VALIDATION\=NO
    export SCANNING_PCM_KEEP_CACHE_DIRECTORY\=YES
    export SCAN_ALL_SOURCE_FILES_FOR_INCLUDES\=NO
    export SCRIPT_INPUT_FILE_COUNT\=0
    export SCRIPT_INPUT_FILE_LIST_COUNT\=0
    export SCRIPT_OUTPUT_FILE_COUNT\=0
    export SCRIPT_OUTPUT_FILE_LIST_COUNT\=0
    export SDKROOT\=/Applications/Xcode.app/Contents/Developer/Platforms/iPhoneSimulator.platform/Developer/SDKs/iPhoneSimulator26.5.sdk
    export SDK_DIR\=/Applications/Xcode.app/Contents/Developer/Platforms/iPhoneSimulator.platform/Developer/SDKs/iPhoneSimulator26.5.sdk
    export SDK_DIR_iphonesimulator\=/Applications/Xcode.app/Contents/Developer/Platforms/iPhoneSimulator.platform/Developer/SDKs/iPhoneSimulator26.5.sdk
    export SDK_DIR_iphonesimulator26_5\=/Applications/Xcode.app/Contents/Developer/Platforms/iPhoneSimulator.platform/Developer/SDKs/iPhoneSimulator26.5.sdk
    export SDK_NAME\=iphonesimulator26.5
    export SDK_NAMES\=iphonesimulator26.5
    export SDK_PRODUCT_BUILD_VERSION\=23F81a
    export SDK_STAT_CACHE_DIR\=/Users/sanjaykumar/Library/Developer/Xcode/DerivedData
    export SDK_STAT_CACHE_ENABLE\=YES
    export SDK_STAT_CACHE_PATH\=/Users/sanjaykumar/Library/Developer/Xcode/DerivedData/SDKStatCaches.noindex/iphonesimulator26.5-23F81a-6cfe768891a92b912361537c460fe42b.sdkstatcache
    export SDK_VERSION\=26.5
    export SDK_VERSION_ACTUAL\=260500
    export SDK_VERSION_MAJOR\=260000
    export SDK_VERSION_MINOR\=260500
    export SED\=/usr/bin/sed
    export SEPARATE_STRIP\=NO
    export SEPARATE_SYMBOL_EDIT\=NO
    export SET_DIR_MODE_OWNER_GROUP\=YES
    export SET_FILE_MODE_OWNER_GROUP\=NO
    export SHALLOW_BUNDLE\=NO
    export SHARED_DERIVED_FILE_DIR\=/Users/sanjaykumar/Library/Developer/Xcode/DerivedData/VideoCallApp-evcapdoyusxvykgansyblgyjxatu/Build/Products/Debug-iphonesimulator/ReactNativeDependencies/DerivedSources
    export SHARED_PRECOMPS_DIR\=/Users/sanjaykumar/Library/Developer/Xcode/DerivedData/VideoCallApp-evcapdoyusxvykgansyblgyjxatu/Build/Intermediates.noindex/PrecompiledHeaders
    export SKIP_INSTALL\=YES
    export SKIP_MERGEABLE_LIBRARY_BUNDLE_HOOK\=NO
    export SOURCE_ROOT\=/Users/sanjaykumar/Desktop/Newfolder/VideoCallApp/ios/Pods
    export SRCROOT\=/Users/sanjaykumar/Desktop/Newfolder/VideoCallApp/ios/Pods
    export STRINGSDATA_DIR\=/Users/sanjaykumar/Library/Developer/Xcode/DerivedData/VideoCallApp-evcapdoyusxvykgansyblgyjxatu/Build/Intermediates.noindex/Pods.build/Debug-iphonesimulator/ReactNativeDependencies.build/Objects-normal/undefined_arch
    export STRINGSDATA_ROOT\=/Users/sanjaykumar/Library/Developer/Xcode/DerivedData/VideoCallApp-evcapdoyusxvykgansyblgyjxatu/Build/Intermediates.noindex/Pods.build/Debug-iphonesimulator/ReactNativeDependencies.build
    export STRINGS_FILE_INFOPLIST_RENAME\=YES
    export STRINGS_FILE_OUTPUT_ENCODING\=binary
    export STRING_CATALOG_GENERATE_SYMBOLS\=NO
    export STRIP_BITCODE_FROM_COPIED_FILES\=NO
    export STRIP_INSTALLED_PRODUCT\=NO
    export STRIP_STYLE\=all
    export STRIP_SWIFT_SYMBOLS\=YES
    export SUPPORTED_DEVICE_FAMILIES\=1,2
    export SUPPORTED_PLATFORMS\=iphoneos\ iphonesimulator
    export SUPPORTS_TEXT_BASED_API\=NO
    export SUPPRESS_WARNINGS\=NO
    export SWIFT_ACTIVE_COMPILATION_CONDITIONS\=\ DEBUG
    export SWIFT_EMIT_CONST_VALUE_PROTOCOLS\=AnyResolverProviding\ AppEntity\ AppEnum\ AppExtension\ AppIntent\ AppIntentsPackage\ AppShortcutProviding\ AppShortcutsProvider\ AppUnionValue\ AppUnionValueCasesProviding\ DynamicOptionsProvider\ EntityQuery\ ExtensionPointDefining\ IntentValueQuery\ Resolver\ TransientEntity\ _AssistantIntentsProvider\ _GenerativeFunctionExtractable\ _IntentValueRepresentable
    export SWIFT_EMIT_LOC_STRINGS\=NO
    export SWIFT_ENABLE_EXPLICIT_MODULES\=YES
    export SWIFT_OPTIMIZATION_LEVEL\=-Onone
    export SWIFT_PLATFORM_TARGET_PREFIX\=ios
    export SWIFT_RESPONSE_FILE_PATH_normal_arm64\=/Users/sanjaykumar/Library/Developer/Xcode/DerivedData/VideoCallApp-evcapdoyusxvykgansyblgyjxatu/Build/Intermediates.noindex/Pods.build/Debug-iphonesimulator/ReactNativeDependencies.build/Objects-normal/arm64/ReactNativeDependencies.SwiftFileList
    export SWIFT_RESPONSE_FILE_PATH_normal_x86_64\=/Users/sanjaykumar/Library/Developer/Xcode/DerivedData/VideoCallApp-evcapdoyusxvykgansyblgyjxatu/Build/Intermediates.noindex/Pods.build/Debug-iphonesimulator/ReactNativeDependencies.build/Objects-normal/x86_64/ReactNativeDependencies.SwiftFileList
    export SWIFT_VERSION\=5.0
    export SYMROOT\=/Users/sanjaykumar/Library/Developer/Xcode/DerivedData/VideoCallApp-evcapdoyusxvykgansyblgyjxatu/Build/Products
    export SYSTEM_ADMIN_APPS_DIR\=/Applications/Utilities
    export SYSTEM_APPS_DIR\=/Applications
    export SYSTEM_CORE_SERVICES_DIR\=/System/Library/CoreServices
    export SYSTEM_DEMOS_DIR\=/Applications/Extras
    export SYSTEM_DEVELOPER_APPS_DIR\=/Applications/Xcode.app/Contents/Developer/Applications
    export SYSTEM_DEVELOPER_BIN_DIR\=/Applications/Xcode.app/Contents/Developer/usr/bin
    export SYSTEM_DEVELOPER_DEMOS_DIR\=/Applications/Xcode.app/Contents/Developer/Applications/Utilities/Built\ Examples
    export SYSTEM_DEVELOPER_DIR\=/Applications/Xcode.app/Contents/Developer
    export SYSTEM_DEVELOPER_DOC_DIR\=/Applications/Xcode.app/Contents/Developer/ADC\ Reference\ Library
    export SYSTEM_DEVELOPER_GRAPHICS_TOOLS_DIR\=/Applications/Xcode.app/Contents/Developer/Applications/Graphics\ Tools
    export SYSTEM_DEVELOPER_JAVA_TOOLS_DIR\=/Applications/Xcode.app/Contents/Developer/Applications/Java\ Tools
    export SYSTEM_DEVELOPER_PERFORMANCE_TOOLS_DIR\=/Applications/Xcode.app/Contents/Developer/Applications/Performance\ Tools
    export SYSTEM_DEVELOPER_RELEASENOTES_DIR\=/Applications/Xcode.app/Contents/Developer/ADC\ Reference\ Library/releasenotes
    export SYSTEM_DEVELOPER_TOOLS\=/Applications/Xcode.app/Contents/Developer/Tools
    export SYSTEM_DEVELOPER_TOOLS_DOC_DIR\=/Applications/Xcode.app/Contents/Developer/ADC\ Reference\ Library/documentation/DeveloperTools
    export SYSTEM_DEVELOPER_TOOLS_RELEASENOTES_DIR\=/Applications/Xcode.app/Contents/Developer/ADC\ Reference\ Library/releasenotes/DeveloperTools
    export SYSTEM_DEVELOPER_USR_DIR\=/Applications/Xcode.app/Contents/Developer/usr
    export SYSTEM_DEVELOPER_UTILITIES_DIR\=/Applications/Xcode.app/Contents/Developer/Applications/Utilities
    export SYSTEM_DEXT_INSTALL_PATH\=/System/Library/DriverExtensions
    export SYSTEM_DOCUMENTATION_DIR\=/Library/Documentation
    export SYSTEM_KEXT_INSTALL_PATH\=/System/Library/Extensions
    export SYSTEM_LIBRARY_DIR\=/System/Library
    export TAPI_DEMANGLE\=YES
    export TAPI_ENABLE_PROJECT_HEADERS\=NO
    export TAPI_LANGUAGE\=objective-c
    export TAPI_LANGUAGE_STANDARD\=compiler-default
    export TAPI_USE_SRCROOT\=YES
    export TAPI_VERIFY_MODE\=Pedantic
    export TARGETED_DEVICE_FAMILY\=1,2
    export TARGETNAME\=ReactNativeDependencies
    export TARGET_BUILD_DIR\=/Users/sanjaykumar/Library/Developer/Xcode/DerivedData/VideoCallApp-evcapdoyusxvykgansyblgyjxatu/Build/Products/Debug-iphonesimulator/ReactNativeDependencies
    export TARGET_NAME\=ReactNativeDependencies
    export TARGET_TEMP_DIR\=/Users/sanjaykumar/Library/Developer/Xcode/DerivedData/VideoCallApp-evcapdoyusxvykgansyblgyjxatu/Build/Intermediates.noindex/Pods.build/Debug-iphonesimulator/ReactNativeDependencies.build
    export TEMP_DIR\=/Users/sanjaykumar/Library/Developer/Xcode/DerivedData/VideoCallApp-evcapdoyusxvykgansyblgyjxatu/Build/Intermediates.noindex/Pods.build/Debug-iphonesimulator/ReactNativeDependencies.build
    export TEMP_FILES_DIR\=/Users/sanjaykumar/Library/Developer/Xcode/DerivedData/VideoCallApp-evcapdoyusxvykgansyblgyjxatu/Build/Intermediates.noindex/Pods.build/Debug-iphonesimulator/ReactNativeDependencies.build
    export TEMP_FILE_DIR\=/Users/sanjaykumar/Library/Developer/Xcode/DerivedData/VideoCallApp-evcapdoyusxvykgansyblgyjxatu/Build/Intermediates.noindex/Pods.build/Debug-iphonesimulator/ReactNativeDependencies.build
    export TEMP_ROOT\=/Users/sanjaykumar/Library/Developer/Xcode/DerivedData/VideoCallApp-evcapdoyusxvykgansyblgyjxatu/Build/Intermediates.noindex
    export TEMP_SANDBOX_DIR\=/Users/sanjaykumar/Library/Developer/Xcode/DerivedData/VideoCallApp-evcapdoyusxvykgansyblgyjxatu/Build/Intermediates.noindex/TemporaryTaskSandboxes
    export TEST_FRAMEWORK_SEARCH_PATHS\=\ /Applications/Xcode.app/Contents/Developer/Platforms/iPhoneSimulator.platform/Developer/Library/Frameworks\ /Applications/Xcode.app/Contents/Developer/Platforms/iPhoneSimulator.platform/Developer/SDKs/iPhoneSimulator26.5.sdk/Developer/Library/Frameworks
    export TEST_LIBRARY_SEARCH_PATHS\=\ /Applications/Xcode.app/Contents/Developer/Platforms/iPhoneSimulator.platform/Developer/usr/lib
    export TOOLCHAINS\=com.apple.dt.toolchain.XcodeDefault
    export TOOLCHAIN_DIR\=/Applications/Xcode.app/Contents/Developer/Toolchains/XcodeDefault.xctoolchain
    export TREAT_MISSING_BASELINES_AS_TEST_FAILURES\=NO
    export TREAT_MISSING_SCRIPT_PHASE_OUTPUTS_AS_ERRORS\=NO
    export UID\=501
    export UNINSTALLED_PRODUCTS_DIR\=/Users/sanjaykumar/Library/Developer/Xcode/DerivedData/VideoCallApp-evcapdoyusxvykgansyblgyjxatu/Build/Intermediates.noindex/UninstalledProducts
    export UNSTRIPPED_PRODUCT\=NO
    export USER\=sanjaykumar
    export USER_APPS_DIR\=/Users/sanjaykumar/Applications
    export USER_LIBRARY_DIR\=/Users/sanjaykumar/Library
    export USE_DYNAMIC_NO_PIC\=YES
    export USE_HEADERMAP\=YES
    export USE_HEADER_SYMLINKS\=NO
    export USE_HERMES\=true
    export USE_RECURSIVE_SCRIPT_INPUTS_IN_SCRIPT_PHASES\=YES
    export VALIDATE_DEVELOPMENT_ASSET_PATHS\=YES_ERROR
    export VALIDATE_PRODUCT\=NO
    export VALID_ARCHS\=arm64\ x86_64
    export VERBOSE_PBXCP\=NO
    export VERSION_INFO_BUILDER\=sanjaykumar
    export VERSION_INFO_FILE\=ReactNativeDependencies_vers.c
    export VERSION_INFO_STRING\=\"@\(\#\)PROGRAM:ReactNativeDependencies\ \ PROJECT:Pods-\"
    export WORKSPACE_DIR\=/Users/sanjaykumar/Desktop/Newfolder/VideoCallApp/ios
    export WRAP_ASSET_PACKS_IN_SEPARATE_DIRECTORIES\=NO
    export XCODE_APP_SUPPORT_DIR\=/Applications/Xcode.app/Contents/Developer/Library/Xcode
    export XCODE_PRODUCT_BUILD_VERSION\=17F113
    export XCODE_VERSION_ACTUAL\=2660
    export XCODE_VERSION_MAJOR\=2600
    export XCODE_VERSION_MINOR\=2660
    export XPCSERVICES_FOLDER_PATH\=/XPCServices
    export YACC\=yacc
    export _DISCOVER_COMMAND_LINE_LINKER_INPUTS\=YES
    export _DISCOVER_COMMAND_LINE_LINKER_INPUTS_INCLUDE_WL\=YES
    export _LD_MULTIARCH\=YES
    export __DIAGNOSE_DEPRECATED_ARCHS\=YES
    export __ORIGINAL_SDK_DEFINED_LLVM_TARGET_TRIPLE_SYS\=ios
    export arch\=undefined_arch
    export variant\=normal
    /bin/sh -c /Users/sanjaykumar/Library/Developer/Xcode/DerivedData/VideoCallApp-evcapdoyusxvykgansyblgyjxatu/Build/Intermediates.noindex/Pods.build/Debug-iphonesimulator/ReactNativeDependencies.build/Script-46EB2E00012850.sh
Node found at: /opt/homebrew/Cellar/node/25.2.1/bin/node
No previous build detected, but Debug Configuration. No need to replace RNDeps

note: Run script build phase '[CP-User] [RNCore] Replace React Native Core for the right configuration, if needed' will be run during every build because the option to run the script phase "Based on dependency analysis" is unchecked. (in target 'React-Core-prebuilt' from project 'Pods')
PhaseScriptExecution [CP-User]\ [RNCore]\ Replace\ React\ Native\ Core\ for\ the\ right\ configuration,\ if\ needed /Users/sanjaykumar/Library/Developer/Xcode/DerivedData/VideoCallApp-evcapdoyusxvykgansyblgyjxatu/Build/Intermediates.noindex/Pods.build/Debug-iphonesimulator/React-Core-prebuilt.build/Script-46EB2E00012810.sh (in target 'React-Core-prebuilt' from project 'Pods')
    cd /Users/sanjaykumar/Desktop/Newfolder/VideoCallApp/ios/Pods
    export ACTION\=build
    export AD_HOC_CODE_SIGNING_ALLOWED\=YES
    export ALLOW_BUILD_REQUEST_OVERRIDES\=NO
    export ALLOW_TARGET_PLATFORM_SPECIALIZATION\=NO
    export ALTERNATE_GROUP\=staff
    export ALTERNATE_MODE\=u+w,go-w,a+rX
    export ALTERNATE_OWNER\=sanjaykumar
    export ALTERNATIVE_DISTRIBUTION_WEB\=NO
    export ALWAYS_EMBED_SWIFT_STANDARD_LIBRARIES\=NO
    export ALWAYS_SEARCH_USER_PATHS\=NO
    export ALWAYS_USE_SEPARATE_HEADERMAPS\=NO
    export ANDROID_DEPLOYMENT_TARGET\=21.0
    export APPLICATION_EXTENSION_API_ONLY\=NO
    export APPLY_RULES_IN_COPY_FILES\=NO
    export APPLY_RULES_IN_COPY_HEADERS\=NO
    export APP_SHORTCUTS_ENABLE_FLEXIBLE_MATCHING\=YES
    export ARCHS\=arm64\ x86_64
    export ARCHS_BASE\=arm64\ x86_64
    export ARCHS_STANDARD\=arm64\ x86_64
    export ARCHS_STANDARD_32_64_BIT\=arm64\ x86_64
    export ARCHS_STANDARD_64_BIT\=arm64\ x86_64
    export ARCHS_STANDARD_INCLUDING_64_BIT\=arm64\ x86_64
    export ARCHS_UNIVERSAL_IPHONE_OS\=arm64\ x86_64
    export ASSETCATALOG_COMPILER_APPICON_NAME\=AppIcon
    export ASSETCATALOG_COMPILER_GLOBAL_ACCENT_COLOR_NAME\=AccentColor
    export AUTOMATICALLY_MERGE_DEPENDENCIES\=NO
    export AUTOMATION_APPLE_EVENTS\=NO
    export AVAILABLE_PLATFORMS\=android\ appletvos\ appletvsimulator\ driverkit\ freebsd\ iphoneos\ iphonesimulator\ linux\ macosx\ none\ openbsd\ qnx\ watchos\ watchsimulator\ webassembly\ xros\ xrsimulator
    export BUILD_ACTIVE_RESOURCES_ONLY\=NO
    export BUILD_COMPONENTS\=headers\ build
    export BUILD_DIR\=/Users/sanjaykumar/Library/Developer/Xcode/DerivedData/VideoCallApp-evcapdoyusxvykgansyblgyjxatu/Build/Products
    export BUILD_LIBRARY_FOR_DISTRIBUTION\=NO
    export BUILD_ONLY_KNOWN_LOCALIZATIONS\=NO
    export BUILD_ROOT\=/Users/sanjaykumar/Library/Developer/Xcode/DerivedData/VideoCallApp-evcapdoyusxvykgansyblgyjxatu/Build/Products
    export BUILD_STYLE\=
    export BUILD_VARIANTS\=normal
    export BUILT_PRODUCTS_DIR\=/Users/sanjaykumar/Library/Developer/Xcode/DerivedData/VideoCallApp-evcapdoyusxvykgansyblgyjxatu/Build/Products/Debug-iphonesimulator/React-Core-prebuilt
    export BUNDLE_CONTENTS_FOLDER_PATH_deep\=Contents/
    export BUNDLE_EXECUTABLE_FOLDER_NAME_deep\=MacOS
    export BUNDLE_EXTENSIONS_FOLDER_PATH\=Extensions
    export BUNDLE_FORMAT\=shallow
    export BUNDLE_FRAMEWORKS_FOLDER_PATH\=Frameworks
    export BUNDLE_PLUGINS_FOLDER_PATH\=PlugIns
    export BUNDLE_PRIVATE_HEADERS_FOLDER_PATH\=PrivateHeaders
    export BUNDLE_PUBLIC_HEADERS_FOLDER_PATH\=Headers
    export CACHE_ROOT\=/var/folders/sn/z3_w_w8j68ld8k973yyhm92c0000gn/C/com.apple.DeveloperTools/26.6-17F113/Xcode
    export CCHROOT\=/var/folders/sn/z3_w_w8j68ld8k973yyhm92c0000gn/C/com.apple.DeveloperTools/26.6-17F113/Xcode
    export CHMOD\=/bin/chmod
    export CHOWN\=chown
    export CLANG_ANALYZER_LOCALIZABILITY_NONLOCALIZED\=YES
    export CLANG_ANALYZER_NONNULL\=YES
    export CLANG_ANALYZER_NUMBER_OBJECT_CONVERSION\=YES_AGGRESSIVE
    export CLANG_CACHE_FINE_GRAINED_OUTPUTS\=YES
    export CLANG_CXX_LANGUAGE_STANDARD\=c++20
    export CLANG_CXX_LIBRARY\=libc++
    export CLANG_ENABLE_EXPLICIT_MODULES\=YES
    export CLANG_ENABLE_MODULES\=YES
    export CLANG_ENABLE_OBJC_ARC\=YES
    export CLANG_ENABLE_OBJC_WEAK\=NO
    export CLANG_MODULES_BUILD_SESSION_FILE\=/Users/sanjaykumar/Library/Developer/Xcode/DerivedData/ModuleCache.noindex/Session.modulevalidation
    export CLANG_WARN_BLOCK_CAPTURE_AUTORELEASING\=YES
    export CLANG_WARN_BOOL_CONVERSION\=YES
    export CLANG_WARN_COMMA\=YES
    export CLANG_WARN_CONSTANT_CONVERSION\=YES
    export CLANG_WARN_DEPRECATED_OBJC_IMPLEMENTATIONS\=YES
    export CLANG_WARN_DIRECT_OBJC_ISA_USAGE\=YES_ERROR
    export CLANG_WARN_DOCUMENTATION_COMMENTS\=YES
    export CLANG_WARN_EMPTY_BODY\=YES
    export CLANG_WARN_ENUM_CONVERSION\=YES
    export CLANG_WARN_INFINITE_RECURSION\=YES
    export CLANG_WARN_INT_CONVERSION\=YES
    export CLANG_WARN_NON_LITERAL_NULL_CONVERSION\=YES
    export CLANG_WARN_OBJC_IMPLICIT_RETAIN_SELF\=YES
    export CLANG_WARN_OBJC_LITERAL_CONVERSION\=YES
    export CLANG_WARN_OBJC_ROOT_CLASS\=YES_ERROR
    export CLANG_WARN_QUOTED_INCLUDE_IN_FRAMEWORK_HEADER\=NO
    export CLANG_WARN_RANGE_LOOP_ANALYSIS\=YES
    export CLANG_WARN_STRICT_PROTOTYPES\=YES
    export CLANG_WARN_SUSPICIOUS_MOVE\=YES
    export CLANG_WARN_UNGUARDED_AVAILABILITY\=YES_AGGRESSIVE
    export CLANG_WARN_UNREACHABLE_CODE\=YES
    export CLANG_WARN__DUPLICATE_METHOD_MATCH\=YES
    export CLASS_FILE_DIR\=/Users/sanjaykumar/Library/Developer/Xcode/DerivedData/VideoCallApp-evcapdoyusxvykgansyblgyjxatu/Build/Intermediates.noindex/Pods.build/Debug-iphonesimulator/React-Core-prebuilt.build/JavaClasses
    export CLEAN_PRECOMPS\=YES
    export CLONE_HEADERS\=NO
    export CODESIGNING_FOLDER_PATH\=/Users/sanjaykumar/Library/Developer/Xcode/DerivedData/VideoCallApp-evcapdoyusxvykgansyblgyjxatu/Build/Products/Debug-iphonesimulator/React-Core-prebuilt/
    export CODE_SIGNING_ALLOWED\=NO
    export CODE_SIGNING_REQUIRED\=YES
    export CODE_SIGN_CONTEXT_CLASS\=XCiPhoneSimulatorCodeSignContext
    export CODE_SIGN_IDENTITY\=-
    export CODE_SIGN_INJECT_BASE_ENTITLEMENTS\=YES
    export COLOR_DIAGNOSTICS\=NO
    export COMBINE_HIDPI_IMAGES\=NO
    export COMPILATION_CACHE_CAS_PATH\=/Users/sanjaykumar/Library/Developer/Xcode/DerivedData/CompilationCache.noindex
    export COMPILATION_CACHE_KEEP_CAS_DIRECTORY\=YES
    export COMPILER_INDEX_STORE_ENABLE\=Default
    export COMPOSITE_SDK_DIRS\=/Users/sanjaykumar/Library/Developer/Xcode/DerivedData/VideoCallApp-evcapdoyusxvykgansyblgyjxatu/Build/Intermediates.noindex/CompositeSDKs
    export COMPRESS_PNG_FILES\=YES
    export CONFIGURATION\=Debug
    export CONFIGURATION_BUILD_DIR\=/Users/sanjaykumar/Library/Developer/Xcode/DerivedData/VideoCallApp-evcapdoyusxvykgansyblgyjxatu/Build/Products/Debug-iphonesimulator/React-Core-prebuilt
    export CONFIGURATION_TEMP_DIR\=/Users/sanjaykumar/Library/Developer/Xcode/DerivedData/VideoCallApp-evcapdoyusxvykgansyblgyjxatu/Build/Intermediates.noindex/Pods.build/Debug-iphonesimulator
    export COPYING_PRESERVES_HFS_DATA\=NO
    export COPY_HEADERS_RUN_UNIFDEF\=NO
    export COPY_PHASE_STRIP\=NO
    export CORRESPONDING_DEVICE_PLATFORM_DIR\=/Applications/Xcode.app/Contents/Developer/Platforms/iPhoneOS.platform
    export CORRESPONDING_DEVICE_PLATFORM_NAME\=iphoneos
    export CORRESPONDING_DEVICE_SDK_DIR\=/Applications/Xcode.app/Contents/Developer/Platforms/iPhoneOS.platform/Developer/SDKs/iPhoneOS26.5.sdk
    export CORRESPONDING_DEVICE_SDK_NAME\=iphoneos26.5
    export CP\=/bin/cp
    export CREATE_INFOPLIST_SECTION_IN_BINARY\=NO
    export CURRENT_ARCH\=undefined_arch
    export CURRENT_VARIANT\=normal
    export DEAD_CODE_STRIPPING\=YES
    export DEBUGGING_SYMBOLS\=YES
    export DEBUG_INFORMATION_FORMAT\=dwarf
    export DEBUG_INFORMATION_VERSION\=compiler-default
    export DEFAULT_COMPILER\=com.apple.compilers.llvm.clang.1_0
    export DEFAULT_DEXT_INSTALL_PATH\=/System/Library/DriverExtensions
    export DEFAULT_KEXT_INSTALL_PATH\=/System/Library/Extensions
    export DEFINES_MODULE\=NO
    export DEPLOYMENT_LOCATION\=NO
    export DEPLOYMENT_POSTPROCESSING\=NO
    export DEPLOYMENT_TARGET_SETTING_NAME\=IPHONEOS_DEPLOYMENT_TARGET
    export DEPLOYMENT_TARGET_SUGGESTED_VALUES\=12.0\ 12.1\ 12.2\ 12.3\ 12.4\ 13.0\ 13.1\ 13.2\ 13.3\ 13.4\ 13.5\ 13.6\ 14.0\ 14.1\ 14.2\ 14.3\ 14.4\ 14.5\ 14.6\ 14.7\ 15.0\ 15.1\ 15.2\ 15.3\ 15.4\ 15.5\ 15.6\ 16.0\ 16.1\ 16.2\ 16.3\ 16.4\ 16.5\ 16.6\ 17.0\ 17.1\ 17.2\ 17.3\ 17.4\ 17.5\ 17.6\ 18.0\ 18.1\ 18.2\ 18.3\ 18.4\ 18.5\ 18.6\ 26.0\ 26.2\ 26.3\ 26.4\ 26.5
    export DERIVED_FILES_DIR\=/Users/sanjaykumar/Library/Developer/Xcode/DerivedData/VideoCallApp-evcapdoyusxvykgansyblgyjxatu/Build/Intermediates.noindex/Pods.build/Debug-iphonesimulator/React-Core-prebuilt.build/DerivedSources
    export DERIVED_FILE_DIR\=/Users/sanjaykumar/Library/Developer/Xcode/DerivedData/VideoCallApp-evcapdoyusxvykgansyblgyjxatu/Build/Intermediates.noindex/Pods.build/Debug-iphonesimulator/React-Core-prebuilt.build/DerivedSources
    export DERIVED_SOURCES_DIR\=/Users/sanjaykumar/Library/Developer/Xcode/DerivedData/VideoCallApp-evcapdoyusxvykgansyblgyjxatu/Build/Intermediates.noindex/Pods.build/Debug-iphonesimulator/React-Core-prebuilt.build/DerivedSources
    export DEVELOPER_APPLICATIONS_DIR\=/Applications/Xcode.app/Contents/Developer/Applications
    export DEVELOPER_BIN_DIR\=/Applications/Xcode.app/Contents/Developer/usr/bin
    export DEVELOPER_DIR\=/Applications/Xcode.app/Contents/Developer
    export DEVELOPER_FRAMEWORKS_DIR\=/Applications/Xcode.app/Contents/Developer/Library/Frameworks
    export DEVELOPER_FRAMEWORKS_DIR_QUOTED\=/Applications/Xcode.app/Contents/Developer/Library/Frameworks
    export DEVELOPER_LIBRARY_DIR\=/Applications/Xcode.app/Contents/Developer/Library
    export DEVELOPER_SDK_DIR\=/Applications/Xcode.app/Contents/Developer/Platforms/MacOSX.platform/Developer/SDKs
    export DEVELOPER_TOOLS_DIR\=/Applications/Xcode.app/Contents/Developer/Tools
    export DEVELOPER_USR_DIR\=/Applications/Xcode.app/Contents/Developer/usr
    export DEVELOPMENT_LANGUAGE\=en
    export DIAGNOSE_MISSING_TARGET_DEPENDENCIES\=YES
    export DIFF\=/usr/bin/diff
    export DONT_GENERATE_INFOPLIST_FILE\=NO
    export DSTROOT\=/tmp/Pods.dst
    export DT_TOOLCHAIN_DIR\=/Applications/Xcode.app/Contents/Developer/Toolchains/XcodeDefault.xctoolchain
    export DUMP_DEPENDENCIES\=NO
    export DUMP_DEPENDENCIES_OUTPUT_PATH\=/Users/sanjaykumar/Library/Developer/Xcode/DerivedData/VideoCallApp-evcapdoyusxvykgansyblgyjxatu/Build/Intermediates.noindex/Pods.build/Debug-iphonesimulator/React-Core-prebuilt.build/React-Core-prebuilt-BuildDependencyInfo.json
    export DWARF_DSYM_FILE_NAME\=.dSYM
    export DWARF_DSYM_FILE_SHOULD_ACCOMPANY_PRODUCT\=NO
    export DWARF_DSYM_FOLDER_PATH\=/Users/sanjaykumar/Library/Developer/Xcode/DerivedData/VideoCallApp-evcapdoyusxvykgansyblgyjxatu/Build/Products/Debug-iphonesimulator/React-Core-prebuilt
    export DYNAMIC_LIBRARY_EXTENSION\=dylib
    export EAGER_COMPILATION_ALLOW_SCRIPTS\=NO
    export EAGER_LINKING\=NO
    export EFFECTIVE_PLATFORM_NAME\=-iphonesimulator
    export EFFECTIVE_SWIFT_VERSION\=5
    export EMBEDDED_CONTENT_CONTAINS_SWIFT\=NO
    export EMBED_ASSET_PACKS_IN_PRODUCT_BUNDLE\=NO
    export ENABLE_APP_SANDBOX\=NO
    export ENABLE_CODE_COVERAGE\=YES
    export ENABLE_COHORT_ARCHS\=NO
    export ENABLE_CPLUSPLUS_BOUNDS_SAFE_BUFFERS\=NO
    export ENABLE_C_BOUNDS_SAFETY\=NO
    export ENABLE_DEFAULT_HEADER_SEARCH_PATHS\=YES
    export ENABLE_DEFAULT_SEARCH_PATHS\=YES
    export ENABLE_ENHANCED_SECURITY\=NO
    export ENABLE_HARDENED_RUNTIME\=NO
    export ENABLE_HEADER_DEPENDENCIES\=YES
    export ENABLE_INCOMING_NETWORK_CONNECTIONS\=NO
    export ENABLE_ON_DEMAND_RESOURCES\=NO
    export ENABLE_OUTGOING_NETWORK_CONNECTIONS\=NO
    export ENABLE_POINTER_AUTHENTICATION\=NO
    export ENABLE_PREVIEWS\=NO
    export ENABLE_RESOURCE_ACCESS_AUDIO_INPUT\=NO
    export ENABLE_RESOURCE_ACCESS_BLUETOOTH\=NO
    export ENABLE_RESOURCE_ACCESS_CALENDARS\=NO
    export ENABLE_RESOURCE_ACCESS_CAMERA\=NO
    export ENABLE_RESOURCE_ACCESS_CONTACTS\=NO
    export ENABLE_RESOURCE_ACCESS_LOCATION\=NO
    export ENABLE_RESOURCE_ACCESS_PHOTO_LIBRARY\=NO
    export ENABLE_RESOURCE_ACCESS_PRINTING\=NO
    export ENABLE_RESOURCE_ACCESS_USB\=NO
    export ENABLE_SDK_IMPORTS\=NO
    export ENABLE_SECURITY_COMPILER_WARNINGS\=NO
    export ENABLE_STRICT_OBJC_MSGSEND\=YES
    export ENABLE_TESTABILITY\=YES
    export ENABLE_TESTING_SEARCH_PATHS\=NO
    export ENABLE_USER_SCRIPT_SANDBOXING\=NO
    export ENABLE_XOJIT_PREVIEWS\=YES
    export ENFORCE_VALID_ARCHS\=YES
    export ENTITLEMENTS_DESTINATION\=__entitlements
    export ENTITLEMENTS_REQUIRED\=YES
    export EXCLUDED_INSTALLSRC_SUBDIRECTORY_PATTERNS\=.DS_Store\ .svn\ .git\ .hg\ CVS
    export EXCLUDED_RECURSIVE_SEARCH_PATH_SUBDIRECTORIES\=\*.nib\ \*.lproj\ \*.framework\ \*.gch\ \*.xcode\*\ \*.xcassets\ \*.icon\ \(\*\)\ .DS_Store\ CVS\ .svn\ .git\ .hg\ \*.pbproj\ \*.pbxproj
    export FILE_LIST\=/Users/sanjaykumar/Library/Developer/Xcode/DerivedData/VideoCallApp-evcapdoyusxvykgansyblgyjxatu/Build/Intermediates.noindex/Pods.build/Debug-iphonesimulator/React-Core-prebuilt.build/Objects/LinkFileList
    export FIXED_FILES_DIR\=/Users/sanjaykumar/Library/Developer/Xcode/DerivedData/VideoCallApp-evcapdoyusxvykgansyblgyjxatu/Build/Intermediates.noindex/Pods.build/Debug-iphonesimulator/React-Core-prebuilt.build/FixedFiles
    export FRAMEWORK_SEARCH_PATHS\=\ \"/Users/sanjaykumar/Desktop/Newfolder/VideoCallApp/ios/Pods/React-Core-prebuilt\"\ \"/Users/sanjaykumar/Desktop/Newfolder/VideoCallApp/ios/Pods/ReactNativeDependencies/framework/packages/react-native\"\ \"/Users/sanjaykumar/Library/Developer/Xcode/DerivedData/VideoCallApp-evcapdoyusxvykgansyblgyjxatu/Build/Products/Debug-iphonesimulator/XCFrameworkIntermediates/React-Core-prebuilt\"\ \"/Users/sanjaykumar/Library/Developer/Xcode/DerivedData/VideoCallApp-evcapdoyusxvykgansyblgyjxatu/Build/Products/Debug-iphonesimulator/XCFrameworkIntermediates/ReactNativeDependencies\"
    export FRAMEWORK_VERSION\=A
    export FUSE_BUILD_PHASES\=YES
    export FUSE_BUILD_SCRIPT_PHASES\=NO
    export GCC3_VERSION\=3.3
    export GCC_C_LANGUAGE_STANDARD\=gnu11
    export GCC_DYNAMIC_NO_PIC\=NO
    export GCC_NO_COMMON_BLOCKS\=YES
    export GCC_OBJC_LEGACY_DISPATCH\=YES
    export GCC_OPTIMIZATION_LEVEL\=0
    export GCC_PFE_FILE_C_DIALECTS\=c\ objective-c\ c++\ objective-c++
    export GCC_PREPROCESSOR_DEFINITIONS\=POD_CONFIGURATION_DEBUG\=1\ DEBUG\=1\ \ COCOAPODS\=1
    export GCC_TREAT_WARNINGS_AS_ERRORS\=NO
    export GCC_VERSION\=com.apple.compilers.llvm.clang.1_0
    export GCC_VERSION_IDENTIFIER\=com_apple_compilers_llvm_clang_1_0
    export GCC_WARN_64_TO_32_BIT_CONVERSION\=YES
    export GCC_WARN_ABOUT_RETURN_TYPE\=YES_ERROR
    export GCC_WARN_UNDECLARED_SELECTOR\=YES
    export GCC_WARN_UNINITIALIZED_AUTOS\=YES_AGGRESSIVE
    export GCC_WARN_UNUSED_FUNCTION\=YES
    export GCC_WARN_UNUSED_VARIABLE\=YES
    export GENERATED_MODULEMAP_DIR\=/Users/sanjaykumar/Library/Developer/Xcode/DerivedData/VideoCallApp-evcapdoyusxvykgansyblgyjxatu/Build/Intermediates.noindex/GeneratedModuleMaps-iphonesimulator
    export GENERATE_INFOPLIST_FILE\=NO
    export GENERATE_INTERMEDIATE_TEXT_BASED_STUBS\=YES
    export GENERATE_PKGINFO_FILE\=NO
    export GENERATE_PRELINK_OBJECT_FILE\=NO
    export GENERATE_PROFILING_CODE\=NO
    export GENERATE_TEXT_BASED_STUBS\=NO
    export GID\=20
    export GROUP\=staff
    export HEADERMAP_INCLUDES_FLAT_ENTRIES_FOR_TARGET_BEING_BUILT\=YES
    export HEADERMAP_INCLUDES_FRAMEWORK_ENTRIES_FOR_ALL_PRODUCT_TYPES\=YES
    export HEADERMAP_INCLUDES_FRAMEWORK_ENTRIES_FOR_TARGETS_NOT_BEING_BUILT\=YES
    export HEADERMAP_INCLUDES_NONPUBLIC_NONPRIVATE_HEADERS\=YES
    export HEADERMAP_INCLUDES_PROJECT_HEADERS\=YES
    export HEADERMAP_USES_FRAMEWORK_PREFIX_ENTRIES\=YES
    export HEADERMAP_USES_VFS\=NO
    export HEADER_SEARCH_PATHS\=\ \"/Users/sanjaykumar/Desktop/Newfolder/VideoCallApp/ios/Pods/Headers/Private\"\ \"/Users/sanjaykumar/Desktop/Newfolder/VideoCallApp/ios/Pods/Headers/Private/React-Core-prebuilt\"\ \"/Users/sanjaykumar/Desktop/Newfolder/VideoCallApp/ios/Pods/Headers/Public\"\ \"/Users/sanjaykumar/Desktop/Newfolder/VideoCallApp/ios/Pods/Headers/Public/React-Core-prebuilt\"\ \"/Users/sanjaykumar/Desktop/Newfolder/VideoCallApp/ios/Pods/Headers/Public/ReactNativeDependencies\"\ \"/Users/sanjaykumar/Desktop/Newfolder/VideoCallApp/ios/Pods/ReactNativeDependencies/Headers\"\ \"/Users/sanjaykumar/Desktop/Newfolder/VideoCallApp/ios/Pods/React-Core-prebuilt/Headers\"
    export HOME\=/Users/sanjaykumar
    export HOST_ARCH\=arm64
    export HOST_PLATFORM\=macosx
    export ICONV\=/usr/bin/iconv
    export IMPLICIT_DEPENDENCY_DOMAIN\=default
    export INDEX_STORE_COMPRESS\=NO
    export INDEX_STORE_ONLY_PROJECT_FILES\=NO
    export INFOPLIST_ENABLE_CFBUNDLEICONS_MERGE\=YES
    export INFOPLIST_EXPAND_BUILD_SETTINGS\=YES
    export INFOPLIST_OUTPUT_FORMAT\=binary
    export INFOPLIST_PREPROCESS\=NO
    export INLINE_PRIVATE_FRAMEWORKS\=NO
    export INSTALLAPI_IGNORE_SKIP_INSTALL\=YES
    export INSTALLHDRS_COPY_PHASE\=NO
    export INSTALLHDRS_SCRIPT_PHASE\=NO
    export INSTALL_DIR\=/tmp/Pods.dst
    export INSTALL_GROUP\=staff
    export INSTALL_MODE_FLAG\=u+w,go-w,a+rX
    export INSTALL_OWNER\=sanjaykumar
    export INSTALL_ROOT\=/tmp/Pods.dst
    export IPHONEOS_DEPLOYMENT_TARGET\=15.1
    export IS_UNOPTIMIZED_BUILD\=YES
    export JAVAC_DEFAULT_FLAGS\=-J-Xms64m\ -J-XX:NewSize\=4M\ -J-Dfile.encoding\=UTF8
    export JAVA_APP_STUB\=/System/Library/Frameworks/JavaVM.framework/Resources/MacOS/JavaApplicationStub
    export JAVA_ARCHIVE_CLASSES\=YES
    export JAVA_ARCHIVE_TYPE\=JAR
    export JAVA_COMPILER\=/usr/bin/javac
    export JAVA_FRAMEWORK_RESOURCES_DIRS\=Resources
    export JAVA_JAR_FLAGS\=cv
    export JAVA_SOURCE_SUBDIR\=.
    export JAVA_USE_DEPENDENCIES\=YES
    export JAVA_ZIP_FLAGS\=-urg
    export JIKES_DEFAULT_FLAGS\=+E\ +OLDCSO
    export KEEP_PRIVATE_EXTERNS\=NO
    export LD_DEPENDENCY_INFO_FILE\=/Users/sanjaykumar/Library/Developer/Xcode/DerivedData/VideoCallApp-evcapdoyusxvykgansyblgyjxatu/Build/Intermediates.noindex/Pods.build/Debug-iphonesimulator/React-Core-prebuilt.build/Objects-normal/undefined_arch/React-Core-prebuilt_dependency_info.dat
    export LD_EXPORT_SYMBOLS\=YES
    export LD_GENERATE_MAP_FILE\=NO
    export LD_MAP_FILE_PATH\=/Users/sanjaykumar/Library/Developer/Xcode/DerivedData/VideoCallApp-evcapdoyusxvykgansyblgyjxatu/Build/Intermediates.noindex/Pods.build/Debug-iphonesimulator/React-Core-prebuilt.build/React-Core-prebuilt-LinkMap-normal-undefined_arch.txt
    export LD_NO_PIE\=NO
    export LD_QUOTE_LINKER_ARGUMENTS_FOR_COMPILER_DRIVER\=YES
    export LD_RUNPATH_SEARCH_PATHS\=\ @executable_path/Frameworks
    export LD_SHARED_CACHE_ELIGIBLE\=Automatic
    export LD_WARN_DUPLICATE_LIBRARIES\=NO
    export LD_WARN_UNUSED_DYLIBS\=NO
    export LEGACY_DEVELOPER_DIR\=/Applications/Xcode.app/Contents/PlugIns/Xcode3Core.ideplugin/Contents/SharedSupport/Developer
    export LEX\=lex
    export LIBRARY_DEXT_INSTALL_PATH\=/Library/DriverExtensions
    export LIBRARY_FLAG_NOSPACE\=YES
    export LIBRARY_KEXT_INSTALL_PATH\=/Library/Extensions
    export LINKER_DISPLAYS_MANGLED_NAMES\=NO
    export LINK_FILE_LIST_normal_arm64\=/Users/sanjaykumar/Library/Developer/Xcode/DerivedData/VideoCallApp-evcapdoyusxvykgansyblgyjxatu/Build/Intermediates.noindex/Pods.build/Debug-iphonesimulator/React-Core-prebuilt.build/Objects-normal/arm64/React-Core-prebuilt.LinkFileList
    export LINK_FILE_LIST_normal_x86_64\=/Users/sanjaykumar/Library/Developer/Xcode/DerivedData/VideoCallApp-evcapdoyusxvykgansyblgyjxatu/Build/Intermediates.noindex/Pods.build/Debug-iphonesimulator/React-Core-prebuilt.build/Objects-normal/x86_64/React-Core-prebuilt.LinkFileList
    export LINK_OBJC_RUNTIME\=YES
    export LINK_WITH_STANDARD_LIBRARIES\=YES
    export LLVM_TARGET_TRIPLE_OS_VERSION\=ios15.1
    export LLVM_TARGET_TRIPLE_SUFFIX\=-simulator
    export LLVM_TARGET_TRIPLE_VENDOR\=apple
    export LM_AUX_CONST_METADATA_LIST_PATH_normal_arm64\=/Users/sanjaykumar/Library/Developer/Xcode/DerivedData/VideoCallApp-evcapdoyusxvykgansyblgyjxatu/Build/Intermediates.noindex/Pods.build/Debug-iphonesimulator/React-Core-prebuilt.build/Objects-normal/arm64/React-Core-prebuilt.SwiftConstValuesFileList
    export LM_AUX_CONST_METADATA_LIST_PATH_normal_x86_64\=/Users/sanjaykumar/Library/Developer/Xcode/DerivedData/VideoCallApp-evcapdoyusxvykgansyblgyjxatu/Build/Intermediates.noindex/Pods.build/Debug-iphonesimulator/React-Core-prebuilt.build/Objects-normal/x86_64/React-Core-prebuilt.SwiftConstValuesFileList
    export LOCALIZATION_EXPORT_SUPPORTED\=YES
    export LOCALIZATION_PREFERS_STRING_CATALOGS\=NO
    export LOCALIZED_STRING_CODE_COMMENTS\=NO
    export LOCALIZED_STRING_MACRO_NAMES\=NSLocalizedString\ CFCopyLocalizedString
    export LOCALIZED_STRING_SWIFTUI_SUPPORT\=YES
    export LOCAL_ADMIN_APPS_DIR\=/Applications/Utilities
    export LOCAL_APPS_DIR\=/Applications
    export LOCAL_DEVELOPER_DIR\=/Library/Developer
    export LOCAL_LIBRARY_DIR\=/Library
    export LOCROOT\=/Users/sanjaykumar/Desktop/Newfolder/VideoCallApp/ios/Pods
    export LOCSYMROOT\=/Users/sanjaykumar/Desktop/Newfolder/VideoCallApp/ios/Pods
    export MAC_OS_X_PRODUCT_BUILD_VERSION\=25G83
    export MAC_OS_X_VERSION_ACTUAL\=260602
    export MAC_OS_X_VERSION_MAJOR\=260000
    export MAC_OS_X_VERSION_MINOR\=260600
    export MAKE_MERGEABLE\=NO
    export MERGEABLE_LIBRARY\=NO
    export MERGED_BINARY_TYPE\=none
    export MERGE_LINKED_LIBRARIES\=NO
    export METAL_LIBRARY_FILE_BASE\=default
    export METAL_LIBRARY_OUTPUT_DIR\=/Users/sanjaykumar/Library/Developer/Xcode/DerivedData/VideoCallApp-evcapdoyusxvykgansyblgyjxatu/Build/Products/Debug-iphonesimulator/React-Core-prebuilt/
    export MODULE_CACHE_DIR\=/Users/sanjaykumar/Library/Developer/Xcode/DerivedData/ModuleCache.noindex
    export MTL_ENABLE_DEBUG_INFO\=INCLUDE_SOURCE
    export MTL_FAST_MATH\=YES
    export NATIVE_ARCH\=arm64
    export NATIVE_ARCH_32_BIT\=arm
    export NATIVE_ARCH_64_BIT\=arm64
    export NATIVE_ARCH_ACTUAL\=arm64
    export NO_COMMON\=YES
    export OBJC_ABI_VERSION\=2
    export OBJECT_FILE_DIR\=/Users/sanjaykumar/Library/Developer/Xcode/DerivedData/VideoCallApp-evcapdoyusxvykgansyblgyjxatu/Build/Intermediates.noindex/Pods.build/Debug-iphonesimulator/React-Core-prebuilt.build/Objects
    export OBJECT_FILE_DIR_normal\=/Users/sanjaykumar/Library/Developer/Xcode/DerivedData/VideoCallApp-evcapdoyusxvykgansyblgyjxatu/Build/Intermediates.noindex/Pods.build/Debug-iphonesimulator/React-Core-prebuilt.build/Objects-normal
    export OBJROOT\=/Users/sanjaykumar/Library/Developer/Xcode/DerivedData/VideoCallApp-evcapdoyusxvykgansyblgyjxatu/Build/Intermediates.noindex
    export ONLY_ACTIVE_ARCH\=NO
    export OS\=MACOS
    export OSAC\=/usr/bin/osacompile
    export OTHER_CFLAGS\=\ -DRCT_REMOVE_LEGACY_ARCH\=1\ \"-fmodule-map-file\=/Users/sanjaykumar/Desktop/Newfolder/VideoCallApp/ios/Pods/React-Core-prebuilt/Headers/module.modulemap\"
    export OTHER_CPLUSPLUSFLAGS\=\ -DRCT_REMOVE_LEGACY_ARCH\=1\ \"-fmodule-map-file\=/Users/sanjaykumar/Desktop/Newfolder/VideoCallApp/ios/Pods/React-Core-prebuilt/Headers/module.modulemap\"\ -DRCT_REMOVE_LEGACY_ARCH\=1\ \"-fmodule-map-file\=/Users/sanjaykumar/Desktop/Newfolder/VideoCallApp/ios/Pods/React-Core-prebuilt/Headers/module.modulemap\"\ -DRCT_NEW_ARCH_ENABLED\=1\ \ 
    export OTHER_SWIFT_FLAGS\=\ -Xcc\ -Wno-incomplete-umbrella\ -Xcc\ \"-fmodule-map-file\=/Users/sanjaykumar/Desktop/Newfolder/VideoCallApp/ios/Pods/React-Core-prebuilt/Headers/module.modulemap\"
    export PASCAL_STRINGS\=YES
    export PATH\=/Applications/Xcode.app/Contents/SharedFrameworks/SwiftBuild.framework/Versions/A/PlugIns/SWBBuildService.bundle/Contents/PlugIns/SWBUniversalPlatformPlugin.bundle/Contents/Frameworks/SWBUniversalPlatform.framework/Resources:/Applications/Xcode.app/Contents/Developer/Toolchains/XcodeDefault.xctoolchain/usr/bin:/Applications/Xcode.app/Contents/Developer/Toolchains/XcodeDefault.xctoolchain/usr/local/bin:/Applications/Xcode.app/Contents/Developer/Toolchains/XcodeDefault.xctoolchain/usr/libexec:/Applications/Xcode.app/Contents/Developer/Platforms/iPhoneSimulator.platform/usr/bin:/Applications/Xcode.app/Contents/Developer/Platforms/iPhoneSimulator.platform/usr/local/bin:/Applications/Xcode.app/Contents/Developer/Platforms/iPhoneSimulator.platform/Developer/usr/bin:/Applications/Xcode.app/Contents/Developer/Platforms/iPhoneSimulator.platform/Developer/usr/local/bin:/Applications/Xcode.app/Contents/Developer/usr/bin:/Applications/Xcode.app/Contents/Developer/usr/local/bin:/Users/sanjaykumar/.gemini/antigravity-ide/bin:/Users/sanjaykumar/.antigravity-ide/antigravity-ide/bin:/Users/sanjaykumar/.antigravity/antigravity/bin:/opt/homebrew/bin:/opt/homebrew/sbin:/usr/local/bin:/System/Cryptexes/App/usr/bin:/usr/bin:/bin:/usr/sbin:/sbin:/var/run/com.apple.security.cryptexd/codex.system/bootstrap/usr/local/bin:/var/run/com.apple.security.cryptexd/codex.system/bootstrap/usr/bin:/var/run/com.apple.security.cryptexd/codex.system/bootstrap/usr/appleinternal/bin:/pkg/env/global/bin:/Library/Apple/usr/bin
    export PATH_PREFIXES_EXCLUDED_FROM_HEADER_DEPENDENCIES\=/usr/include\ /usr/local/include\ /System/Library/Frameworks\ /System/Library/PrivateFrameworks\ /Applications/Xcode.app/Contents/Developer/Headers\ /Applications/Xcode.app/Contents/Developer/SDKs\ /Applications/Xcode.app/Contents/Developer/Platforms
    export PER_ARCH_MODULE_FILE_DIR\=/Users/sanjaykumar/Library/Developer/Xcode/DerivedData/VideoCallApp-evcapdoyusxvykgansyblgyjxatu/Build/Intermediates.noindex/Pods.build/Debug-iphonesimulator/React-Core-prebuilt.build/Objects-normal/undefined_arch
    export PER_ARCH_OBJECT_FILE_DIR\=/Users/sanjaykumar/Library/Developer/Xcode/DerivedData/VideoCallApp-evcapdoyusxvykgansyblgyjxatu/Build/Intermediates.noindex/Pods.build/Debug-iphonesimulator/React-Core-prebuilt.build/Objects-normal/undefined_arch
    export PER_VARIANT_OBJECT_FILE_DIR\=/Users/sanjaykumar/Library/Developer/Xcode/DerivedData/VideoCallApp-evcapdoyusxvykgansyblgyjxatu/Build/Intermediates.noindex/Pods.build/Debug-iphonesimulator/React-Core-prebuilt.build/Objects-normal
    export PKGINFO_FILE_PATH\=/Users/sanjaykumar/Library/Developer/Xcode/DerivedData/VideoCallApp-evcapdoyusxvykgansyblgyjxatu/Build/Intermediates.noindex/Pods.build/Debug-iphonesimulator/React-Core-prebuilt.build/PkgInfo
    export PLATFORM_DEVELOPER_APPLICATIONS_DIR\=/Applications/Xcode.app/Contents/Developer/Platforms/iPhoneSimulator.platform/Developer/Applications
    export PLATFORM_DEVELOPER_BIN_DIR\=/Applications/Xcode.app/Contents/Developer/Platforms/iPhoneSimulator.platform/Developer/usr/bin
    export PLATFORM_DEVELOPER_LIBRARY_DIR\=/Applications/Xcode.app/Contents/Developer/Platforms/iPhoneSimulator.platform/Developer/Library
    export PLATFORM_DEVELOPER_SDK_DIR\=/Applications/Xcode.app/Contents/Developer/Platforms/iPhoneSimulator.platform/Developer/SDKs
    export PLATFORM_DEVELOPER_TOOLS_DIR\=/Applications/Xcode.app/Contents/Developer/Platforms/iPhoneSimulator.platform/Developer/Tools
    export PLATFORM_DEVELOPER_USR_DIR\=/Applications/Xcode.app/Contents/Developer/Platforms/iPhoneSimulator.platform/Developer/usr
    export PLATFORM_DIR\=/Applications/Xcode.app/Contents/Developer/Platforms/iPhoneSimulator.platform
    export PLATFORM_DISPLAY_NAME\=iOS\ Simulator
    export PLATFORM_FAMILY_NAME\=iOS
    export PLATFORM_NAME\=iphonesimulator
    export PLATFORM_PREFERRED_ARCH\=x86_64
    export PLATFORM_PRODUCT_BUILD_VERSION\=23F81a
    export PLATFORM_REQUIRES_SWIFT_AUTOLINK_EXTRACT\=NO
    export PLATFORM_REQUIRES_SWIFT_MODULEWRAP\=NO
    export PLATFORM_USES_DSYMS\=YES
    export PLIST_FILE_OUTPUT_FORMAT\=binary
    export PODFILE_DIR\=/Users/sanjaykumar/Desktop/Newfolder/VideoCallApp/ios/Pods/..
    export PODS_BUILD_DIR\=/Users/sanjaykumar/Library/Developer/Xcode/DerivedData/VideoCallApp-evcapdoyusxvykgansyblgyjxatu/Build/Products
    export PODS_CONFIGURATION_BUILD_DIR\=/Users/sanjaykumar/Library/Developer/Xcode/DerivedData/VideoCallApp-evcapdoyusxvykgansyblgyjxatu/Build/Products/Debug-iphonesimulator
    export PODS_DEVELOPMENT_LANGUAGE\=en
    export PODS_ROOT\=/Users/sanjaykumar/Desktop/Newfolder/VideoCallApp/ios/Pods
    export PODS_TARGET_SRCROOT\=/Users/sanjaykumar/Desktop/Newfolder/VideoCallApp/ios/Pods/React-Core-prebuilt
    export PODS_XCFRAMEWORKS_BUILD_DIR\=/Users/sanjaykumar/Library/Developer/Xcode/DerivedData/VideoCallApp-evcapdoyusxvykgansyblgyjxatu/Build/Products/Debug-iphonesimulator/XCFrameworkIntermediates
    export PRECOMPS_INCLUDE_HEADERS_FROM_BUILT_PRODUCTS_DIR\=YES
    export PRECOMP_DESTINATION_DIR\=/Users/sanjaykumar/Library/Developer/Xcode/DerivedData/VideoCallApp-evcapdoyusxvykgansyblgyjxatu/Build/Intermediates.noindex/Pods.build/Debug-iphonesimulator/React-Core-prebuilt.build/PrefixHeaders
    export PROCESSED_INFOPLIST_PATH\=/Users/sanjaykumar/Library/Developer/Xcode/DerivedData/VideoCallApp-evcapdoyusxvykgansyblgyjxatu/Build/Intermediates.noindex/Pods.build/Debug-iphonesimulator/React-Core-prebuilt.build/Objects-normal/undefined_arch/Processed-Info.plist
    export PRODUCT_BUNDLE_IDENTIFIER\=org.cocoapods.React-Core-prebuilt
    export PRODUCT_MODULE_NAME\=React_Core_prebuilt
    export PRODUCT_NAME\=React-Core-prebuilt
    export PRODUCT_SETTINGS_PATH\=
    export PROFILING_CODE\=NO
    export PROJECT\=Pods
    export PROJECT_DERIVED_FILE_DIR\=/Users/sanjaykumar/Library/Developer/Xcode/DerivedData/VideoCallApp-evcapdoyusxvykgansyblgyjxatu/Build/Intermediates.noindex/Pods.build/DerivedSources
    export PROJECT_DIR\=/Users/sanjaykumar/Desktop/Newfolder/VideoCallApp/ios/Pods
    export PROJECT_FILE_PATH\=/Users/sanjaykumar/Desktop/Newfolder/VideoCallApp/ios/Pods/Pods.xcodeproj
    export PROJECT_GUID\=8699adb1dd336b26511df848a716bd42
    export PROJECT_NAME\=Pods
    export PROJECT_TEMP_DIR\=/Users/sanjaykumar/Library/Developer/Xcode/DerivedData/VideoCallApp-evcapdoyusxvykgansyblgyjxatu/Build/Intermediates.noindex/Pods.build
    export PROJECT_TEMP_ROOT\=/Users/sanjaykumar/Library/Developer/Xcode/DerivedData/VideoCallApp-evcapdoyusxvykgansyblgyjxatu/Build/Intermediates.noindex
    export REACT_NATIVE_PATH\=/Users/sanjaykumar/Desktop/Newfolder/VideoCallApp/ios/Pods/../../node_modules/react-native
    export RECOMMENDED_IPHONEOS_DEPLOYMENT_TARGET\=15.0
    export RECURSIVE_SEARCH_PATHS_FOLLOW_SYMLINKS\=YES
    export REMOVE_CVS_FROM_RESOURCES\=YES
    export REMOVE_GIT_FROM_RESOURCES\=YES
    export REMOVE_HEADERS_FROM_EMBEDDED_BUNDLES\=YES
    export REMOVE_HG_FROM_RESOURCES\=YES
    export REMOVE_STATIC_EXECUTABLES_FROM_EMBEDDED_BUNDLES\=YES
    export REMOVE_SVN_FROM_RESOURCES\=YES
    export RESCHEDULE_INDEPENDENT_HEADERS_PHASES\=YES
    export REZ_COLLECTOR_DIR\=/Users/sanjaykumar/Library/Developer/Xcode/DerivedData/VideoCallApp-evcapdoyusxvykgansyblgyjxatu/Build/Intermediates.noindex/Pods.build/Debug-iphonesimulator/React-Core-prebuilt.build/ResourceManagerResources
    export REZ_OBJECTS_DIR\=/Users/sanjaykumar/Library/Developer/Xcode/DerivedData/VideoCallApp-evcapdoyusxvykgansyblgyjxatu/Build/Intermediates.noindex/Pods.build/Debug-iphonesimulator/React-Core-prebuilt.build/ResourceManagerResources/Objects
    export RPATH_ORIGIN\=@loader_path
    export RUNTIME_EXCEPTION_ALLOW_DYLD_ENVIRONMENT_VARIABLES\=NO
    export RUNTIME_EXCEPTION_ALLOW_JIT\=NO
    export RUNTIME_EXCEPTION_ALLOW_UNSIGNED_EXECUTABLE_MEMORY\=NO
    export RUNTIME_EXCEPTION_DEBUGGING_TOOL\=NO
    export RUNTIME_EXCEPTION_DISABLE_EXECUTABLE_PAGE_PROTECTION\=NO
    export RUNTIME_EXCEPTION_DISABLE_LIBRARY_VALIDATION\=NO
    export SCANNING_PCM_KEEP_CACHE_DIRECTORY\=YES
    export SCAN_ALL_SOURCE_FILES_FOR_INCLUDES\=NO
    export SCRIPT_INPUT_FILE_COUNT\=0
    export SCRIPT_INPUT_FILE_LIST_COUNT\=0
    export SCRIPT_OUTPUT_FILE_COUNT\=0
    export SCRIPT_OUTPUT_FILE_LIST_COUNT\=0
    export SDKROOT\=/Applications/Xcode.app/Contents/Developer/Platforms/iPhoneSimulator.platform/Developer/SDKs/iPhoneSimulator26.5.sdk
    export SDK_DIR\=/Applications/Xcode.app/Contents/Developer/Platforms/iPhoneSimulator.platform/Developer/SDKs/iPhoneSimulator26.5.sdk
    export SDK_DIR_iphonesimulator\=/Applications/Xcode.app/Contents/Developer/Platforms/iPhoneSimulator.platform/Developer/SDKs/iPhoneSimulator26.5.sdk
    export SDK_DIR_iphonesimulator26_5\=/Applications/Xcode.app/Contents/Developer/Platforms/iPhoneSimulator.platform/Developer/SDKs/iPhoneSimulator26.5.sdk
    export SDK_NAME\=iphonesimulator26.5
    export SDK_NAMES\=iphonesimulator26.5
    export SDK_PRODUCT_BUILD_VERSION\=23F81a
    export SDK_STAT_CACHE_DIR\=/Users/sanjaykumar/Library/Developer/Xcode/DerivedData
    export SDK_STAT_CACHE_ENABLE\=YES
    export SDK_STAT_CACHE_PATH\=/Users/sanjaykumar/Library/Developer/Xcode/DerivedData/SDKStatCaches.noindex/iphonesimulator26.5-23F81a-6cfe768891a92b912361537c460fe42b.sdkstatcache
    export SDK_VERSION\=26.5
    export SDK_VERSION_ACTUAL\=260500
    export SDK_VERSION_MAJOR\=260000
    export SDK_VERSION_MINOR\=260500
    export SED\=/usr/bin/sed
    export SEPARATE_STRIP\=NO
    export SEPARATE_SYMBOL_EDIT\=NO
    export SET_DIR_MODE_OWNER_GROUP\=YES
    export SET_FILE_MODE_OWNER_GROUP\=NO
    export SHALLOW_BUNDLE\=NO
    export SHARED_DERIVED_FILE_DIR\=/Users/sanjaykumar/Library/Developer/Xcode/DerivedData/VideoCallApp-evcapdoyusxvykgansyblgyjxatu/Build/Products/Debug-iphonesimulator/React-Core-prebuilt/DerivedSources
    export SHARED_PRECOMPS_DIR\=/Users/sanjaykumar/Library/Developer/Xcode/DerivedData/VideoCallApp-evcapdoyusxvykgansyblgyjxatu/Build/Intermediates.noindex/PrecompiledHeaders
    export SKIP_INSTALL\=YES
    export SKIP_MERGEABLE_LIBRARY_BUNDLE_HOOK\=NO
    export SOURCE_ROOT\=/Users/sanjaykumar/Desktop/Newfolder/VideoCallApp/ios/Pods
    export SRCROOT\=/Users/sanjaykumar/Desktop/Newfolder/VideoCallApp/ios/Pods
    export STRINGSDATA_DIR\=/Users/sanjaykumar/Library/Developer/Xcode/DerivedData/VideoCallApp-evcapdoyusxvykgansyblgyjxatu/Build/Intermediates.noindex/Pods.build/Debug-iphonesimulator/React-Core-prebuilt.build/Objects-normal/undefined_arch
    export STRINGSDATA_ROOT\=/Users/sanjaykumar/Library/Developer/Xcode/DerivedData/VideoCallApp-evcapdoyusxvykgansyblgyjxatu/Build/Intermediates.noindex/Pods.build/Debug-iphonesimulator/React-Core-prebuilt.build
    export STRINGS_FILE_INFOPLIST_RENAME\=YES
    export STRINGS_FILE_OUTPUT_ENCODING\=binary
    export STRING_CATALOG_GENERATE_SYMBOLS\=NO
    export STRIP_BITCODE_FROM_COPIED_FILES\=NO
    export STRIP_INSTALLED_PRODUCT\=NO
    export STRIP_STYLE\=all
    export STRIP_SWIFT_SYMBOLS\=YES
    export SUPPORTED_DEVICE_FAMILIES\=1,2
    export SUPPORTED_PLATFORMS\=iphoneos\ iphonesimulator
    export SUPPORTS_TEXT_BASED_API\=NO
    export SUPPRESS_WARNINGS\=NO
    export SWIFT_ACTIVE_COMPILATION_CONDITIONS\=\ DEBUG
    export SWIFT_EMIT_CONST_VALUE_PROTOCOLS\=AnyResolverProviding\ AppEntity\ AppEnum\ AppExtension\ AppIntent\ AppIntentsPackage\ AppShortcutProviding\ AppShortcutsProvider\ AppUnionValue\ AppUnionValueCasesProviding\ DynamicOptionsProvider\ EntityQuery\ ExtensionPointDefining\ IntentValueQuery\ Resolver\ TransientEntity\ _AssistantIntentsProvider\ _GenerativeFunctionExtractable\ _IntentValueRepresentable
    export SWIFT_EMIT_LOC_STRINGS\=NO
    export SWIFT_ENABLE_EXPLICIT_MODULES\=YES
    export SWIFT_OPTIMIZATION_LEVEL\=-Onone
    export SWIFT_PLATFORM_TARGET_PREFIX\=ios
    export SWIFT_RESPONSE_FILE_PATH_normal_arm64\=/Users/sanjaykumar/Library/Developer/Xcode/DerivedData/VideoCallApp-evcapdoyusxvykgansyblgyjxatu/Build/Intermediates.noindex/Pods.build/Debug-iphonesimulator/React-Core-prebuilt.build/Objects-normal/arm64/React-Core-prebuilt.SwiftFileList
    export SWIFT_RESPONSE_FILE_PATH_normal_x86_64\=/Users/sanjaykumar/Library/Developer/Xcode/DerivedData/VideoCallApp-evcapdoyusxvykgansyblgyjxatu/Build/Intermediates.noindex/Pods.build/Debug-iphonesimulator/React-Core-prebuilt.build/Objects-normal/x86_64/React-Core-prebuilt.SwiftFileList
    export SWIFT_VERSION\=5.0
    export SYMROOT\=/Users/sanjaykumar/Library/Developer/Xcode/DerivedData/VideoCallApp-evcapdoyusxvykgansyblgyjxatu/Build/Products
    export SYSTEM_ADMIN_APPS_DIR\=/Applications/Utilities
    export SYSTEM_APPS_DIR\=/Applications
    export SYSTEM_CORE_SERVICES_DIR\=/System/Library/CoreServices
    export SYSTEM_DEMOS_DIR\=/Applications/Extras
    export SYSTEM_DEVELOPER_APPS_DIR\=/Applications/Xcode.app/Contents/Developer/Applications
    export SYSTEM_DEVELOPER_BIN_DIR\=/Applications/Xcode.app/Contents/Developer/usr/bin
    export SYSTEM_DEVELOPER_DEMOS_DIR\=/Applications/Xcode.app/Contents/Developer/Applications/Utilities/Built\ Examples
    export SYSTEM_DEVELOPER_DIR\=/Applications/Xcode.app/Contents/Developer
    export SYSTEM_DEVELOPER_DOC_DIR\=/Applications/Xcode.app/Contents/Developer/ADC\ Reference\ Library
    export SYSTEM_DEVELOPER_GRAPHICS_TOOLS_DIR\=/Applications/Xcode.app/Contents/Developer/Applications/Graphics\ Tools
    export SYSTEM_DEVELOPER_JAVA_TOOLS_DIR\=/Applications/Xcode.app/Contents/Developer/Applications/Java\ Tools
    export SYSTEM_DEVELOPER_PERFORMANCE_TOOLS_DIR\=/Applications/Xcode.app/Contents/Developer/Applications/Performance\ Tools
    export SYSTEM_DEVELOPER_RELEASENOTES_DIR\=/Applications/Xcode.app/Contents/Developer/ADC\ Reference\ Library/releasenotes
    export SYSTEM_DEVELOPER_TOOLS\=/Applications/Xcode.app/Contents/Developer/Tools
    export SYSTEM_DEVELOPER_TOOLS_DOC_DIR\=/Applications/Xcode.app/Contents/Developer/ADC\ Reference\ Library/documentation/DeveloperTools
    export SYSTEM_DEVELOPER_TOOLS_RELEASENOTES_DIR\=/Applications/Xcode.app/Contents/Developer/ADC\ Reference\ Library/releasenotes/DeveloperTools
    export SYSTEM_DEVELOPER_USR_DIR\=/Applications/Xcode.app/Contents/Developer/usr
    export SYSTEM_DEVELOPER_UTILITIES_DIR\=/Applications/Xcode.app/Contents/Developer/Applications/Utilities
    export SYSTEM_DEXT_INSTALL_PATH\=/System/Library/DriverExtensions
    export SYSTEM_DOCUMENTATION_DIR\=/Library/Documentation
    export SYSTEM_KEXT_INSTALL_PATH\=/System/Library/Extensions
    export SYSTEM_LIBRARY_DIR\=/System/Library
    export TAPI_DEMANGLE\=YES
    export TAPI_ENABLE_PROJECT_HEADERS\=NO
    export TAPI_LANGUAGE\=objective-c
    export TAPI_LANGUAGE_STANDARD\=compiler-default
    export TAPI_USE_SRCROOT\=YES
    export TAPI_VERIFY_MODE\=Pedantic
    export TARGETED_DEVICE_FAMILY\=1,2
    export TARGETNAME\=React-Core-prebuilt
    export TARGET_BUILD_DIR\=/Users/sanjaykumar/Library/Developer/Xcode/DerivedData/VideoCallApp-evcapdoyusxvykgansyblgyjxatu/Build/Products/Debug-iphonesimulator/React-Core-prebuilt
    export TARGET_NAME\=React-Core-prebuilt
    export TARGET_TEMP_DIR\=/Users/sanjaykumar/Library/Developer/Xcode/DerivedData/VideoCallApp-evcapdoyusxvykgansyblgyjxatu/Build/Intermediates.noindex/Pods.build/Debug-iphonesimulator/React-Core-prebuilt.build
    export TEMP_DIR\=/Users/sanjaykumar/Library/Developer/Xcode/DerivedData/VideoCallApp-evcapdoyusxvykgansyblgyjxatu/Build/Intermediates.noindex/Pods.build/Debug-iphonesimulator/React-Core-prebuilt.build
    export TEMP_FILES_DIR\=/Users/sanjaykumar/Library/Developer/Xcode/DerivedData/VideoCallApp-evcapdoyusxvykgansyblgyjxatu/Build/Intermediates.noindex/Pods.build/Debug-iphonesimulator/React-Core-prebuilt.build
    export TEMP_FILE_DIR\=/Users/sanjaykumar/Library/Developer/Xcode/DerivedData/VideoCallApp-evcapdoyusxvykgansyblgyjxatu/Build/Intermediates.noindex/Pods.build/Debug-iphonesimulator/React-Core-prebuilt.build
    export TEMP_ROOT\=/Users/sanjaykumar/Library/Developer/Xcode/DerivedData/VideoCallApp-evcapdoyusxvykgansyblgyjxatu/Build/Intermediates.noindex
    export TEMP_SANDBOX_DIR\=/Users/sanjaykumar/Library/Developer/Xcode/DerivedData/VideoCallApp-evcapdoyusxvykgansyblgyjxatu/Build/Intermediates.noindex/TemporaryTaskSandboxes
    export TEST_FRAMEWORK_SEARCH_PATHS\=\ /Applications/Xcode.app/Contents/Developer/Platforms/iPhoneSimulator.platform/Developer/Library/Frameworks\ /Applications/Xcode.app/Contents/Developer/Platforms/iPhoneSimulator.platform/Developer/SDKs/iPhoneSimulator26.5.sdk/Developer/Library/Frameworks
    export TEST_LIBRARY_SEARCH_PATHS\=\ /Applications/Xcode.app/Contents/Developer/Platforms/iPhoneSimulator.platform/Developer/usr/lib
    export TOOLCHAINS\=com.apple.dt.toolchain.XcodeDefault
    export TOOLCHAIN_DIR\=/Applications/Xcode.app/Contents/Developer/Toolchains/XcodeDefault.xctoolchain
    export TREAT_MISSING_BASELINES_AS_TEST_FAILURES\=NO
    export TREAT_MISSING_SCRIPT_PHASE_OUTPUTS_AS_ERRORS\=NO
    export UID\=501
    export UNINSTALLED_PRODUCTS_DIR\=/Users/sanjaykumar/Library/Developer/Xcode/DerivedData/VideoCallApp-evcapdoyusxvykgansyblgyjxatu/Build/Intermediates.noindex/UninstalledProducts
    export UNSTRIPPED_PRODUCT\=NO
    export USER\=sanjaykumar
    export USER_APPS_DIR\=/Users/sanjaykumar/Applications
    export USER_LIBRARY_DIR\=/Users/sanjaykumar/Library
    export USE_DYNAMIC_NO_PIC\=YES
    export USE_HEADERMAP\=YES
    export USE_HEADER_SYMLINKS\=NO
    export USE_HERMES\=true
    export USE_RECURSIVE_SCRIPT_INPUTS_IN_SCRIPT_PHASES\=YES
    export VALIDATE_DEVELOPMENT_ASSET_PATHS\=YES_ERROR
    export VALIDATE_PRODUCT\=NO
    export VALID_ARCHS\=arm64\ x86_64
    export VERBOSE_PBXCP\=NO
    export VERSION_INFO_BUILDER\=sanjaykumar
    export VERSION_INFO_FILE\=React-Core-prebuilt_vers.c
    export VERSION_INFO_STRING\=\"@\(\#\)PROGRAM:React-Core-prebuilt\ \ PROJECT:Pods-\"
    export WORKSPACE_DIR\=/Users/sanjaykumar/Desktop/Newfolder/VideoCallApp/ios
    export WRAP_ASSET_PACKS_IN_SEPARATE_DIRECTORIES\=NO
    export XCODE_APP_SUPPORT_DIR\=/Applications/Xcode.app/Contents/Developer/Library/Xcode
    export XCODE_PRODUCT_BUILD_VERSION\=17F113
    export XCODE_VERSION_ACTUAL\=2660
    export XCODE_VERSION_MAJOR\=2600
    export XCODE_VERSION_MINOR\=2660
    export XPCSERVICES_FOLDER_PATH\=/XPCServices
    export YACC\=yacc
    export _DISCOVER_COMMAND_LINE_LINKER_INPUTS\=YES
    export _DISCOVER_COMMAND_LINE_LINKER_INPUTS_INCLUDE_WL\=YES
    export _LD_MULTIARCH\=YES
    export __DIAGNOSE_DEPRECATED_ARCHS\=YES
    export __ORIGINAL_SDK_DEFINED_LLVM_TARGET_TRIPLE_SYS\=ios
    export arch\=undefined_arch
    export variant\=normal
    /bin/sh -c /Users/sanjaykumar/Library/Developer/Xcode/DerivedData/VideoCallApp-evcapdoyusxvykgansyblgyjxatu/Build/Intermediates.noindex/Pods.build/Debug-iphonesimulator/React-Core-prebuilt.build/Script-46EB2E00012810.sh
Node found at: /opt/homebrew/Cellar/node/25.2.1/bin/node
Found React-Core-prebuilt/.last_build_configuration file
Same config of the previous build. No need to replace React-Core-prebuilt

note: Run script build phase '[CP-User] [RN]Check FBReactNativeSpec' will be run during every build because the option to run the script phase "Based on dependency analysis" is unchecked. (in target 'React-RCTFBReactNativeSpec' from project 'Pods')
PhaseScriptExecution [CP-User]\ [RN]Check\ FBReactNativeSpec /Users/sanjaykumar/Library/Developer/Xcode/DerivedData/VideoCallApp-evcapdoyusxvykgansyblgyjxatu/Build/Intermediates.noindex/Pods.build/Debug-iphonesimulator/React-RCTFBReactNativeSpec.build/Script-46EB2E00012820.sh (in target 'React-RCTFBReactNativeSpec' from project 'Pods')
    cd /Users/sanjaykumar/Desktop/Newfolder/VideoCallApp/ios/Pods
    export ACTION\=build
    export AD_HOC_CODE_SIGNING_ALLOWED\=YES
    export ALLOW_BUILD_REQUEST_OVERRIDES\=NO
    export ALLOW_TARGET_PLATFORM_SPECIALIZATION\=NO
    export ALTERNATE_GROUP\=staff
    export ALTERNATE_MODE\=u+w,go-w,a+rX
    export ALTERNATE_OWNER\=sanjaykumar
    export ALTERNATIVE_DISTRIBUTION_WEB\=NO
    export ALWAYS_EMBED_SWIFT_STANDARD_LIBRARIES\=NO
    export ALWAYS_SEARCH_USER_PATHS\=NO
    export ALWAYS_USE_SEPARATE_HEADERMAPS\=NO
    export ANDROID_DEPLOYMENT_TARGET\=21.0
    export APPLICATION_EXTENSION_API_ONLY\=NO
    export APPLY_RULES_IN_COPY_FILES\=NO
    export APPLY_RULES_IN_COPY_HEADERS\=NO
    export APP_SHORTCUTS_ENABLE_FLEXIBLE_MATCHING\=YES
    export ARCHS\=arm64\ x86_64
    export ARCHS_BASE\=arm64\ x86_64
    export ARCHS_STANDARD\=arm64\ x86_64
    export ARCHS_STANDARD_32_64_BIT\=arm64\ x86_64
    export ARCHS_STANDARD_64_BIT\=arm64\ x86_64
    export ARCHS_STANDARD_INCLUDING_64_BIT\=arm64\ x86_64
    export ARCHS_UNIVERSAL_IPHONE_OS\=arm64\ x86_64
    export ASSETCATALOG_COMPILER_APPICON_NAME\=AppIcon
    export ASSETCATALOG_COMPILER_GLOBAL_ACCENT_COLOR_NAME\=AccentColor
    export AUTOMATICALLY_MERGE_DEPENDENCIES\=NO
    export AUTOMATION_APPLE_EVENTS\=NO
    export AVAILABLE_PLATFORMS\=android\ appletvos\ appletvsimulator\ driverkit\ freebsd\ iphoneos\ iphonesimulator\ linux\ macosx\ none\ openbsd\ qnx\ watchos\ watchsimulator\ webassembly\ xros\ xrsimulator
    export BUILD_ACTIVE_RESOURCES_ONLY\=NO
    export BUILD_COMPONENTS\=headers\ build
    export BUILD_DIR\=/Users/sanjaykumar/Library/Developer/Xcode/DerivedData/VideoCallApp-evcapdoyusxvykgansyblgyjxatu/Build/Products
    export BUILD_LIBRARY_FOR_DISTRIBUTION\=NO
    export BUILD_ONLY_KNOWN_LOCALIZATIONS\=NO
    export BUILD_ROOT\=/Users/sanjaykumar/Library/Developer/Xcode/DerivedData/VideoCallApp-evcapdoyusxvykgansyblgyjxatu/Build/Products
    export BUILD_STYLE\=
    export BUILD_VARIANTS\=normal
    export BUILT_PRODUCTS_DIR\=/Users/sanjaykumar/Library/Developer/Xcode/DerivedData/VideoCallApp-evcapdoyusxvykgansyblgyjxatu/Build/Products/Debug-iphonesimulator/React-RCTFBReactNativeSpec
    export BUNDLE_CONTENTS_FOLDER_PATH_deep\=Contents/
    export BUNDLE_EXECUTABLE_FOLDER_NAME_deep\=MacOS
    export BUNDLE_EXTENSIONS_FOLDER_PATH\=Extensions
    export BUNDLE_FORMAT\=shallow
    export BUNDLE_FRAMEWORKS_FOLDER_PATH\=Frameworks
    export BUNDLE_PLUGINS_FOLDER_PATH\=PlugIns
    export BUNDLE_PRIVATE_HEADERS_FOLDER_PATH\=PrivateHeaders
    export BUNDLE_PUBLIC_HEADERS_FOLDER_PATH\=Headers
    export CACHE_ROOT\=/var/folders/sn/z3_w_w8j68ld8k973yyhm92c0000gn/C/com.apple.DeveloperTools/26.6-17F113/Xcode
    export CCHROOT\=/var/folders/sn/z3_w_w8j68ld8k973yyhm92c0000gn/C/com.apple.DeveloperTools/26.6-17F113/Xcode
    export CHMOD\=/bin/chmod
    export CHOWN\=chown
    export CLANG_ANALYZER_LOCALIZABILITY_NONLOCALIZED\=YES
    export CLANG_ANALYZER_NONNULL\=YES
    export CLANG_ANALYZER_NUMBER_OBJECT_CONVERSION\=YES_AGGRESSIVE
    export CLANG_CACHE_FINE_GRAINED_OUTPUTS\=YES
    export CLANG_CXX_LANGUAGE_STANDARD\=c++20
    export CLANG_CXX_LIBRARY\=libc++
    export CLANG_ENABLE_EXPLICIT_MODULES\=YES
    export CLANG_ENABLE_MODULES\=YES
    export CLANG_ENABLE_OBJC_ARC\=YES
    export CLANG_ENABLE_OBJC_WEAK\=NO
    export CLANG_MODULES_BUILD_SESSION_FILE\=/Users/sanjaykumar/Library/Developer/Xcode/DerivedData/ModuleCache.noindex/Session.modulevalidation
    export CLANG_WARN_BLOCK_CAPTURE_AUTORELEASING\=YES
    export CLANG_WARN_BOOL_CONVERSION\=YES
    export CLANG_WARN_COMMA\=YES
    export CLANG_WARN_CONSTANT_CONVERSION\=YES
    export CLANG_WARN_DEPRECATED_OBJC_IMPLEMENTATIONS\=YES
    export CLANG_WARN_DIRECT_OBJC_ISA_USAGE\=YES_ERROR
    export CLANG_WARN_DOCUMENTATION_COMMENTS\=YES
    export CLANG_WARN_EMPTY_BODY\=YES
    export CLANG_WARN_ENUM_CONVERSION\=YES
    export CLANG_WARN_INFINITE_RECURSION\=YES
    export CLANG_WARN_INT_CONVERSION\=YES
    export CLANG_WARN_NON_LITERAL_NULL_CONVERSION\=YES
    export CLANG_WARN_OBJC_IMPLICIT_RETAIN_SELF\=YES
    export CLANG_WARN_OBJC_LITERAL_CONVERSION\=YES
    export CLANG_WARN_OBJC_ROOT_CLASS\=YES_ERROR
    export CLANG_WARN_QUOTED_INCLUDE_IN_FRAMEWORK_HEADER\=NO
    export CLANG_WARN_RANGE_LOOP_ANALYSIS\=YES
    export CLANG_WARN_STRICT_PROTOTYPES\=YES
    export CLANG_WARN_SUSPICIOUS_MOVE\=YES
    export CLANG_WARN_UNGUARDED_AVAILABILITY\=YES_AGGRESSIVE
    export CLANG_WARN_UNREACHABLE_CODE\=YES
    export CLANG_WARN__DUPLICATE_METHOD_MATCH\=YES
    export CLASS_FILE_DIR\=/Users/sanjaykumar/Library/Developer/Xcode/DerivedData/VideoCallApp-evcapdoyusxvykgansyblgyjxatu/Build/Intermediates.noindex/Pods.build/Debug-iphonesimulator/React-RCTFBReactNativeSpec.build/JavaClasses
    export CLEAN_PRECOMPS\=YES
    export CLONE_HEADERS\=NO
    export CODESIGNING_FOLDER_PATH\=/Users/sanjaykumar/Library/Developer/Xcode/DerivedData/VideoCallApp-evcapdoyusxvykgansyblgyjxatu/Build/Products/Debug-iphonesimulator/React-RCTFBReactNativeSpec/
    export CODE_SIGNING_ALLOWED\=NO
    export CODE_SIGNING_REQUIRED\=YES
    export CODE_SIGN_CONTEXT_CLASS\=XCiPhoneSimulatorCodeSignContext
    export CODE_SIGN_IDENTITY\=-
    export CODE_SIGN_INJECT_BASE_ENTITLEMENTS\=YES
    export COLOR_DIAGNOSTICS\=NO
    export COMBINE_HIDPI_IMAGES\=NO
    export COMPILATION_CACHE_CAS_PATH\=/Users/sanjaykumar/Library/Developer/Xcode/DerivedData/CompilationCache.noindex
    export COMPILATION_CACHE_KEEP_CAS_DIRECTORY\=YES
    export COMPILER_INDEX_STORE_ENABLE\=Default
    export COMPOSITE_SDK_DIRS\=/Users/sanjaykumar/Library/Developer/Xcode/DerivedData/VideoCallApp-evcapdoyusxvykgansyblgyjxatu/Build/Intermediates.noindex/CompositeSDKs
    export COMPRESS_PNG_FILES\=YES
    export CONFIGURATION\=Debug
    export CONFIGURATION_BUILD_DIR\=/Users/sanjaykumar/Library/Developer/Xcode/DerivedData/VideoCallApp-evcapdoyusxvykgansyblgyjxatu/Build/Products/Debug-iphonesimulator/React-RCTFBReactNativeSpec
    export CONFIGURATION_TEMP_DIR\=/Users/sanjaykumar/Library/Developer/Xcode/DerivedData/VideoCallApp-evcapdoyusxvykgansyblgyjxatu/Build/Intermediates.noindex/Pods.build/Debug-iphonesimulator
    export COPYING_PRESERVES_HFS_DATA\=NO
    export COPY_HEADERS_RUN_UNIFDEF\=NO
    export COPY_PHASE_STRIP\=NO
    export CORRESPONDING_DEVICE_PLATFORM_DIR\=/Applications/Xcode.app/Contents/Developer/Platforms/iPhoneOS.platform
    export CORRESPONDING_DEVICE_PLATFORM_NAME\=iphoneos
    export CORRESPONDING_DEVICE_SDK_DIR\=/Applications/Xcode.app/Contents/Developer/Platforms/iPhoneOS.platform/Developer/SDKs/iPhoneOS26.5.sdk
    export CORRESPONDING_DEVICE_SDK_NAME\=iphoneos26.5
    export CP\=/bin/cp
    export CREATE_INFOPLIST_SECTION_IN_BINARY\=NO
    export CURRENT_ARCH\=undefined_arch
    export CURRENT_VARIANT\=normal
    export DEAD_CODE_STRIPPING\=YES
    export DEBUGGING_SYMBOLS\=YES
    export DEBUG_INFORMATION_FORMAT\=dwarf
    export DEBUG_INFORMATION_VERSION\=compiler-default
    export DEFAULT_COMPILER\=com.apple.compilers.llvm.clang.1_0
    export DEFAULT_DEXT_INSTALL_PATH\=/System/Library/DriverExtensions
    export DEFAULT_KEXT_INSTALL_PATH\=/System/Library/Extensions
    export DEFINES_MODULE\=NO
    export DEPLOYMENT_LOCATION\=NO
    export DEPLOYMENT_POSTPROCESSING\=NO
    export DEPLOYMENT_TARGET_SETTING_NAME\=IPHONEOS_DEPLOYMENT_TARGET
    export DEPLOYMENT_TARGET_SUGGESTED_VALUES\=12.0\ 12.1\ 12.2\ 12.3\ 12.4\ 13.0\ 13.1\ 13.2\ 13.3\ 13.4\ 13.5\ 13.6\ 14.0\ 14.1\ 14.2\ 14.3\ 14.4\ 14.5\ 14.6\ 14.7\ 15.0\ 15.1\ 15.2\ 15.3\ 15.4\ 15.5\ 15.6\ 16.0\ 16.1\ 16.2\ 16.3\ 16.4\ 16.5\ 16.6\ 17.0\ 17.1\ 17.2\ 17.3\ 17.4\ 17.5\ 17.6\ 18.0\ 18.1\ 18.2\ 18.3\ 18.4\ 18.5\ 18.6\ 26.0\ 26.2\ 26.3\ 26.4\ 26.5
    export DERIVED_FILES_DIR\=/Users/sanjaykumar/Library/Developer/Xcode/DerivedData/VideoCallApp-evcapdoyusxvykgansyblgyjxatu/Build/Intermediates.noindex/Pods.build/Debug-iphonesimulator/React-RCTFBReactNativeSpec.build/DerivedSources
    export DERIVED_FILE_DIR\=/Users/sanjaykumar/Library/Developer/Xcode/DerivedData/VideoCallApp-evcapdoyusxvykgansyblgyjxatu/Build/Intermediates.noindex/Pods.build/Debug-iphonesimulator/React-RCTFBReactNativeSpec.build/DerivedSources
    export DERIVED_SOURCES_DIR\=/Users/sanjaykumar/Library/Developer/Xcode/DerivedData/VideoCallApp-evcapdoyusxvykgansyblgyjxatu/Build/Intermediates.noindex/Pods.build/Debug-iphonesimulator/React-RCTFBReactNativeSpec.build/DerivedSources
    export DEVELOPER_APPLICATIONS_DIR\=/Applications/Xcode.app/Contents/Developer/Applications
    export DEVELOPER_BIN_DIR\=/Applications/Xcode.app/Contents/Developer/usr/bin
    export DEVELOPER_DIR\=/Applications/Xcode.app/Contents/Developer
    export DEVELOPER_FRAMEWORKS_DIR\=/Applications/Xcode.app/Contents/Developer/Library/Frameworks
    export DEVELOPER_FRAMEWORKS_DIR_QUOTED\=/Applications/Xcode.app/Contents/Developer/Library/Frameworks
    export DEVELOPER_LIBRARY_DIR\=/Applications/Xcode.app/Contents/Developer/Library
    export DEVELOPER_SDK_DIR\=/Applications/Xcode.app/Contents/Developer/Platforms/MacOSX.platform/Developer/SDKs
    export DEVELOPER_TOOLS_DIR\=/Applications/Xcode.app/Contents/Developer/Tools
    export DEVELOPER_USR_DIR\=/Applications/Xcode.app/Contents/Developer/usr
    export DEVELOPMENT_LANGUAGE\=en
    export DIAGNOSE_MISSING_TARGET_DEPENDENCIES\=YES
    export DIFF\=/usr/bin/diff
    export DONT_GENERATE_INFOPLIST_FILE\=NO
    export DSTROOT\=/tmp/Pods.dst
    export DT_TOOLCHAIN_DIR\=/Applications/Xcode.app/Contents/Developer/Toolchains/XcodeDefault.xctoolchain
    export DUMP_DEPENDENCIES\=NO
    export DUMP_DEPENDENCIES_OUTPUT_PATH\=/Users/sanjaykumar/Library/Developer/Xcode/DerivedData/VideoCallApp-evcapdoyusxvykgansyblgyjxatu/Build/Intermediates.noindex/Pods.build/Debug-iphonesimulator/React-RCTFBReactNativeSpec.build/React-RCTFBReactNativeSpec-BuildDependencyInfo.json
    export DWARF_DSYM_FILE_NAME\=.dSYM
    export DWARF_DSYM_FILE_SHOULD_ACCOMPANY_PRODUCT\=NO
    export DWARF_DSYM_FOLDER_PATH\=/Users/sanjaykumar/Library/Developer/Xcode/DerivedData/VideoCallApp-evcapdoyusxvykgansyblgyjxatu/Build/Products/Debug-iphonesimulator/React-RCTFBReactNativeSpec
    export DYNAMIC_LIBRARY_EXTENSION\=dylib
    export EAGER_COMPILATION_ALLOW_SCRIPTS\=NO
    export EAGER_LINKING\=NO
    export EFFECTIVE_PLATFORM_NAME\=-iphonesimulator
    export EFFECTIVE_SWIFT_VERSION\=5
    export EMBEDDED_CONTENT_CONTAINS_SWIFT\=NO
    export EMBED_ASSET_PACKS_IN_PRODUCT_BUNDLE\=NO
    export ENABLE_APP_SANDBOX\=NO
    export ENABLE_CODE_COVERAGE\=YES
    export ENABLE_COHORT_ARCHS\=NO
    export ENABLE_CPLUSPLUS_BOUNDS_SAFE_BUFFERS\=NO
    export ENABLE_C_BOUNDS_SAFETY\=NO
    export ENABLE_DEFAULT_HEADER_SEARCH_PATHS\=YES
    export ENABLE_DEFAULT_SEARCH_PATHS\=YES
    export ENABLE_ENHANCED_SECURITY\=NO
    export ENABLE_HARDENED_RUNTIME\=NO
    export ENABLE_HEADER_DEPENDENCIES\=YES
    export ENABLE_INCOMING_NETWORK_CONNECTIONS\=NO
    export ENABLE_ON_DEMAND_RESOURCES\=NO
    export ENABLE_OUTGOING_NETWORK_CONNECTIONS\=NO
    export ENABLE_POINTER_AUTHENTICATION\=NO
    export ENABLE_PREVIEWS\=NO
    export ENABLE_RESOURCE_ACCESS_AUDIO_INPUT\=NO
    export ENABLE_RESOURCE_ACCESS_BLUETOOTH\=NO
    export ENABLE_RESOURCE_ACCESS_CALENDARS\=NO
    export ENABLE_RESOURCE_ACCESS_CAMERA\=NO
    export ENABLE_RESOURCE_ACCESS_CONTACTS\=NO
    export ENABLE_RESOURCE_ACCESS_LOCATION\=NO
    export ENABLE_RESOURCE_ACCESS_PHOTO_LIBRARY\=NO
    export ENABLE_RESOURCE_ACCESS_PRINTING\=NO
    export ENABLE_RESOURCE_ACCESS_USB\=NO
    export ENABLE_SDK_IMPORTS\=NO
    export ENABLE_SECURITY_COMPILER_WARNINGS\=NO
    export ENABLE_STRICT_OBJC_MSGSEND\=YES
    export ENABLE_TESTABILITY\=YES
    export ENABLE_TESTING_SEARCH_PATHS\=NO
    export ENABLE_USER_SCRIPT_SANDBOXING\=NO
    export ENABLE_XOJIT_PREVIEWS\=YES
    export ENFORCE_VALID_ARCHS\=YES
    export ENTITLEMENTS_DESTINATION\=__entitlements
    export ENTITLEMENTS_REQUIRED\=YES
    export EXCLUDED_INSTALLSRC_SUBDIRECTORY_PATTERNS\=.DS_Store\ .svn\ .git\ .hg\ CVS
    export EXCLUDED_RECURSIVE_SEARCH_PATH_SUBDIRECTORIES\=\*.nib\ \*.lproj\ \*.framework\ \*.gch\ \*.xcode\*\ \*.xcassets\ \*.icon\ \(\*\)\ .DS_Store\ CVS\ .svn\ .git\ .hg\ \*.pbproj\ \*.pbxproj
    export FILE_LIST\=/Users/sanjaykumar/Library/Developer/Xcode/DerivedData/VideoCallApp-evcapdoyusxvykgansyblgyjxatu/Build/Intermediates.noindex/Pods.build/Debug-iphonesimulator/React-RCTFBReactNativeSpec.build/Objects/LinkFileList
    export FIXED_FILES_DIR\=/Users/sanjaykumar/Library/Developer/Xcode/DerivedData/VideoCallApp-evcapdoyusxvykgansyblgyjxatu/Build/Intermediates.noindex/Pods.build/Debug-iphonesimulator/React-RCTFBReactNativeSpec.build/FixedFiles
    export FRAMEWORK_SEARCH_PATHS\=\ \"/Users/sanjaykumar/Desktop/Newfolder/VideoCallApp/ios/Pods/React-Core-prebuilt\"\ \"/Users/sanjaykumar/Desktop/Newfolder/VideoCallApp/ios/Pods/ReactNativeDependencies/framework/packages/react-native\"\ \"/Users/sanjaykumar/Desktop/Newfolder/VideoCallApp/ios/Pods/hermes-engine/destroot/Library/Frameworks/universal\"\ \"/Users/sanjaykumar/Library/Developer/Xcode/DerivedData/VideoCallApp-evcapdoyusxvykgansyblgyjxatu/Build/Products/Debug-iphonesimulator/XCFrameworkIntermediates/React-Core-prebuilt\"\ \"/Users/sanjaykumar/Library/Developer/Xcode/DerivedData/VideoCallApp-evcapdoyusxvykgansyblgyjxatu/Build/Products/Debug-iphonesimulator/XCFrameworkIntermediates/ReactNativeDependencies\"\ \"/Users/sanjaykumar/Library/Developer/Xcode/DerivedData/VideoCallApp-evcapdoyusxvykgansyblgyjxatu/Build/Products/Debug-iphonesimulator/XCFrameworkIntermediates/hermes-engine/Pre-built\"
    export FRAMEWORK_VERSION\=A
    export FUSE_BUILD_PHASES\=YES
    export FUSE_BUILD_SCRIPT_PHASES\=NO
    export GCC3_VERSION\=3.3
    export GCC_C_LANGUAGE_STANDARD\=gnu11
    export GCC_DYNAMIC_NO_PIC\=NO
    export GCC_NO_COMMON_BLOCKS\=YES
    export GCC_OBJC_LEGACY_DISPATCH\=YES
    export GCC_OPTIMIZATION_LEVEL\=0
    export GCC_PFE_FILE_C_DIALECTS\=c\ objective-c\ c++\ objective-c++
    export GCC_PREPROCESSOR_DEFINITIONS\=POD_CONFIGURATION_DEBUG\=1\ DEBUG\=1\ \ COCOAPODS\=1
    export GCC_TREAT_WARNINGS_AS_ERRORS\=NO
    export GCC_VERSION\=com.apple.compilers.llvm.clang.1_0
    export GCC_VERSION_IDENTIFIER\=com_apple_compilers_llvm_clang_1_0
    export GCC_WARN_64_TO_32_BIT_CONVERSION\=YES
    export GCC_WARN_ABOUT_RETURN_TYPE\=YES_ERROR
    export GCC_WARN_UNDECLARED_SELECTOR\=YES
    export GCC_WARN_UNINITIALIZED_AUTOS\=YES_AGGRESSIVE
    export GCC_WARN_UNUSED_FUNCTION\=YES
    export GCC_WARN_UNUSED_VARIABLE\=YES
    export GENERATED_MODULEMAP_DIR\=/Users/sanjaykumar/Library/Developer/Xcode/DerivedData/VideoCallApp-evcapdoyusxvykgansyblgyjxatu/Build/Intermediates.noindex/GeneratedModuleMaps-iphonesimulator
    export GENERATE_INFOPLIST_FILE\=NO
    export GENERATE_INTERMEDIATE_TEXT_BASED_STUBS\=YES
    export GENERATE_PKGINFO_FILE\=NO
    export GENERATE_PRELINK_OBJECT_FILE\=NO
    export GENERATE_PROFILING_CODE\=NO
    export GENERATE_TEXT_BASED_STUBS\=NO
    export GID\=20
    export GROUP\=staff
    export HEADERMAP_INCLUDES_FLAT_ENTRIES_FOR_TARGET_BEING_BUILT\=YES
    export HEADERMAP_INCLUDES_FRAMEWORK_ENTRIES_FOR_ALL_PRODUCT_TYPES\=YES
    export HEADERMAP_INCLUDES_FRAMEWORK_ENTRIES_FOR_TARGETS_NOT_BEING_BUILT\=YES
    export HEADERMAP_INCLUDES_NONPUBLIC_NONPRIVATE_HEADERS\=YES
    export HEADERMAP_INCLUDES_PROJECT_HEADERS\=YES
    export HEADERMAP_USES_FRAMEWORK_PREFIX_ENTRIES\=YES
    export HEADERMAP_USES_VFS\=NO
    export HEADER_SEARCH_PATHS\=\ \"/Users/sanjaykumar/Desktop/Newfolder/VideoCallApp/ios/Pods/Headers/Private\"\ \"/Users/sanjaykumar/Desktop/Newfolder/VideoCallApp/ios/Pods/Headers/Private/React-RCTFBReactNativeSpec\"\ \"/Users/sanjaykumar/Desktop/Newfolder/VideoCallApp/ios/Pods/Headers/Public\"\ \"/Users/sanjaykumar/Desktop/Newfolder/VideoCallApp/ios/Pods/Headers/Public/RCTTypeSafety\"\ \"/Users/sanjaykumar/Desktop/Newfolder/VideoCallApp/ios/Pods/Headers/Public/React-Core-prebuilt\"\ \"/Users/sanjaykumar/Desktop/Newfolder/VideoCallApp/ios/Pods/Headers/Public/React-Fabric\"\ \"/Users/sanjaykumar/Desktop/Newfolder/VideoCallApp/ios/Pods/Headers/Public/React-NativeModulesApple\"\ \"/Users/sanjaykumar/Desktop/Newfolder/VideoCallApp/ios/Pods/Headers/Public/React-RCTFBReactNativeSpec\"\ \"/Users/sanjaykumar/Desktop/Newfolder/VideoCallApp/ios/Pods/Headers/Public/React-bridging\"\ \"/Users/sanjaykumar/Desktop/Newfolder/VideoCallApp/ios/Pods/Headers/Public/React-callinvoker\"\ \"/Users/sanjaykumar/Desktop/Newfolder/VideoCallApp/ios/Pods/Headers/Public/React-cxxreact\"\ \"/Users/sanjaykumar/Desktop/Newfolder/VideoCallApp/ios/Pods/Headers/Public/React-debug\"\ \"/Users/sanjaykumar/Desktop/Newfolder/VideoCallApp/ios/Pods/Headers/Public/React-featureflags\"\ \"/Users/sanjaykumar/Desktop/Newfolder/VideoCallApp/ios/Pods/Headers/Public/React-graphics\"\ \"/Users/sanjaykumar/Desktop/Newfolder/VideoCallApp/ios/Pods/Headers/Public/React-jserrorhandler\"\ \"/Users/sanjaykumar/Desktop/Newfolder/VideoCallApp/ios/Pods/Headers/Public/React-jsi\"\ \"/Users/sanjaykumar/Desktop/Newfolder/VideoCallApp/ios/Pods/Headers/Public/React-jsiexecutor\"\ \"/Users/sanjaykumar/Desktop/Newfolder/VideoCallApp/ios/Pods/Headers/Public/React-jsinspector\"\ \"/Users/sanjaykumar/Desktop/Newfolder/VideoCallApp/ios/Pods/Headers/Public/React-jsinspectorcdp\"\ \"/Users/sanjaykumar/Desktop/Newfolder/VideoCallApp/ios/Pods/Headers/Public/React-jsinspectornetwork\"\ \"/Users/sanjaykumar/Desktop/Newfolder/VideoCallApp/ios/Pods/Headers/Public/React-jsinspectortracing\"\ \"/Users/sanjaykumar/Desktop/Newfolder/VideoCallApp/ios/Pods/Headers/Public/React-jsitooling\"\ \"/Users/sanjaykumar/Desktop/Newfolder/VideoCallApp/ios/Pods/Headers/Public/React-logger\"\ \"/Users/sanjaykumar/Desktop/Newfolder/VideoCallApp/ios/Pods/Headers/Public/React-oscompat\"\ \"/Users/sanjaykumar/Desktop/Newfolder/VideoCallApp/ios/Pods/Headers/Public/React-perflogger\"\ \"/Users/sanjaykumar/Desktop/Newfolder/VideoCallApp/ios/Pods/Headers/Public/React-performancecdpmetrics\"\ \"/Users/sanjaykumar/Desktop/Newfolder/VideoCallApp/ios/Pods/Headers/Public/React-performancetimeline\"\ \"/Users/sanjaykumar/Desktop/Newfolder/VideoCallApp/ios/Pods/Headers/Public/React-rendererconsistency\"\ \"/Users/sanjaykumar/Desktop/Newfolder/VideoCallApp/ios/Pods/Headers/Public/React-renderercss\"\ \"/Users/sanjaykumar/Desktop/Newfolder/VideoCallApp/ios/Pods/Headers/Public/React-rendererdebug\"\ \"/Users/sanjaykumar/Desktop/Newfolder/VideoCallApp/ios/Pods/Headers/Public/React-runtimeexecutor\"\ \"/Users/sanjaykumar/Desktop/Newfolder/VideoCallApp/ios/Pods/Headers/Public/React-runtimescheduler\"\ \"/Users/sanjaykumar/Desktop/Newfolder/VideoCallApp/ios/Pods/Headers/Public/React-timing\"\ \"/Users/sanjaykumar/Desktop/Newfolder/VideoCallApp/ios/Pods/Headers/Public/React-utils\"\ \"/Users/sanjaykumar/Desktop/Newfolder/VideoCallApp/ios/Pods/Headers/Public/ReactCommon\"\ \"/Users/sanjaykumar/Desktop/Newfolder/VideoCallApp/ios/Pods/Headers/Public/ReactNativeDependencies\"\ \"/Users/sanjaykumar/Desktop/Newfolder/VideoCallApp/ios/Pods/Headers/Public/hermes-engine\"\ \"/Users/sanjaykumar/Desktop/Newfolder/VideoCallApp/ios/Pods/../../node_modules/react-native/React/FBReactNativeSpec\"\ \"/Users/sanjaykumar/Desktop/Newfolder/VideoCallApp/ios/Pods/Headers/Private/Yoga\"\ \"/Users/sanjaykumar/Desktop/Newfolder/VideoCallApp/ios/Pods/ReactCommon\"\ \"/Users/sanjaykumar/Desktop/Newfolder/VideoCallApp/ios/Pods/ReactCommon/react/nativemodule/core\"\ \"/Users/sanjaykumar/Desktop/Newfolder/VideoCallApp/ios/Pods/ReactNativeDependencies/Headers\"\ \"/Users/sanjaykumar/Desktop/Newfolder/VideoCallApp/ios/Pods/../../node_modules/react-native/React/FBReactNativeSpec\"\ \"/Users/sanjaykumar/Desktop/Newfolder/VideoCallApp/ios/Pods/Headers/Private/Yoga\"\ \"/Users/sanjaykumar/Desktop/Newfolder/VideoCallApp/ios/Pods/ReactCommon\"\ \"/Users/sanjaykumar/Desktop/Newfolder/VideoCallApp/ios/Pods/ReactCommon/react/nativemodule/core\"\ \"/Users/sanjaykumar/Desktop/Newfolder/VideoCallApp/ios/Pods/ReactNativeDependencies/Headers\"\ \"/Users/sanjaykumar/Desktop/Newfolder/VideoCallApp/ios/Pods/React-featureflags\"\ \"/Users/sanjaykumar/Desktop/Newfolder/VideoCallApp/ios/Pods/React-debug\"\ \"/Users/sanjaykumar/Desktop/Newfolder/VideoCallApp/ios/Pods/React-rendererdebug\"\ \"/Users/sanjaykumar/Desktop/Newfolder/VideoCallApp/ios/Pods/React-utils\"\ \"/Users/sanjaykumar/Desktop/Newfolder/VideoCallApp/ios/Pods/React-graphics\"\ \"/Users/sanjaykumar/Desktop/Newfolder/VideoCallApp/ios/Pods/React-graphics/react/renderer/graphics/platform/ios\"\ \"/Users/sanjaykumar/Desktop/Newfolder/VideoCallApp/ios/Pods/React-Fabric\"\ \"/Users/sanjaykumar/Desktop/Newfolder/VideoCallApp/ios/Pods/React-Fabric/react/renderer/components/view/platform/cxx\"\ \"/Users/sanjaykumar/Desktop/Newfolder/VideoCallApp/ios/Pods/React-Core-prebuilt/Headers\"
    export HOME\=/Users/sanjaykumar
    export HOST_ARCH\=arm64
    export HOST_PLATFORM\=macosx
    export ICONV\=/usr/bin/iconv
    export IMPLICIT_DEPENDENCY_DOMAIN\=default
    export INDEX_STORE_COMPRESS\=NO
    export INDEX_STORE_ONLY_PROJECT_FILES\=NO
    export INFOPLIST_ENABLE_CFBUNDLEICONS_MERGE\=YES
    export INFOPLIST_EXPAND_BUILD_SETTINGS\=YES
    export INFOPLIST_OUTPUT_FORMAT\=binary
    export INFOPLIST_PREPROCESS\=NO
    export INLINE_PRIVATE_FRAMEWORKS\=NO
    export INSTALLAPI_IGNORE_SKIP_INSTALL\=YES
    export INSTALLHDRS_COPY_PHASE\=NO
    export INSTALLHDRS_SCRIPT_PHASE\=NO
    export INSTALL_DIR\=/tmp/Pods.dst
    export INSTALL_GROUP\=staff
    export INSTALL_MODE_FLAG\=u+w,go-w,a+rX
    export INSTALL_OWNER\=sanjaykumar
    export INSTALL_ROOT\=/tmp/Pods.dst
    export IPHONEOS_DEPLOYMENT_TARGET\=15.1
    export IS_UNOPTIMIZED_BUILD\=YES
    export JAVAC_DEFAULT_FLAGS\=-J-Xms64m\ -J-XX:NewSize\=4M\ -J-Dfile.encoding\=UTF8
    export JAVA_APP_STUB\=/System/Library/Frameworks/JavaVM.framework/Resources/MacOS/JavaApplicationStub
    export JAVA_ARCHIVE_CLASSES\=YES
    export JAVA_ARCHIVE_TYPE\=JAR
    export JAVA_COMPILER\=/usr/bin/javac
    export JAVA_FRAMEWORK_RESOURCES_DIRS\=Resources
    export JAVA_JAR_FLAGS\=cv
    export JAVA_SOURCE_SUBDIR\=.
    export JAVA_USE_DEPENDENCIES\=YES
    export JAVA_ZIP_FLAGS\=-urg
    export JIKES_DEFAULT_FLAGS\=+E\ +OLDCSO
    export KEEP_PRIVATE_EXTERNS\=NO
    export LD_DEPENDENCY_INFO_FILE\=/Users/sanjaykumar/Library/Developer/Xcode/DerivedData/VideoCallApp-evcapdoyusxvykgansyblgyjxatu/Build/Intermediates.noindex/Pods.build/Debug-iphonesimulator/React-RCTFBReactNativeSpec.build/Objects-normal/undefined_arch/React-RCTFBReactNativeSpec_dependency_info.dat
    export LD_EXPORT_SYMBOLS\=YES
    export LD_GENERATE_MAP_FILE\=NO
    export LD_MAP_FILE_PATH\=/Users/sanjaykumar/Library/Developer/Xcode/DerivedData/VideoCallApp-evcapdoyusxvykgansyblgyjxatu/Build/Intermediates.noindex/Pods.build/Debug-iphonesimulator/React-RCTFBReactNativeSpec.build/React-RCTFBReactNativeSpec-LinkMap-normal-undefined_arch.txt
    export LD_NO_PIE\=NO
    export LD_QUOTE_LINKER_ARGUMENTS_FOR_COMPILER_DRIVER\=YES
    export LD_RUNPATH_SEARCH_PATHS\=\ @executable_path/Frameworks
    export LD_SHARED_CACHE_ELIGIBLE\=Automatic
    export LD_WARN_DUPLICATE_LIBRARIES\=NO
    export LD_WARN_UNUSED_DYLIBS\=NO
    export LEGACY_DEVELOPER_DIR\=/Applications/Xcode.app/Contents/PlugIns/Xcode3Core.ideplugin/Contents/SharedSupport/Developer
    export LEX\=lex
    export LIBRARY_DEXT_INSTALL_PATH\=/Library/DriverExtensions
    export LIBRARY_FLAG_NOSPACE\=YES
    export LIBRARY_KEXT_INSTALL_PATH\=/Library/Extensions
    export LINKER_DISPLAYS_MANGLED_NAMES\=NO
    export LINK_FILE_LIST_normal_arm64\=/Users/sanjaykumar/Library/Developer/Xcode/DerivedData/VideoCallApp-evcapdoyusxvykgansyblgyjxatu/Build/Intermediates.noindex/Pods.build/Debug-iphonesimulator/React-RCTFBReactNativeSpec.build/Objects-normal/arm64/React-RCTFBReactNativeSpec.LinkFileList
    export LINK_FILE_LIST_normal_x86_64\=/Users/sanjaykumar/Library/Developer/Xcode/DerivedData/VideoCallApp-evcapdoyusxvykgansyblgyjxatu/Build/Intermediates.noindex/Pods.build/Debug-iphonesimulator/React-RCTFBReactNativeSpec.build/Objects-normal/x86_64/React-RCTFBReactNativeSpec.LinkFileList
    export LINK_OBJC_RUNTIME\=YES
    export LINK_WITH_STANDARD_LIBRARIES\=YES
    export LLVM_TARGET_TRIPLE_OS_VERSION\=ios15.1
    export LLVM_TARGET_TRIPLE_SUFFIX\=-simulator
    export LLVM_TARGET_TRIPLE_VENDOR\=apple
    export LM_AUX_CONST_METADATA_LIST_PATH_normal_arm64\=/Users/sanjaykumar/Library/Developer/Xcode/DerivedData/VideoCallApp-evcapdoyusxvykgansyblgyjxatu/Build/Intermediates.noindex/Pods.build/Debug-iphonesimulator/React-RCTFBReactNativeSpec.build/Objects-normal/arm64/React-RCTFBReactNativeSpec.SwiftConstValuesFileList
    export LM_AUX_CONST_METADATA_LIST_PATH_normal_x86_64\=/Users/sanjaykumar/Library/Developer/Xcode/DerivedData/VideoCallApp-evcapdoyusxvykgansyblgyjxatu/Build/Intermediates.noindex/Pods.build/Debug-iphonesimulator/React-RCTFBReactNativeSpec.build/Objects-normal/x86_64/React-RCTFBReactNativeSpec.SwiftConstValuesFileList
    export LOCALIZATION_EXPORT_SUPPORTED\=YES
    export LOCALIZATION_PREFERS_STRING_CATALOGS\=NO
    export LOCALIZED_STRING_CODE_COMMENTS\=NO
    export LOCALIZED_STRING_MACRO_NAMES\=NSLocalizedString\ CFCopyLocalizedString
    export LOCALIZED_STRING_SWIFTUI_SUPPORT\=YES
    export LOCAL_ADMIN_APPS_DIR\=/Applications/Utilities
    export LOCAL_APPS_DIR\=/Applications
    export LOCAL_DEVELOPER_DIR\=/Library/Developer
    export LOCAL_LIBRARY_DIR\=/Library
    export LOCROOT\=/Users/sanjaykumar/Desktop/Newfolder/VideoCallApp/ios/Pods
    export LOCSYMROOT\=/Users/sanjaykumar/Desktop/Newfolder/VideoCallApp/ios/Pods
    export MAC_OS_X_PRODUCT_BUILD_VERSION\=25G83
    export MAC_OS_X_VERSION_ACTUAL\=260602
    export MAC_OS_X_VERSION_MAJOR\=260000
    export MAC_OS_X_VERSION_MINOR\=260600
    export MAKE_MERGEABLE\=NO
    export MERGEABLE_LIBRARY\=NO
    export MERGED_BINARY_TYPE\=none
    export MERGE_LINKED_LIBRARIES\=NO
    export METAL_LIBRARY_FILE_BASE\=default
    export METAL_LIBRARY_OUTPUT_DIR\=/Users/sanjaykumar/Library/Developer/Xcode/DerivedData/VideoCallApp-evcapdoyusxvykgansyblgyjxatu/Build/Products/Debug-iphonesimulator/React-RCTFBReactNativeSpec/
    export MODULE_CACHE_DIR\=/Users/sanjaykumar/Library/Developer/Xcode/DerivedData/ModuleCache.noindex
    export MTL_ENABLE_DEBUG_INFO\=INCLUDE_SOURCE
    export MTL_FAST_MATH\=YES
    export NATIVE_ARCH\=arm64
    export NATIVE_ARCH_32_BIT\=arm
    export NATIVE_ARCH_64_BIT\=arm64
    export NATIVE_ARCH_ACTUAL\=arm64
    export NO_COMMON\=YES
    export OBJC_ABI_VERSION\=2
    export OBJECT_FILE_DIR\=/Users/sanjaykumar/Library/Developer/Xcode/DerivedData/VideoCallApp-evcapdoyusxvykgansyblgyjxatu/Build/Intermediates.noindex/Pods.build/Debug-iphonesimulator/React-RCTFBReactNativeSpec.build/Objects
    export OBJECT_FILE_DIR_normal\=/Users/sanjaykumar/Library/Developer/Xcode/DerivedData/VideoCallApp-evcapdoyusxvykgansyblgyjxatu/Build/Intermediates.noindex/Pods.build/Debug-iphonesimulator/React-RCTFBReactNativeSpec.build/Objects-normal
    export OBJROOT\=/Users/sanjaykumar/Library/Developer/Xcode/DerivedData/VideoCallApp-evcapdoyusxvykgansyblgyjxatu/Build/Intermediates.noindex
    export ONLY_ACTIVE_ARCH\=NO
    export OS\=MACOS
    export OSAC\=/usr/bin/osacompile
    export OTHER_CFLAGS\=\ -DRCT_REMOVE_LEGACY_ARCH\=1\ \"-fmodule-map-file\=/Users/sanjaykumar/Desktop/Newfolder/VideoCallApp/ios/Pods/React-Core-prebuilt/Headers/module.modulemap\"
    export OTHER_CPLUSPLUSFLAGS\=\ -DRCT_REMOVE_LEGACY_ARCH\=1\ \"-fmodule-map-file\=/Users/sanjaykumar/Desktop/Newfolder/VideoCallApp/ios/Pods/React-Core-prebuilt/Headers/module.modulemap\"\ -DRCT_REMOVE_LEGACY_ARCH\=1\ \"-fmodule-map-file\=/Users/sanjaykumar/Desktop/Newfolder/VideoCallApp/ios/Pods/React-Core-prebuilt/Headers/module.modulemap\"
    export OTHER_SWIFT_FLAGS\=\ -Xcc\ -Wno-incomplete-umbrella\ -Xcc\ \"-fmodule-map-file\=/Users/sanjaykumar/Desktop/Newfolder/VideoCallApp/ios/Pods/React-Core-prebuilt/Headers/module.modulemap\"
    export PASCAL_STRINGS\=YES
    export PATH\=/Applications/Xcode.app/Contents/SharedFrameworks/SwiftBuild.framework/Versions/A/PlugIns/SWBBuildService.bundle/Contents/PlugIns/SWBUniversalPlatformPlugin.bundle/Contents/Frameworks/SWBUniversalPlatform.framework/Resources:/Applications/Xcode.app/Contents/Developer/Toolchains/XcodeDefault.xctoolchain/usr/bin:/Applications/Xcode.app/Contents/Developer/Toolchains/XcodeDefault.xctoolchain/usr/local/bin:/Applications/Xcode.app/Contents/Developer/Toolchains/XcodeDefault.xctoolchain/usr/libexec:/Applications/Xcode.app/Contents/Developer/Platforms/iPhoneSimulator.platform/usr/bin:/Applications/Xcode.app/Contents/Developer/Platforms/iPhoneSimulator.platform/usr/local/bin:/Applications/Xcode.app/Contents/Developer/Platforms/iPhoneSimulator.platform/Developer/usr/bin:/Applications/Xcode.app/Contents/Developer/Platforms/iPhoneSimulator.platform/Developer/usr/local/bin:/Applications/Xcode.app/Contents/Developer/usr/bin:/Applications/Xcode.app/Contents/Developer/usr/local/bin:/Users/sanjaykumar/.gemini/antigravity-ide/bin:/Users/sanjaykumar/.antigravity-ide/antigravity-ide/bin:/Users/sanjaykumar/.antigravity/antigravity/bin:/opt/homebrew/bin:/opt/homebrew/sbin:/usr/local/bin:/System/Cryptexes/App/usr/bin:/usr/bin:/bin:/usr/sbin:/sbin:/var/run/com.apple.security.cryptexd/codex.system/bootstrap/usr/local/bin:/var/run/com.apple.security.cryptexd/codex.system/bootstrap/usr/bin:/var/run/com.apple.security.cryptexd/codex.system/bootstrap/usr/appleinternal/bin:/pkg/env/global/bin:/Library/Apple/usr/bin
    export PATH_PREFIXES_EXCLUDED_FROM_HEADER_DEPENDENCIES\=/usr/include\ /usr/local/include\ /System/Library/Frameworks\ /System/Library/PrivateFrameworks\ /Applications/Xcode.app/Contents/Developer/Headers\ /Applications/Xcode.app/Contents/Developer/SDKs\ /Applications/Xcode.app/Contents/Developer/Platforms
    export PER_ARCH_MODULE_FILE_DIR\=/Users/sanjaykumar/Library/Developer/Xcode/DerivedData/VideoCallApp-evcapdoyusxvykgansyblgyjxatu/Build/Intermediates.noindex/Pods.build/Debug-iphonesimulator/React-RCTFBReactNativeSpec.build/Objects-normal/undefined_arch
    export PER_ARCH_OBJECT_FILE_DIR\=/Users/sanjaykumar/Library/Developer/Xcode/DerivedData/VideoCallApp-evcapdoyusxvykgansyblgyjxatu/Build/Intermediates.noindex/Pods.build/Debug-iphonesimulator/React-RCTFBReactNativeSpec.build/Objects-normal/undefined_arch
    export PER_VARIANT_OBJECT_FILE_DIR\=/Users/sanjaykumar/Library/Developer/Xcode/DerivedData/VideoCallApp-evcapdoyusxvykgansyblgyjxatu/Build/Intermediates.noindex/Pods.build/Debug-iphonesimulator/React-RCTFBReactNativeSpec.build/Objects-normal
    export PKGINFO_FILE_PATH\=/Users/sanjaykumar/Library/Developer/Xcode/DerivedData/VideoCallApp-evcapdoyusxvykgansyblgyjxatu/Build/Intermediates.noindex/Pods.build/Debug-iphonesimulator/React-RCTFBReactNativeSpec.build/PkgInfo
    export PLATFORM_DEVELOPER_APPLICATIONS_DIR\=/Applications/Xcode.app/Contents/Developer/Platforms/iPhoneSimulator.platform/Developer/Applications
    export PLATFORM_DEVELOPER_BIN_DIR\=/Applications/Xcode.app/Contents/Developer/Platforms/iPhoneSimulator.platform/Developer/usr/bin
    export PLATFORM_DEVELOPER_LIBRARY_DIR\=/Applications/Xcode.app/Contents/Developer/Platforms/iPhoneSimulator.platform/Developer/Library
    export PLATFORM_DEVELOPER_SDK_DIR\=/Applications/Xcode.app/Contents/Developer/Platforms/iPhoneSimulator.platform/Developer/SDKs
    export PLATFORM_DEVELOPER_TOOLS_DIR\=/Applications/Xcode.app/Contents/Developer/Platforms/iPhoneSimulator.platform/Developer/Tools
    export PLATFORM_DEVELOPER_USR_DIR\=/Applications/Xcode.app/Contents/Developer/Platforms/iPhoneSimulator.platform/Developer/usr
    export PLATFORM_DIR\=/Applications/Xcode.app/Contents/Developer/Platforms/iPhoneSimulator.platform
    export PLATFORM_DISPLAY_NAME\=iOS\ Simulator
    export PLATFORM_FAMILY_NAME\=iOS
    export PLATFORM_NAME\=iphonesimulator
    export PLATFORM_PREFERRED_ARCH\=x86_64
    export PLATFORM_PRODUCT_BUILD_VERSION\=23F81a
    export PLATFORM_REQUIRES_SWIFT_AUTOLINK_EXTRACT\=NO
    export PLATFORM_REQUIRES_SWIFT_MODULEWRAP\=NO
    export PLATFORM_USES_DSYMS\=YES
    export PLIST_FILE_OUTPUT_FORMAT\=binary
    export PODFILE_DIR\=/Users/sanjaykumar/Desktop/Newfolder/VideoCallApp/ios/Pods/..
    export PODS_BUILD_DIR\=/Users/sanjaykumar/Library/Developer/Xcode/DerivedData/VideoCallApp-evcapdoyusxvykgansyblgyjxatu/Build/Products
    export PODS_CONFIGURATION_BUILD_DIR\=/Users/sanjaykumar/Library/Developer/Xcode/DerivedData/VideoCallApp-evcapdoyusxvykgansyblgyjxatu/Build/Products/Debug-iphonesimulator
    export PODS_DEVELOPMENT_LANGUAGE\=en
    export PODS_ROOT\=/Users/sanjaykumar/Desktop/Newfolder/VideoCallApp/ios/Pods
    export PODS_TARGET_SRCROOT\=/Users/sanjaykumar/Desktop/Newfolder/VideoCallApp/ios/Pods/../../node_modules/react-native/React
    export PODS_XCFRAMEWORKS_BUILD_DIR\=/Users/sanjaykumar/Library/Developer/Xcode/DerivedData/VideoCallApp-evcapdoyusxvykgansyblgyjxatu/Build/Products/Debug-iphonesimulator/XCFrameworkIntermediates
    export PRECOMPS_INCLUDE_HEADERS_FROM_BUILT_PRODUCTS_DIR\=YES
    export PRECOMP_DESTINATION_DIR\=/Users/sanjaykumar/Library/Developer/Xcode/DerivedData/VideoCallApp-evcapdoyusxvykgansyblgyjxatu/Build/Intermediates.noindex/Pods.build/Debug-iphonesimulator/React-RCTFBReactNativeSpec.build/PrefixHeaders
    export PROCESSED_INFOPLIST_PATH\=/Users/sanjaykumar/Library/Developer/Xcode/DerivedData/VideoCallApp-evcapdoyusxvykgansyblgyjxatu/Build/Intermediates.noindex/Pods.build/Debug-iphonesimulator/React-RCTFBReactNativeSpec.build/Objects-normal/undefined_arch/Processed-Info.plist
    export PRODUCT_BUNDLE_IDENTIFIER\=org.cocoapods.React-RCTFBReactNativeSpec
    export PRODUCT_MODULE_NAME\=React_RCTFBReactNativeSpec
    export PRODUCT_NAME\=React-RCTFBReactNativeSpec
    export PRODUCT_SETTINGS_PATH\=
    export PROFILING_CODE\=NO
    export PROJECT\=Pods
    export PROJECT_DERIVED_FILE_DIR\=/Users/sanjaykumar/Library/Developer/Xcode/DerivedData/VideoCallApp-evcapdoyusxvykgansyblgyjxatu/Build/Intermediates.noindex/Pods.build/DerivedSources
    export PROJECT_DIR\=/Users/sanjaykumar/Desktop/Newfolder/VideoCallApp/ios/Pods
    export PROJECT_FILE_PATH\=/Users/sanjaykumar/Desktop/Newfolder/VideoCallApp/ios/Pods/Pods.xcodeproj
    export PROJECT_GUID\=8699adb1dd336b26511df848a716bd42
    export PROJECT_NAME\=Pods
    export PROJECT_TEMP_DIR\=/Users/sanjaykumar/Library/Developer/Xcode/DerivedData/VideoCallApp-evcapdoyusxvykgansyblgyjxatu/Build/Intermediates.noindex/Pods.build
    export PROJECT_TEMP_ROOT\=/Users/sanjaykumar/Library/Developer/Xcode/DerivedData/VideoCallApp-evcapdoyusxvykgansyblgyjxatu/Build/Intermediates.noindex
    export REACT_NATIVE_PATH\=/Users/sanjaykumar/Desktop/Newfolder/VideoCallApp/ios/Pods/../../node_modules/react-native
    export RECOMMENDED_IPHONEOS_DEPLOYMENT_TARGET\=15.0
    export RECURSIVE_SEARCH_PATHS_FOLLOW_SYMLINKS\=YES
    export REMOVE_CVS_FROM_RESOURCES\=YES
    export REMOVE_GIT_FROM_RESOURCES\=YES
    export REMOVE_HEADERS_FROM_EMBEDDED_BUNDLES\=YES
    export REMOVE_HG_FROM_RESOURCES\=YES
    export REMOVE_STATIC_EXECUTABLES_FROM_EMBEDDED_BUNDLES\=YES
    export REMOVE_SVN_FROM_RESOURCES\=YES
    export RESCHEDULE_INDEPENDENT_HEADERS_PHASES\=YES
    export REZ_COLLECTOR_DIR\=/Users/sanjaykumar/Library/Developer/Xcode/DerivedData/VideoCallApp-evcapdoyusxvykgansyblgyjxatu/Build/Intermediates.noindex/Pods.build/Debug-iphonesimulator/React-RCTFBReactNativeSpec.build/ResourceManagerResources
    export REZ_OBJECTS_DIR\=/Users/sanjaykumar/Library/Developer/Xcode/DerivedData/VideoCallApp-evcapdoyusxvykgansyblgyjxatu/Build/Intermediates.noindex/Pods.build/Debug-iphonesimulator/React-RCTFBReactNativeSpec.build/ResourceManagerResources/Objects
    export RPATH_ORIGIN\=@loader_path
    export RUNTIME_EXCEPTION_ALLOW_DYLD_ENVIRONMENT_VARIABLES\=NO
    export RUNTIME_EXCEPTION_ALLOW_JIT\=NO
    export RUNTIME_EXCEPTION_ALLOW_UNSIGNED_EXECUTABLE_MEMORY\=NO
    export RUNTIME_EXCEPTION_DEBUGGING_TOOL\=NO
    export RUNTIME_EXCEPTION_DISABLE_EXECUTABLE_PAGE_PROTECTION\=NO
    export RUNTIME_EXCEPTION_DISABLE_LIBRARY_VALIDATION\=NO
    export SCANNING_PCM_KEEP_CACHE_DIRECTORY\=YES
    export SCAN_ALL_SOURCE_FILES_FOR_INCLUDES\=NO
    export SCRIPT_INPUT_FILE_COUNT\=0
    export SCRIPT_INPUT_FILE_LIST_COUNT\=0
    export SCRIPT_OUTPUT_FILE_COUNT\=0
    export SCRIPT_OUTPUT_FILE_LIST_COUNT\=0
    export SDKROOT\=/Applications/Xcode.app/Contents/Developer/Platforms/iPhoneSimulator.platform/Developer/SDKs/iPhoneSimulator26.5.sdk
    export SDK_DIR\=/Applications/Xcode.app/Contents/Developer/Platforms/iPhoneSimulator.platform/Developer/SDKs/iPhoneSimulator26.5.sdk
    export SDK_DIR_iphonesimulator\=/Applications/Xcode.app/Contents/Developer/Platforms/iPhoneSimulator.platform/Developer/SDKs/iPhoneSimulator26.5.sdk
    export SDK_DIR_iphonesimulator26_5\=/Applications/Xcode.app/Contents/Developer/Platforms/iPhoneSimulator.platform/Developer/SDKs/iPhoneSimulator26.5.sdk
    export SDK_NAME\=iphonesimulator26.5
    export SDK_NAMES\=iphonesimulator26.5
    export SDK_PRODUCT_BUILD_VERSION\=23F81a
    export SDK_STAT_CACHE_DIR\=/Users/sanjaykumar/Library/Developer/Xcode/DerivedData
    export SDK_STAT_CACHE_ENABLE\=YES
    export SDK_STAT_CACHE_PATH\=/Users/sanjaykumar/Library/Developer/Xcode/DerivedData/SDKStatCaches.noindex/iphonesimulator26.5-23F81a-6cfe768891a92b912361537c460fe42b.sdkstatcache
    export SDK_VERSION\=26.5
    export SDK_VERSION_ACTUAL\=260500
    export SDK_VERSION_MAJOR\=260000
    export SDK_VERSION_MINOR\=260500
    export SED\=/usr/bin/sed
    export SEPARATE_STRIP\=NO
    export SEPARATE_SYMBOL_EDIT\=NO
    export SET_DIR_MODE_OWNER_GROUP\=YES
    export SET_FILE_MODE_OWNER_GROUP\=NO
    export SHALLOW_BUNDLE\=NO
    export SHARED_DERIVED_FILE_DIR\=/Users/sanjaykumar/Library/Developer/Xcode/DerivedData/VideoCallApp-evcapdoyusxvykgansyblgyjxatu/Build/Products/Debug-iphonesimulator/React-RCTFBReactNativeSpec/DerivedSources
    export SHARED_PRECOMPS_DIR\=/Users/sanjaykumar/Library/Developer/Xcode/DerivedData/VideoCallApp-evcapdoyusxvykgansyblgyjxatu/Build/Intermediates.noindex/PrecompiledHeaders
    export SKIP_INSTALL\=YES
    export SKIP_MERGEABLE_LIBRARY_BUNDLE_HOOK\=NO
    export SOURCE_ROOT\=/Users/sanjaykumar/Desktop/Newfolder/VideoCallApp/ios/Pods
    export SRCROOT\=/Users/sanjaykumar/Desktop/Newfolder/VideoCallApp/ios/Pods
    export STRINGSDATA_DIR\=/Users/sanjaykumar/Library/Developer/Xcode/DerivedData/VideoCallApp-evcapdoyusxvykgansyblgyjxatu/Build/Intermediates.noindex/Pods.build/Debug-iphonesimulator/React-RCTFBReactNativeSpec.build/Objects-normal/undefined_arch
    export STRINGSDATA_ROOT\=/Users/sanjaykumar/Library/Developer/Xcode/DerivedData/VideoCallApp-evcapdoyusxvykgansyblgyjxatu/Build/Intermediates.noindex/Pods.build/Debug-iphonesimulator/React-RCTFBReactNativeSpec.build
    export STRINGS_FILE_INFOPLIST_RENAME\=YES
    export STRINGS_FILE_OUTPUT_ENCODING\=binary
    export STRING_CATALOG_GENERATE_SYMBOLS\=NO
    export STRIP_BITCODE_FROM_COPIED_FILES\=NO
    export STRIP_INSTALLED_PRODUCT\=NO
    export STRIP_STYLE\=all
    export STRIP_SWIFT_SYMBOLS\=YES
    export SUPPORTED_DEVICE_FAMILIES\=1,2
    export SUPPORTED_PLATFORMS\=iphoneos\ iphonesimulator
    export SUPPORTS_TEXT_BASED_API\=NO
    export SUPPRESS_WARNINGS\=NO
    export SWIFT_ACTIVE_COMPILATION_CONDITIONS\=\ DEBUG
    export SWIFT_EMIT_CONST_VALUE_PROTOCOLS\=AnyResolverProviding\ AppEntity\ AppEnum\ AppExtension\ AppIntent\ AppIntentsPackage\ AppShortcutProviding\ AppShortcutsProvider\ AppUnionValue\ AppUnionValueCasesProviding\ DynamicOptionsProvider\ EntityQuery\ ExtensionPointDefining\ IntentValueQuery\ Resolver\ TransientEntity\ _AssistantIntentsProvider\ _GenerativeFunctionExtractable\ _IntentValueRepresentable
    export SWIFT_EMIT_LOC_STRINGS\=NO
    export SWIFT_ENABLE_EXPLICIT_MODULES\=YES
    export SWIFT_OPTIMIZATION_LEVEL\=-Onone
    export SWIFT_PLATFORM_TARGET_PREFIX\=ios
    export SWIFT_RESPONSE_FILE_PATH_normal_arm64\=/Users/sanjaykumar/Library/Developer/Xcode/DerivedData/VideoCallApp-evcapdoyusxvykgansyblgyjxatu/Build/Intermediates.noindex/Pods.build/Debug-iphonesimulator/React-RCTFBReactNativeSpec.build/Objects-normal/arm64/React-RCTFBReactNativeSpec.SwiftFileList
    export SWIFT_RESPONSE_FILE_PATH_normal_x86_64\=/Users/sanjaykumar/Library/Developer/Xcode/DerivedData/VideoCallApp-evcapdoyusxvykgansyblgyjxatu/Build/Intermediates.noindex/Pods.build/Debug-iphonesimulator/React-RCTFBReactNativeSpec.build/Objects-normal/x86_64/React-RCTFBReactNativeSpec.SwiftFileList
    export SWIFT_VERSION\=5.0
    export SYMROOT\=/Users/sanjaykumar/Library/Developer/Xcode/DerivedData/VideoCallApp-evcapdoyusxvykgansyblgyjxatu/Build/Products
    export SYSTEM_ADMIN_APPS_DIR\=/Applications/Utilities
    export SYSTEM_APPS_DIR\=/Applications
    export SYSTEM_CORE_SERVICES_DIR\=/System/Library/CoreServices
    export SYSTEM_DEMOS_DIR\=/Applications/Extras
    export SYSTEM_DEVELOPER_APPS_DIR\=/Applications/Xcode.app/Contents/Developer/Applications
    export SYSTEM_DEVELOPER_BIN_DIR\=/Applications/Xcode.app/Contents/Developer/usr/bin
    export SYSTEM_DEVELOPER_DEMOS_DIR\=/Applications/Xcode.app/Contents/Developer/Applications/Utilities/Built\ Examples
    export SYSTEM_DEVELOPER_DIR\=/Applications/Xcode.app/Contents/Developer
    export SYSTEM_DEVELOPER_DOC_DIR\=/Applications/Xcode.app/Contents/Developer/ADC\ Reference\ Library
    export SYSTEM_DEVELOPER_GRAPHICS_TOOLS_DIR\=/Applications/Xcode.app/Contents/Developer/Applications/Graphics\ Tools
    export SYSTEM_DEVELOPER_JAVA_TOOLS_DIR\=/Applications/Xcode.app/Contents/Developer/Applications/Java\ Tools
    export SYSTEM_DEVELOPER_PERFORMANCE_TOOLS_DIR\=/Applications/Xcode.app/Contents/Developer/Applications/Performance\ Tools
    export SYSTEM_DEVELOPER_RELEASENOTES_DIR\=/Applications/Xcode.app/Contents/Developer/ADC\ Reference\ Library/releasenotes
    export SYSTEM_DEVELOPER_TOOLS\=/Applications/Xcode.app/Contents/Developer/Tools
    export SYSTEM_DEVELOPER_TOOLS_DOC_DIR\=/Applications/Xcode.app/Contents/Developer/ADC\ Reference\ Library/documentation/DeveloperTools
    export SYSTEM_DEVELOPER_TOOLS_RELEASENOTES_DIR\=/Applications/Xcode.app/Contents/Developer/ADC\ Reference\ Library/releasenotes/DeveloperTools
    export SYSTEM_DEVELOPER_USR_DIR\=/Applications/Xcode.app/Contents/Developer/usr
    export SYSTEM_DEVELOPER_UTILITIES_DIR\=/Applications/Xcode.app/Contents/Developer/Applications/Utilities
    export SYSTEM_DEXT_INSTALL_PATH\=/System/Library/DriverExtensions
    export SYSTEM_DOCUMENTATION_DIR\=/Library/Documentation
    export SYSTEM_KEXT_INSTALL_PATH\=/System/Library/Extensions
    export SYSTEM_LIBRARY_DIR\=/System/Library
    export TAPI_DEMANGLE\=YES
    export TAPI_ENABLE_PROJECT_HEADERS\=NO
    export TAPI_LANGUAGE\=objective-c
    export TAPI_LANGUAGE_STANDARD\=compiler-default
    export TAPI_USE_SRCROOT\=YES
    export TAPI_VERIFY_MODE\=Pedantic
    export TARGETED_DEVICE_FAMILY\=1,2
    export TARGETNAME\=React-RCTFBReactNativeSpec
    export TARGET_BUILD_DIR\=/Users/sanjaykumar/Library/Developer/Xcode/DerivedData/VideoCallApp-evcapdoyusxvykgansyblgyjxatu/Build/Products/Debug-iphonesimulator/React-RCTFBReactNativeSpec
    export TARGET_NAME\=React-RCTFBReactNativeSpec
    export TARGET_TEMP_DIR\=/Users/sanjaykumar/Library/Developer/Xcode/DerivedData/VideoCallApp-evcapdoyusxvykgansyblgyjxatu/Build/Intermediates.noindex/Pods.build/Debug-iphonesimulator/React-RCTFBReactNativeSpec.build
    export TEMP_DIR\=/Users/sanjaykumar/Library/Developer/Xcode/DerivedData/VideoCallApp-evcapdoyusxvykgansyblgyjxatu/Build/Intermediates.noindex/Pods.build/Debug-iphonesimulator/React-RCTFBReactNativeSpec.build
    export TEMP_FILES_DIR\=/Users/sanjaykumar/Library/Developer/Xcode/DerivedData/VideoCallApp-evcapdoyusxvykgansyblgyjxatu/Build/Intermediates.noindex/Pods.build/Debug-iphonesimulator/React-RCTFBReactNativeSpec.build
    export TEMP_FILE_DIR\=/Users/sanjaykumar/Library/Developer/Xcode/DerivedData/VideoCallApp-evcapdoyusxvykgansyblgyjxatu/Build/Intermediates.noindex/Pods.build/Debug-iphonesimulator/React-RCTFBReactNativeSpec.build
    export TEMP_ROOT\=/Users/sanjaykumar/Library/Developer/Xcode/DerivedData/VideoCallApp-evcapdoyusxvykgansyblgyjxatu/Build/Intermediates.noindex
    export TEMP_SANDBOX_DIR\=/Users/sanjaykumar/Library/Developer/Xcode/DerivedData/VideoCallApp-evcapdoyusxvykgansyblgyjxatu/Build/Intermediates.noindex/TemporaryTaskSandboxes
    export TEST_FRAMEWORK_SEARCH_PATHS\=\ /Applications/Xcode.app/Contents/Developer/Platforms/iPhoneSimulator.platform/Developer/Library/Frameworks\ /Applications/Xcode.app/Contents/Developer/Platforms/iPhoneSimulator.platform/Developer/SDKs/iPhoneSimulator26.5.sdk/Developer/Library/Frameworks
    export TEST_LIBRARY_SEARCH_PATHS\=\ /Applications/Xcode.app/Contents/Developer/Platforms/iPhoneSimulator.platform/Developer/usr/lib
    export TOOLCHAINS\=com.apple.dt.toolchain.XcodeDefault
    export TOOLCHAIN_DIR\=/Applications/Xcode.app/Contents/Developer/Toolchains/XcodeDefault.xctoolchain
    export TREAT_MISSING_BASELINES_AS_TEST_FAILURES\=NO
    export TREAT_MISSING_SCRIPT_PHASE_OUTPUTS_AS_ERRORS\=NO
    export UID\=501
    export UNINSTALLED_PRODUCTS_DIR\=/Users/sanjaykumar/Library/Developer/Xcode/DerivedData/VideoCallApp-evcapdoyusxvykgansyblgyjxatu/Build/Intermediates.noindex/UninstalledProducts
    export UNSTRIPPED_PRODUCT\=NO
    export USER\=sanjaykumar
    export USER_APPS_DIR\=/Users/sanjaykumar/Applications
    export USER_LIBRARY_DIR\=/Users/sanjaykumar/Library
    export USE_DYNAMIC_NO_PIC\=YES
    export USE_HEADERMAP\=NO
    export USE_HEADER_SYMLINKS\=NO
    export USE_HERMES\=true
    export USE_RECURSIVE_SCRIPT_INPUTS_IN_SCRIPT_PHASES\=YES
    export VALIDATE_DEVELOPMENT_ASSET_PATHS\=YES_ERROR
    export VALIDATE_PRODUCT\=NO
    export VALID_ARCHS\=arm64\ x86_64
    export VERBOSE_PBXCP\=NO
    export VERSION_INFO_BUILDER\=sanjaykumar
    export VERSION_INFO_FILE\=React-RCTFBReactNativeSpec_vers.c
    export VERSION_INFO_STRING\=\"@\(\#\)PROGRAM:React-RCTFBReactNativeSpec\ \ PROJECT:Pods-\"
    export WORKSPACE_DIR\=/Users/sanjaykumar/Desktop/Newfolder/VideoCallApp/ios
    export WRAP_ASSET_PACKS_IN_SEPARATE_DIRECTORIES\=NO
    export XCODE_APP_SUPPORT_DIR\=/Applications/Xcode.app/Contents/Developer/Library/Xcode
    export XCODE_PRODUCT_BUILD_VERSION\=17F113
    export XCODE_VERSION_ACTUAL\=2660
    export XCODE_VERSION_MAJOR\=2600
    export XCODE_VERSION_MINOR\=2660
    export XPCSERVICES_FOLDER_PATH\=/XPCServices
    export YACC\=yacc
    export _DISCOVER_COMMAND_LINE_LINKER_INPUTS\=YES
    export _DISCOVER_COMMAND_LINE_LINKER_INPUTS_INCLUDE_WL\=YES
    export _LD_MULTIARCH\=YES
    export __DIAGNOSE_DEPRECATED_ARCHS\=YES
    export __ORIGINAL_SDK_DEFINED_LLVM_TARGET_TRIPLE_SYS\=ios
    export arch\=undefined_arch
    export variant\=normal
    /bin/sh -c /Users/sanjaykumar/Library/Developer/Xcode/DerivedData/VideoCallApp-evcapdoyusxvykgansyblgyjxatu/Build/Intermediates.noindex/Pods.build/Debug-iphonesimulator/React-RCTFBReactNativeSpec.build/Script-46EB2E00012820.sh
Checking whether Codegen has run...

CompileC /Users/sanjaykumar/Library/Developer/Xcode/DerivedData/VideoCallApp-evcapdoyusxvykgansyblgyjxatu/Build/Intermediates.noindex/Pods.build/Debug-iphonesimulator/react-native-bottom-tabs.build/Objects-normal/arm64/RNCTabViewShadowNode.o /Users/sanjaykumar/Desktop/Newfolder/VideoCallApp/node_modules/react-native-bottom-tabs/common/cpp/react/renderer/components/RNCTabView/RNCTabViewShadowNode.cpp normal arm64 c++ com.apple.compilers.llvm.clang.1_0.compiler (in target 'react-native-bottom-tabs' from project 'Pods')
    cd /Users/sanjaykumar/Desktop/Newfolder/VideoCallApp/ios/Pods
    
    Using response file: /Users/sanjaykumar/Library/Developer/Xcode/DerivedData/VideoCallApp-evcapdoyusxvykgansyblgyjxatu/Build/Intermediates.noindex/Pods.build/Debug-iphonesimulator/react-native-bottom-tabs.build/Objects-normal/arm64/82b82416624d2658e5098eb0a28c15c5-common-args.resp
    
    /Applications/Xcode.app/Contents/Developer/Toolchains/XcodeDefault.xctoolchain/usr/bin/clang -x c++ -ivfsstatcache /Users/sanjaykumar/Library/Developer/Xcode/DerivedData/SDKStatCaches.noindex/iphonesimulator26.5-23F81a-6cfe768891a92b912361537c460fe42b.sdkstatcache -target arm64-apple-ios15.1-simulator -fmessage-length\=0 -fdiagnostics-show-note-include-stack -fmacro-backtrace-limit\=0 -fno-color-diagnostics -fmodules-prune-interval\=86400 -fmodules-prune-after\=345600 -fbuild-session-file\=/Users/sanjaykumar/Library/Developer/Xcode/DerivedData/ModuleCache.noindex/Session.modulevalidation -fmodules-validate-once-per-build-session -Wnon-modular-include-in-framework-module -Werror\=non-modular-include-in-framework-module -Wno-trigraphs -Wno-missing-field-initializers -Wno-missing-prototypes -Werror\=return-type -Wdocumentation -Wunreachable-code -Werror\=deprecated-objc-isa-usage -Werror\=objc-root-class -Wno-non-virtual-dtor -Wno-overloaded-virtual -Wno-exit-time-destructors -Wno-missing-braces -Wparentheses -Wswitch -Wunused-function -Wno-unused-label -Wno-unused-parameter -Wunused-variable -Wunused-value -Wempty-body -Wuninitialized -Wconditional-uninitialized -Wno-unknown-pragmas -Wno-shadow -Wno-four-char-constants -Wno-conversion -Wconstant-conversion -Wint-conversion -Wbool-conversion -Wenum-conversion -Wno-float-conversion -Wnon-literal-null-conversion -Wobjc-literal-conversion -Wshorten-64-to-32 -Wno-newline-eof -Wno-c++11-extensions -Wno-implicit-fallthrough -isysroot /Applications/Xcode.app/Contents/Developer/Platforms/iPhoneSimulator.platform/Developer/SDKs/iPhoneSimulator26.5.sdk -fstrict-aliasing -Wdeprecated-declarations -Winvalid-offsetof -Wno-sign-conversion -Winfinite-recursion -Wmove -Wcomma -Wblock-capture-autoreleasing -Wstrict-prototypes -Wrange-loop-analysis -Wno-semicolon-before-method-body -Wunguarded-availability -index-store-path /Users/sanjaykumar/Library/Developer/Xcode/DerivedData/VideoCallApp-evcapdoyusxvykgansyblgyjxatu/Index.noindex/DataStore @/Users/sanjaykumar/Library/Developer/Xcode/DerivedData/VideoCallApp-evcapdoyusxvykgansyblgyjxatu/Build/Intermediates.noindex/Pods.build/Debug-iphonesimulator/react-native-bottom-tabs.build/Objects-normal/arm64/82b82416624d2658e5098eb0a28c15c5-common-args.resp -DRCT_NEW_ARCH_ENABLED\=1 -include /Users/sanjaykumar/Desktop/Newfolder/VideoCallApp/ios/Pods/Target\ Support\ Files/react-native-bottom-tabs/react-native-bottom-tabs-prefix.pch -MMD -MT dependencies -MF /Users/sanjaykumar/Library/Developer/Xcode/DerivedData/VideoCallApp-evcapdoyusxvykgansyblgyjxatu/Build/Intermediates.noindex/Pods.build/Debug-iphonesimulator/react-native-bottom-tabs.build/Objects-normal/arm64/RNCTabViewShadowNode.d --serialize-diagnostics /Users/sanjaykumar/Library/Developer/Xcode/DerivedData/VideoCallApp-evcapdoyusxvykgansyblgyjxatu/Build/Intermediates.noindex/Pods.build/Debug-iphonesimulator/react-native-bottom-tabs.build/Objects-normal/arm64/RNCTabViewShadowNode.dia -c /Users/sanjaykumar/Desktop/Newfolder/VideoCallApp/node_modules/react-native-bottom-tabs/common/cpp/react/renderer/components/RNCTabView/RNCTabViewShadowNode.cpp -o /Users/sanjaykumar/Library/Developer/Xcode/DerivedData/VideoCallApp-evcapdoyusxvykgansyblgyjxatu/Build/Intermediates.noindex/Pods.build/Debug-iphonesimulator/react-native-bottom-tabs.build/Objects-normal/arm64/RNCTabViewShadowNode.o -index-unit-output-path /Pods.build/Debug-iphonesimulator/react-native-bottom-tabs.build/Objects-normal/arm64/RNCTabViewShadowNode.o

CompileC /Users/sanjaykumar/Library/Developer/Xcode/DerivedData/VideoCallApp-evcapdoyusxvykgansyblgyjxatu/Build/Intermediates.noindex/Pods.build/Debug-iphonesimulator/react-native-bottom-tabs.build/Objects-normal/x86_64/RCTTabViewComponentView.o /Users/sanjaykumar/Desktop/Newfolder/VideoCallApp/node_modules/react-native-bottom-tabs/ios/RCTTabViewComponentView.mm normal x86_64 objective-c++ com.apple.compilers.llvm.clang.1_0.compiler (in target 'react-native-bottom-tabs' from project 'Pods')
    cd /Users/sanjaykumar/Desktop/Newfolder/VideoCallApp/ios/Pods
    
    Using response file: /Users/sanjaykumar/Library/Developer/Xcode/DerivedData/VideoCallApp-evcapdoyusxvykgansyblgyjxatu/Build/Intermediates.noindex/Pods.build/Debug-iphonesimulator/react-native-bottom-tabs.build/Objects-normal/x86_64/af3fcb34312c57c0f52879cdce924b91-common-args.resp
    
    /Applications/Xcode.app/Contents/Developer/Toolchains/XcodeDefault.xctoolchain/usr/bin/clang -x objective-c++ -ivfsstatcache /Users/sanjaykumar/Library/Developer/Xcode/DerivedData/SDKStatCaches.noindex/iphonesimulator26.5-23F81a-6cfe768891a92b912361537c460fe42b.sdkstatcache -target x86_64-apple-ios15.1-simulator -fmessage-length\=0 -fdiagnostics-show-note-include-stack -fmacro-backtrace-limit\=0 -fno-color-diagnostics -fmodules-prune-interval\=86400 -fmodules-prune-after\=345600 -fbuild-session-file\=/Users/sanjaykumar/Library/Developer/Xcode/DerivedData/ModuleCache.noindex/Session.modulevalidation -fmodules-validate-once-per-build-session -Wnon-modular-include-in-framework-module -Werror\=non-modular-include-in-framework-module -Wno-trigraphs -Wno-missing-field-initializers -Wno-missing-prototypes -Werror\=return-type -Wdocumentation -Wunreachable-code -Wno-implicit-atomic-properties -Werror\=deprecated-objc-isa-usage -Wno-objc-interface-ivars -Werror\=objc-root-class -Wno-arc-repeated-use-of-weak -Wimplicit-retain-self -Wno-non-virtual-dtor -Wno-overloaded-virtual -Wno-exit-time-destructors -Wduplicate-method-match -Wno-missing-braces -Wparentheses -Wswitch -Wunused-function -Wno-unused-label -Wno-unused-parameter -Wunused-variable -Wunused-value -Wempty-body -Wuninitialized -Wconditional-uninitialized -Wno-unknown-pragmas -Wno-shadow -Wno-four-char-constants -Wno-conversion -Wconstant-conversion -Wint-conversion -Wbool-conversion -Wenum-conversion -Wno-float-conversion -Wnon-literal-null-conversion -Wobjc-literal-conversion -Wshorten-64-to-32 -Wno-newline-eof -Wno-selector -Wno-strict-selector-match -Wundeclared-selector -Wdeprecated-implementations -Wno-c++11-extensions -Wno-implicit-fallthrough -isysroot /Applications/Xcode.app/Contents/Developer/Platforms/iPhoneSimulator.platform/Developer/SDKs/iPhoneSimulator26.5.sdk -fstrict-aliasing -Wprotocol -Wdeprecated-declarations -Winvalid-offsetof -Wno-sign-conversion -Winfinite-recursion -Wmove -Wcomma -Wblock-capture-autoreleasing -Wstrict-prototypes -Wrange-loop-analysis -Wno-semicolon-before-method-body -Wunguarded-availability -index-store-path /Users/sanjaykumar/Library/Developer/Xcode/DerivedData/VideoCallApp-evcapdoyusxvykgansyblgyjxatu/Index.noindex/DataStore @/Users/sanjaykumar/Library/Developer/Xcode/DerivedData/VideoCallApp-evcapdoyusxvykgansyblgyjxatu/Build/Intermediates.noindex/Pods.build/Debug-iphonesimulator/react-native-bottom-tabs.build/Objects-normal/x86_64/af3fcb34312c57c0f52879cdce924b91-common-args.resp -DRCT_NEW_ARCH_ENABLED\=1 -include /Users/sanjaykumar/Desktop/Newfolder/VideoCallApp/ios/Pods/Target\ Support\ Files/react-native-bottom-tabs/react-native-bottom-tabs-prefix.pch -MMD -MT dependencies -MF /Users/sanjaykumar/Library/Developer/Xcode/DerivedData/VideoCallApp-evcapdoyusxvykgansyblgyjxatu/Build/Intermediates.noindex/Pods.build/Debug-iphonesimulator/react-native-bottom-tabs.build/Objects-normal/x86_64/RCTTabViewComponentView.d --serialize-diagnostics /Users/sanjaykumar/Library/Developer/Xcode/DerivedData/VideoCallApp-evcapdoyusxvykgansyblgyjxatu/Build/Intermediates.noindex/Pods.build/Debug-iphonesimulator/react-native-bottom-tabs.build/Objects-normal/x86_64/RCTTabViewComponentView.dia -c /Users/sanjaykumar/Desktop/Newfolder/VideoCallApp/node_modules/react-native-bottom-tabs/ios/RCTTabViewComponentView.mm -o /Users/sanjaykumar/Library/Developer/Xcode/DerivedData/VideoCallApp-evcapdoyusxvykgansyblgyjxatu/Build/Intermediates.noindex/Pods.build/Debug-iphonesimulator/react-native-bottom-tabs.build/Objects-normal/x86_64/RCTTabViewComponentView.o -index-unit-output-path /Pods.build/Debug-iphonesimulator/react-native-bottom-tabs.build/Objects-normal/x86_64/RCTTabViewComponentView.o
/Users/sanjaykumar/Desktop/Newfolder/VideoCallApp/node_modules/react-native-bottom-tabs/ios/RCTTabViewComponentView.mm:269:16: warning: ISO C++ requires field designators to be specified in declaration order; field 'height' will be initialized after field 'width' [-Wreorder-init-list]
  269 |       .width = size.width
      |       ~~~~~~~~~^~~~~~~~~~
/Users/sanjaykumar/Desktop/Newfolder/VideoCallApp/node_modules/react-native-bottom-tabs/ios/RCTTabViewComponentView.mm:268:17: note: previous initialization for field 'height' is here
  268 |       .height = size.height,
      |                 ^~~~~~~~~~~
1 warning generated.

CompileC /Users/sanjaykumar/Library/Developer/Xcode/DerivedData/VideoCallApp-evcapdoyusxvykgansyblgyjxatu/Build/Intermediates.noindex/Pods.build/Debug-iphonesimulator/react-native-bottom-tabs.build/Objects-normal/x86_64/RCTBottomAccessoryComponentView.o /Users/sanjaykumar/Desktop/Newfolder/VideoCallApp/node_modules/react-native-bottom-tabs/ios/RCTBottomAccessoryComponentView.mm normal x86_64 objective-c++ com.apple.compilers.llvm.clang.1_0.compiler (in target 'react-native-bottom-tabs' from project 'Pods')
    cd /Users/sanjaykumar/Desktop/Newfolder/VideoCallApp/ios/Pods
    
    Using response file: /Users/sanjaykumar/Library/Developer/Xcode/DerivedData/VideoCallApp-evcapdoyusxvykgansyblgyjxatu/Build/Intermediates.noindex/Pods.build/Debug-iphonesimulator/react-native-bottom-tabs.build/Objects-normal/x86_64/af3fcb34312c57c0f52879cdce924b91-common-args.resp
    
    /Applications/Xcode.app/Contents/Developer/Toolchains/XcodeDefault.xctoolchain/usr/bin/clang -x objective-c++ -ivfsstatcache /Users/sanjaykumar/Library/Developer/Xcode/DerivedData/SDKStatCaches.noindex/iphonesimulator26.5-23F81a-6cfe768891a92b912361537c460fe42b.sdkstatcache -target x86_64-apple-ios15.1-simulator -fmessage-length\=0 -fdiagnostics-show-note-include-stack -fmacro-backtrace-limit\=0 -fno-color-diagnostics -fmodules-prune-interval\=86400 -fmodules-prune-after\=345600 -fbuild-session-file\=/Users/sanjaykumar/Library/Developer/Xcode/DerivedData/ModuleCache.noindex/Session.modulevalidation -fmodules-validate-once-per-build-session -Wnon-modular-include-in-framework-module -Werror\=non-modular-include-in-framework-module -Wno-trigraphs -Wno-missing-field-initializers -Wno-missing-prototypes -Werror\=return-type -Wdocumentation -Wunreachable-code -Wno-implicit-atomic-properties -Werror\=deprecated-objc-isa-usage -Wno-objc-interface-ivars -Werror\=objc-root-class -Wno-arc-repeated-use-of-weak -Wimplicit-retain-self -Wno-non-virtual-dtor -Wno-overloaded-virtual -Wno-exit-time-destructors -Wduplicate-method-match -Wno-missing-braces -Wparentheses -Wswitch -Wunused-function -Wno-unused-label -Wno-unused-parameter -Wunused-variable -Wunused-value -Wempty-body -Wuninitialized -Wconditional-uninitialized -Wno-unknown-pragmas -Wno-shadow -Wno-four-char-constants -Wno-conversion -Wconstant-conversion -Wint-conversion -Wbool-conversion -Wenum-conversion -Wno-float-conversion -Wnon-literal-null-conversion -Wobjc-literal-conversion -Wshorten-64-to-32 -Wno-newline-eof -Wno-selector -Wno-strict-selector-match -Wundeclared-selector -Wdeprecated-implementations -Wno-c++11-extensions -Wno-implicit-fallthrough -isysroot /Applications/Xcode.app/Contents/Developer/Platforms/iPhoneSimulator.platform/Developer/SDKs/iPhoneSimulator26.5.sdk -fstrict-aliasing -Wprotocol -Wdeprecated-declarations -Winvalid-offsetof -Wno-sign-conversion -Winfinite-recursion -Wmove -Wcomma -Wblock-capture-autoreleasing -Wstrict-prototypes -Wrange-loop-analysis -Wno-semicolon-before-method-body -Wunguarded-availability -index-store-path /Users/sanjaykumar/Library/Developer/Xcode/DerivedData/VideoCallApp-evcapdoyusxvykgansyblgyjxatu/Index.noindex/DataStore @/Users/sanjaykumar/Library/Developer/Xcode/DerivedData/VideoCallApp-evcapdoyusxvykgansyblgyjxatu/Build/Intermediates.noindex/Pods.build/Debug-iphonesimulator/react-native-bottom-tabs.build/Objects-normal/x86_64/af3fcb34312c57c0f52879cdce924b91-common-args.resp -DRCT_NEW_ARCH_ENABLED\=1 -include /Users/sanjaykumar/Desktop/Newfolder/VideoCallApp/ios/Pods/Target\ Support\ Files/react-native-bottom-tabs/react-native-bottom-tabs-prefix.pch -MMD -MT dependencies -MF /Users/sanjaykumar/Library/Developer/Xcode/DerivedData/VideoCallApp-evcapdoyusxvykgansyblgyjxatu/Build/Intermediates.noindex/Pods.build/Debug-iphonesimulator/react-native-bottom-tabs.build/Objects-normal/x86_64/RCTBottomAccessoryComponentView.d --serialize-diagnostics /Users/sanjaykumar/Library/Developer/Xcode/DerivedData/VideoCallApp-evcapdoyusxvykgansyblgyjxatu/Build/Intermediates.noindex/Pods.build/Debug-iphonesimulator/react-native-bottom-tabs.build/Objects-normal/x86_64/RCTBottomAccessoryComponentView.dia -c /Users/sanjaykumar/Desktop/Newfolder/VideoCallApp/node_modules/react-native-bottom-tabs/ios/RCTBottomAccessoryComponentView.mm -o /Users/sanjaykumar/Library/Developer/Xcode/DerivedData/VideoCallApp-evcapdoyusxvykgansyblgyjxatu/Build/Intermediates.noindex/Pods.build/Debug-iphonesimulator/react-native-bottom-tabs.build/Objects-normal/x86_64/RCTBottomAccessoryComponentView.o -index-unit-output-path /Pods.build/Debug-iphonesimulator/react-native-bottom-tabs.build/Objects-normal/x86_64/RCTBottomAccessoryComponentView.o
/Users/sanjaykumar/Desktop/Newfolder/VideoCallApp/node_modules/react-native-bottom-tabs/ios/RCTBottomAccessoryComponentView.mm:51:16: warning: ISO C++ requires field designators to be specified in declaration order; field 'height' will be initialized after field 'width' [-Wreorder-init-list]
   51 |       .width = frame.size.width
      |       ~~~~~~~~~^~~~~~~~~~~~~~~~
/Users/sanjaykumar/Desktop/Newfolder/VideoCallApp/node_modules/react-native-bottom-tabs/ios/RCTBottomAccessoryComponentView.mm:50:17: note: previous initialization for field 'height' is here
   50 |       .height = frame.size.height,
      |                 ^~~~~~~~~~~~~~~~~
1 warning generated.

CompileC /Users/sanjaykumar/Library/Developer/Xcode/DerivedData/VideoCallApp-evcapdoyusxvykgansyblgyjxatu/Build/Intermediates.noindex/Pods.build/Debug-iphonesimulator/react-native-bottom-tabs.build/Objects-normal/arm64/RCTTabViewComponentView.o /Users/sanjaykumar/Desktop/Newfolder/VideoCallApp/node_modules/react-native-bottom-tabs/ios/RCTTabViewComponentView.mm normal arm64 objective-c++ com.apple.compilers.llvm.clang.1_0.compiler (in target 'react-native-bottom-tabs' from project 'Pods')
    cd /Users/sanjaykumar/Desktop/Newfolder/VideoCallApp/ios/Pods
    
    Using response file: /Users/sanjaykumar/Library/Developer/Xcode/DerivedData/VideoCallApp-evcapdoyusxvykgansyblgyjxatu/Build/Intermediates.noindex/Pods.build/Debug-iphonesimulator/react-native-bottom-tabs.build/Objects-normal/arm64/af3fcb34312c57c0f52879cdce924b91-common-args.resp
    
    /Applications/Xcode.app/Contents/Developer/Toolchains/XcodeDefault.xctoolchain/usr/bin/clang -x objective-c++ -ivfsstatcache /Users/sanjaykumar/Library/Developer/Xcode/DerivedData/SDKStatCaches.noindex/iphonesimulator26.5-23F81a-6cfe768891a92b912361537c460fe42b.sdkstatcache -target arm64-apple-ios15.1-simulator -fmessage-length\=0 -fdiagnostics-show-note-include-stack -fmacro-backtrace-limit\=0 -fno-color-diagnostics -fmodules-prune-interval\=86400 -fmodules-prune-after\=345600 -fbuild-session-file\=/Users/sanjaykumar/Library/Developer/Xcode/DerivedData/ModuleCache.noindex/Session.modulevalidation -fmodules-validate-once-per-build-session -Wnon-modular-include-in-framework-module -Werror\=non-modular-include-in-framework-module -Wno-trigraphs -Wno-missing-field-initializers -Wno-missing-prototypes -Werror\=return-type -Wdocumentation -Wunreachable-code -Wno-implicit-atomic-properties -Werror\=deprecated-objc-isa-usage -Wno-objc-interface-ivars -Werror\=objc-root-class -Wno-arc-repeated-use-of-weak -Wimplicit-retain-self -Wno-non-virtual-dtor -Wno-overloaded-virtual -Wno-exit-time-destructors -Wduplicate-method-match -Wno-missing-braces -Wparentheses -Wswitch -Wunused-function -Wno-unused-label -Wno-unused-parameter -Wunused-variable -Wunused-value -Wempty-body -Wuninitialized -Wconditional-uninitialized -Wno-unknown-pragmas -Wno-shadow -Wno-four-char-constants -Wno-conversion -Wconstant-conversion -Wint-conversion -Wbool-conversion -Wenum-conversion -Wno-float-conversion -Wnon-literal-null-conversion -Wobjc-literal-conversion -Wshorten-64-to-32 -Wno-newline-eof -Wno-selector -Wno-strict-selector-match -Wundeclared-selector -Wdeprecated-implementations -Wno-c++11-extensions -Wno-implicit-fallthrough -isysroot /Applications/Xcode.app/Contents/Developer/Platforms/iPhoneSimulator.platform/Developer/SDKs/iPhoneSimulator26.5.sdk -fstrict-aliasing -Wprotocol -Wdeprecated-declarations -Winvalid-offsetof -Wno-sign-conversion -Winfinite-recursion -Wmove -Wcomma -Wblock-capture-autoreleasing -Wstrict-prototypes -Wrange-loop-analysis -Wno-semicolon-before-method-body -Wunguarded-availability -index-store-path /Users/sanjaykumar/Library/Developer/Xcode/DerivedData/VideoCallApp-evcapdoyusxvykgansyblgyjxatu/Index.noindex/DataStore @/Users/sanjaykumar/Library/Developer/Xcode/DerivedData/VideoCallApp-evcapdoyusxvykgansyblgyjxatu/Build/Intermediates.noindex/Pods.build/Debug-iphonesimulator/react-native-bottom-tabs.build/Objects-normal/arm64/af3fcb34312c57c0f52879cdce924b91-common-args.resp -DRCT_NEW_ARCH_ENABLED\=1 -include /Users/sanjaykumar/Desktop/Newfolder/VideoCallApp/ios/Pods/Target\ Support\ Files/react-native-bottom-tabs/react-native-bottom-tabs-prefix.pch -MMD -MT dependencies -MF /Users/sanjaykumar/Library/Developer/Xcode/DerivedData/VideoCallApp-evcapdoyusxvykgansyblgyjxatu/Build/Intermediates.noindex/Pods.build/Debug-iphonesimulator/react-native-bottom-tabs.build/Objects-normal/arm64/RCTTabViewComponentView.d --serialize-diagnostics /Users/sanjaykumar/Library/Developer/Xcode/DerivedData/VideoCallApp-evcapdoyusxvykgansyblgyjxatu/Build/Intermediates.noindex/Pods.build/Debug-iphonesimulator/react-native-bottom-tabs.build/Objects-normal/arm64/RCTTabViewComponentView.dia -c /Users/sanjaykumar/Desktop/Newfolder/VideoCallApp/node_modules/react-native-bottom-tabs/ios/RCTTabViewComponentView.mm -o /Users/sanjaykumar/Library/Developer/Xcode/DerivedData/VideoCallApp-evcapdoyusxvykgansyblgyjxatu/Build/Intermediates.noindex/Pods.build/Debug-iphonesimulator/react-native-bottom-tabs.build/Objects-normal/arm64/RCTTabViewComponentView.o -index-unit-output-path /Pods.build/Debug-iphonesimulator/react-native-bottom-tabs.build/Objects-normal/arm64/RCTTabViewComponentView.o
/Users/sanjaykumar/Desktop/Newfolder/VideoCallApp/node_modules/react-native-bottom-tabs/ios/RCTTabViewComponentView.mm:269:16: warning: ISO C++ requires field designators to be specified in declaration order; field 'height' will be initialized after field 'width' [-Wreorder-init-list]
  269 |       .width = size.width
      |       ~~~~~~~~~^~~~~~~~~~
/Users/sanjaykumar/Desktop/Newfolder/VideoCallApp/node_modules/react-native-bottom-tabs/ios/RCTTabViewComponentView.mm:268:17: note: previous initialization for field 'height' is here
  268 |       .height = size.height,
      |                 ^~~~~~~~~~~
1 warning generated.

CompileC /Users/sanjaykumar/Library/Developer/Xcode/DerivedData/VideoCallApp-evcapdoyusxvykgansyblgyjxatu/Build/Intermediates.noindex/Pods.build/Debug-iphonesimulator/react-native-bottom-tabs.build/Objects-normal/arm64/RCTBottomAccessoryComponentView.o /Users/sanjaykumar/Desktop/Newfolder/VideoCallApp/node_modules/react-native-bottom-tabs/ios/RCTBottomAccessoryComponentView.mm normal arm64 objective-c++ com.apple.compilers.llvm.clang.1_0.compiler (in target 'react-native-bottom-tabs' from project 'Pods')
    cd /Users/sanjaykumar/Desktop/Newfolder/VideoCallApp/ios/Pods
    
    Using response file: /Users/sanjaykumar/Library/Developer/Xcode/DerivedData/VideoCallApp-evcapdoyusxvykgansyblgyjxatu/Build/Intermediates.noindex/Pods.build/Debug-iphonesimulator/react-native-bottom-tabs.build/Objects-normal/arm64/af3fcb34312c57c0f52879cdce924b91-common-args.resp
    
    /Applications/Xcode.app/Contents/Developer/Toolchains/XcodeDefault.xctoolchain/usr/bin/clang -x objective-c++ -ivfsstatcache /Users/sanjaykumar/Library/Developer/Xcode/DerivedData/SDKStatCaches.noindex/iphonesimulator26.5-23F81a-6cfe768891a92b912361537c460fe42b.sdkstatcache -target arm64-apple-ios15.1-simulator -fmessage-length\=0 -fdiagnostics-show-note-include-stack -fmacro-backtrace-limit\=0 -fno-color-diagnostics -fmodules-prune-interval\=86400 -fmodules-prune-after\=345600 -fbuild-session-file\=/Users/sanjaykumar/Library/Developer/Xcode/DerivedData/ModuleCache.noindex/Session.modulevalidation -fmodules-validate-once-per-build-session -Wnon-modular-include-in-framework-module -Werror\=non-modular-include-in-framework-module -Wno-trigraphs -Wno-missing-field-initializers -Wno-missing-prototypes -Werror\=return-type -Wdocumentation -Wunreachable-code -Wno-implicit-atomic-properties -Werror\=deprecated-objc-isa-usage -Wno-objc-interface-ivars -Werror\=objc-root-class -Wno-arc-repeated-use-of-weak -Wimplicit-retain-self -Wno-non-virtual-dtor -Wno-overloaded-virtual -Wno-exit-time-destructors -Wduplicate-method-match -Wno-missing-braces -Wparentheses -Wswitch -Wunused-function -Wno-unused-label -Wno-unused-parameter -Wunused-variable -Wunused-value -Wempty-body -Wuninitialized -Wconditional-uninitialized -Wno-unknown-pragmas -Wno-shadow -Wno-four-char-constants -Wno-conversion -Wconstant-conversion -Wint-conversion -Wbool-conversion -Wenum-conversion -Wno-float-conversion -Wnon-literal-null-conversion -Wobjc-literal-conversion -Wshorten-64-to-32 -Wno-newline-eof -Wno-selector -Wno-strict-selector-match -Wundeclared-selector -Wdeprecated-implementations -Wno-c++11-extensions -Wno-implicit-fallthrough -isysroot /Applications/Xcode.app/Contents/Developer/Platforms/iPhoneSimulator.platform/Developer/SDKs/iPhoneSimulator26.5.sdk -fstrict-aliasing -Wprotocol -Wdeprecated-declarations -Winvalid-offsetof -Wno-sign-conversion -Winfinite-recursion -Wmove -Wcomma -Wblock-capture-autoreleasing -Wstrict-prototypes -Wrange-loop-analysis -Wno-semicolon-before-method-body -Wunguarded-availability -index-store-path /Users/sanjaykumar/Library/Developer/Xcode/DerivedData/VideoCallApp-evcapdoyusxvykgansyblgyjxatu/Index.noindex/DataStore @/Users/sanjaykumar/Library/Developer/Xcode/DerivedData/VideoCallApp-evcapdoyusxvykgansyblgyjxatu/Build/Intermediates.noindex/Pods.build/Debug-iphonesimulator/react-native-bottom-tabs.build/Objects-normal/arm64/af3fcb34312c57c0f52879cdce924b91-common-args.resp -DRCT_NEW_ARCH_ENABLED\=1 -include /Users/sanjaykumar/Desktop/Newfolder/VideoCallApp/ios/Pods/Target\ Support\ Files/react-native-bottom-tabs/react-native-bottom-tabs-prefix.pch -MMD -MT dependencies -MF /Users/sanjaykumar/Library/Developer/Xcode/DerivedData/VideoCallApp-evcapdoyusxvykgansyblgyjxatu/Build/Intermediates.noindex/Pods.build/Debug-iphonesimulator/react-native-bottom-tabs.build/Objects-normal/arm64/RCTBottomAccessoryComponentView.d --serialize-diagnostics /Users/sanjaykumar/Library/Developer/Xcode/DerivedData/VideoCallApp-evcapdoyusxvykgansyblgyjxatu/Build/Intermediates.noindex/Pods.build/Debug-iphonesimulator/react-native-bottom-tabs.build/Objects-normal/arm64/RCTBottomAccessoryComponentView.dia -c /Users/sanjaykumar/Desktop/Newfolder/VideoCallApp/node_modules/react-native-bottom-tabs/ios/RCTBottomAccessoryComponentView.mm -o /Users/sanjaykumar/Library/Developer/Xcode/DerivedData/VideoCallApp-evcapdoyusxvykgansyblgyjxatu/Build/Intermediates.noindex/Pods.build/Debug-iphonesimulator/react-native-bottom-tabs.build/Objects-normal/arm64/RCTBottomAccessoryComponentView.o -index-unit-output-path /Pods.build/Debug-iphonesimulator/react-native-bottom-tabs.build/Objects-normal/arm64/RCTBottomAccessoryComponentView.o
/Users/sanjaykumar/Desktop/Newfolder/VideoCallApp/node_modules/react-native-bottom-tabs/ios/RCTBottomAccessoryComponentView.mm:51:16: warning: ISO C++ requires field designators to be specified in declaration order; field 'height' will be initialized after field 'width' [-Wreorder-init-list]
   51 |       .width = frame.size.width
      |       ~~~~~~~~~^~~~~~~~~~~~~~~~
/Users/sanjaykumar/Desktop/Newfolder/VideoCallApp/node_modules/react-native-bottom-tabs/ios/RCTBottomAccessoryComponentView.mm:50:17: note: previous initialization for field 'height' is here
   50 |       .height = frame.size.height,
      |                 ^~~~~~~~~~~~~~~~~
1 warning generated.

Libtool /Users/sanjaykumar/Library/Developer/Xcode/DerivedData/VideoCallApp-evcapdoyusxvykgansyblgyjxatu/Build/Intermediates.noindex/Pods.build/Debug-iphonesimulator/react-native-bottom-tabs.build/Objects-normal/x86_64/Binary/libreact-native-bottom-tabs.a normal x86_64 (in target 'react-native-bottom-tabs' from project 'Pods')
    cd /Users/sanjaykumar/Desktop/Newfolder/VideoCallApp/ios/Pods
    /Applications/Xcode.app/Contents/Developer/Toolchains/XcodeDefault.xctoolchain/usr/bin/libtool -static -arch_only x86_64 -D -syslibroot /Applications/Xcode.app/Contents/Developer/Platforms/iPhoneSimulator.platform/Developer/SDKs/iPhoneSimulator26.5.sdk -L/Users/sanjaykumar/Library/Developer/Xcode/DerivedData/VideoCallApp-evcapdoyusxvykgansyblgyjxatu/Build/Products/Debug-iphonesimulator/react-native-bottom-tabs -filelist /Users/sanjaykumar/Library/Developer/Xcode/DerivedData/VideoCallApp-evcapdoyusxvykgansyblgyjxatu/Build/Intermediates.noindex/Pods.build/Debug-iphonesimulator/react-native-bottom-tabs.build/Objects-normal/x86_64/react-native-bottom-tabs.LinkFileList -dependency_info /Users/sanjaykumar/Library/Developer/Xcode/DerivedData/VideoCallApp-evcapdoyusxvykgansyblgyjxatu/Build/Intermediates.noindex/Pods.build/Debug-iphonesimulator/react-native-bottom-tabs.build/Objects-normal/x86_64/react-native-bottom-tabs_libtool_dependency_info.dat -o /Users/sanjaykumar/Library/Developer/Xcode/DerivedData/VideoCallApp-evcapdoyusxvykgansyblgyjxatu/Build/Intermediates.noindex/Pods.build/Debug-iphonesimulator/react-native-bottom-tabs.build/Objects-normal/x86_64/Binary/libreact-native-bottom-tabs.a

Libtool /Users/sanjaykumar/Library/Developer/Xcode/DerivedData/VideoCallApp-evcapdoyusxvykgansyblgyjxatu/Build/Intermediates.noindex/Pods.build/Debug-iphonesimulator/react-native-bottom-tabs.build/Objects-normal/arm64/Binary/libreact-native-bottom-tabs.a normal arm64 (in target 'react-native-bottom-tabs' from project 'Pods')
    cd /Users/sanjaykumar/Desktop/Newfolder/VideoCallApp/ios/Pods
    /Applications/Xcode.app/Contents/Developer/Toolchains/XcodeDefault.xctoolchain/usr/bin/libtool -static -arch_only arm64 -D -syslibroot /Applications/Xcode.app/Contents/Developer/Platforms/iPhoneSimulator.platform/Developer/SDKs/iPhoneSimulator26.5.sdk -L/Users/sanjaykumar/Library/Developer/Xcode/DerivedData/VideoCallApp-evcapdoyusxvykgansyblgyjxatu/Build/Products/Debug-iphonesimulator/react-native-bottom-tabs -filelist /Users/sanjaykumar/Library/Developer/Xcode/DerivedData/VideoCallApp-evcapdoyusxvykgansyblgyjxatu/Build/Intermediates.noindex/Pods.build/Debug-iphonesimulator/react-native-bottom-tabs.build/Objects-normal/arm64/react-native-bottom-tabs.LinkFileList -dependency_info /Users/sanjaykumar/Library/Developer/Xcode/DerivedData/VideoCallApp-evcapdoyusxvykgansyblgyjxatu/Build/Intermediates.noindex/Pods.build/Debug-iphonesimulator/react-native-bottom-tabs.build/Objects-normal/arm64/react-native-bottom-tabs_libtool_dependency_info.dat -o /Users/sanjaykumar/Library/Developer/Xcode/DerivedData/VideoCallApp-evcapdoyusxvykgansyblgyjxatu/Build/Intermediates.noindex/Pods.build/Debug-iphonesimulator/react-native-bottom-tabs.build/Objects-normal/arm64/Binary/libreact-native-bottom-tabs.a

CreateUniversalBinary /Users/sanjaykumar/Library/Developer/Xcode/DerivedData/VideoCallApp-evcapdoyusxvykgansyblgyjxatu/Build/Products/Debug-iphonesimulator/react-native-bottom-tabs/libreact-native-bottom-tabs.a normal arm64\ x86_64 (in target 'react-native-bottom-tabs' from project 'Pods')
    cd /Users/sanjaykumar/Desktop/Newfolder/VideoCallApp/ios/Pods
    /Applications/Xcode.app/Contents/Developer/Toolchains/XcodeDefault.xctoolchain/usr/bin/lipo -create /Users/sanjaykumar/Library/Developer/Xcode/DerivedData/VideoCallApp-evcapdoyusxvykgansyblgyjxatu/Build/Intermediates.noindex/Pods.build/Debug-iphonesimulator/react-native-bottom-tabs.build/Objects-normal/arm64/Binary/libreact-native-bottom-tabs.a /Users/sanjaykumar/Library/Developer/Xcode/DerivedData/VideoCallApp-evcapdoyusxvykgansyblgyjxatu/Build/Intermediates.noindex/Pods.build/Debug-iphonesimulator/react-native-bottom-tabs.build/Objects-normal/x86_64/Binary/libreact-native-bottom-tabs.a -output /Users/sanjaykumar/Library/Developer/Xcode/DerivedData/VideoCallApp-evcapdoyusxvykgansyblgyjxatu/Build/Products/Debug-iphonesimulator/react-native-bottom-tabs/libreact-native-bottom-tabs.a

PhaseScriptExecution Copy\ generated\ compatibility\ header /Users/sanjaykumar/Library/Developer/Xcode/DerivedData/VideoCallApp-evcapdoyusxvykgansyblgyjxatu/Build/Intermediates.noindex/Pods.build/Debug-iphonesimulator/react-native-bottom-tabs.build/Script-46EB2E00012390.sh (in target 'react-native-bottom-tabs' from project 'Pods')
    cd /Users/sanjaykumar/Desktop/Newfolder/VideoCallApp/ios/Pods
    export ACTION\=build
    export AD_HOC_CODE_SIGNING_ALLOWED\=YES
    export ALLOW_BUILD_REQUEST_OVERRIDES\=NO
    export ALLOW_TARGET_PLATFORM_SPECIALIZATION\=NO
    export ALTERNATE_GROUP\=staff
    export ALTERNATE_MODE\=u+w,go-w,a+rX
    export ALTERNATE_OWNER\=sanjaykumar
    export ALTERNATIVE_DISTRIBUTION_WEB\=NO
    export ALWAYS_EMBED_SWIFT_STANDARD_LIBRARIES\=NO
    export ALWAYS_SEARCH_USER_PATHS\=NO
    export ALWAYS_USE_SEPARATE_HEADERMAPS\=NO
    export ANDROID_DEPLOYMENT_TARGET\=21.0
    export APPLICATION_EXTENSION_API_ONLY\=NO
    export APPLY_RULES_IN_COPY_FILES\=NO
    export APPLY_RULES_IN_COPY_HEADERS\=NO
    export APP_SHORTCUTS_ENABLE_FLEXIBLE_MATCHING\=YES
    export ARCHS\=arm64\ x86_64
    export ARCHS_BASE\=arm64\ x86_64
    export ARCHS_STANDARD\=arm64\ x86_64
    export ARCHS_STANDARD_32_64_BIT\=arm64\ x86_64
    export ARCHS_STANDARD_64_BIT\=arm64\ x86_64
    export ARCHS_STANDARD_INCLUDING_64_BIT\=arm64\ x86_64
    export ARCHS_UNIVERSAL_IPHONE_OS\=arm64\ x86_64
    export AUTOMATICALLY_MERGE_DEPENDENCIES\=NO
    export AUTOMATION_APPLE_EVENTS\=NO
    export AVAILABLE_PLATFORMS\=android\ appletvos\ appletvsimulator\ driverkit\ freebsd\ iphoneos\ iphonesimulator\ linux\ macosx\ none\ openbsd\ qnx\ watchos\ watchsimulator\ webassembly\ xros\ xrsimulator
    export BUILD_ACTIVE_RESOURCES_ONLY\=NO
    export BUILD_COMPONENTS\=headers\ build
    export BUILD_DIR\=/Users/sanjaykumar/Library/Developer/Xcode/DerivedData/VideoCallApp-evcapdoyusxvykgansyblgyjxatu/Build/Products
    export BUILD_LIBRARY_FOR_DISTRIBUTION\=NO
    export BUILD_ONLY_KNOWN_LOCALIZATIONS\=NO
    export BUILD_ROOT\=/Users/sanjaykumar/Library/Developer/Xcode/DerivedData/VideoCallApp-evcapdoyusxvykgansyblgyjxatu/Build/Products
    export BUILD_STYLE\=
    export BUILD_VARIANTS\=normal
    export BUILT_PRODUCTS_DIR\=/Users/sanjaykumar/Library/Developer/Xcode/DerivedData/VideoCallApp-evcapdoyusxvykgansyblgyjxatu/Build/Products/Debug-iphonesimulator/react-native-bottom-tabs
    export BUNDLE_CONTENTS_FOLDER_PATH_deep\=Contents/
    export BUNDLE_EXECUTABLE_FOLDER_NAME_deep\=MacOS
    export BUNDLE_EXTENSIONS_FOLDER_PATH\=Extensions
    export BUNDLE_FORMAT\=shallow
    export BUNDLE_FRAMEWORKS_FOLDER_PATH\=Frameworks
    export BUNDLE_PLUGINS_FOLDER_PATH\=PlugIns
    export BUNDLE_PRIVATE_HEADERS_FOLDER_PATH\=PrivateHeaders
    export BUNDLE_PUBLIC_HEADERS_FOLDER_PATH\=Headers
    export CACHE_ROOT\=/var/folders/sn/z3_w_w8j68ld8k973yyhm92c0000gn/C/com.apple.DeveloperTools/26.6-17F113/Xcode
    export CCHROOT\=/var/folders/sn/z3_w_w8j68ld8k973yyhm92c0000gn/C/com.apple.DeveloperTools/26.6-17F113/Xcode
    export CHMOD\=/bin/chmod
    export CHOWN\=chown
    export CLANG_ANALYZER_LOCALIZABILITY_NONLOCALIZED\=YES
    export CLANG_ANALYZER_NONNULL\=YES
    export CLANG_ANALYZER_NUMBER_OBJECT_CONVERSION\=YES_AGGRESSIVE
    export CLANG_CACHE_FINE_GRAINED_OUTPUTS\=YES
    export CLANG_CXX_LANGUAGE_STANDARD\=c++20
    export CLANG_CXX_LIBRARY\=libc++
    export CLANG_ENABLE_EXPLICIT_MODULES\=YES
    export CLANG_ENABLE_MODULES\=YES
    export CLANG_ENABLE_MODULE_DEBUGGING\=NO
    export CLANG_ENABLE_OBJC_ARC\=YES
    export CLANG_ENABLE_OBJC_WEAK\=NO
    export CLANG_MODULES_BUILD_SESSION_FILE\=/Users/sanjaykumar/Library/Developer/Xcode/DerivedData/ModuleCache.noindex/Session.modulevalidation
    export CLANG_WARN_BLOCK_CAPTURE_AUTORELEASING\=YES
    export CLANG_WARN_BOOL_CONVERSION\=YES
    export CLANG_WARN_COMMA\=YES
    export CLANG_WARN_CONSTANT_CONVERSION\=YES
    export CLANG_WARN_DEPRECATED_OBJC_IMPLEMENTATIONS\=YES
    export CLANG_WARN_DIRECT_OBJC_ISA_USAGE\=YES_ERROR
    export CLANG_WARN_DOCUMENTATION_COMMENTS\=YES
    export CLANG_WARN_EMPTY_BODY\=YES
    export CLANG_WARN_ENUM_CONVERSION\=YES
    export CLANG_WARN_INFINITE_RECURSION\=YES
    export CLANG_WARN_INT_CONVERSION\=YES
    export CLANG_WARN_NON_LITERAL_NULL_CONVERSION\=YES
    export CLANG_WARN_OBJC_IMPLICIT_RETAIN_SELF\=YES
    export CLANG_WARN_OBJC_LITERAL_CONVERSION\=YES
    export CLANG_WARN_OBJC_ROOT_CLASS\=YES_ERROR
    export CLANG_WARN_QUOTED_INCLUDE_IN_FRAMEWORK_HEADER\=NO
    export CLANG_WARN_RANGE_LOOP_ANALYSIS\=YES
    export CLANG_WARN_STRICT_PROTOTYPES\=YES
    export CLANG_WARN_SUSPICIOUS_MOVE\=YES
    export CLANG_WARN_UNGUARDED_AVAILABILITY\=YES_AGGRESSIVE
    export CLANG_WARN_UNREACHABLE_CODE\=YES
    export CLANG_WARN__DUPLICATE_METHOD_MATCH\=YES
    export CLASS_FILE_DIR\=/Users/sanjaykumar/Library/Developer/Xcode/DerivedData/VideoCallApp-evcapdoyusxvykgansyblgyjxatu/Build/Intermediates.noindex/Pods.build/Debug-iphonesimulator/react-native-bottom-tabs.build/JavaClasses
    export CLEAN_PRECOMPS\=YES
    export CLONE_HEADERS\=NO
    export CODESIGNING_FOLDER_PATH\=/Users/sanjaykumar/Library/Developer/Xcode/DerivedData/VideoCallApp-evcapdoyusxvykgansyblgyjxatu/Build/Products/Debug-iphonesimulator/react-native-bottom-tabs/libreact-native-bottom-tabs.a
    export CODE_SIGNING_ALLOWED\=NO
    export CODE_SIGNING_REQUIRED\=YES
    export CODE_SIGN_CONTEXT_CLASS\=XCiPhoneSimulatorCodeSignContext
    export CODE_SIGN_IDENTITY\=-
    export CODE_SIGN_INJECT_BASE_ENTITLEMENTS\=YES
    export COLOR_DIAGNOSTICS\=NO
    export COMBINE_HIDPI_IMAGES\=NO
    export COMPILATION_CACHE_CAS_PATH\=/Users/sanjaykumar/Library/Developer/Xcode/DerivedData/CompilationCache.noindex
    export COMPILATION_CACHE_KEEP_CAS_DIRECTORY\=YES
    export COMPILER_INDEX_STORE_ENABLE\=Default
    export COMPOSITE_SDK_DIRS\=/Users/sanjaykumar/Library/Developer/Xcode/DerivedData/VideoCallApp-evcapdoyusxvykgansyblgyjxatu/Build/Intermediates.noindex/CompositeSDKs
    export COMPRESS_PNG_FILES\=YES
    export CONFIGURATION\=Debug
    export CONFIGURATION_BUILD_DIR\=/Users/sanjaykumar/Library/Developer/Xcode/DerivedData/VideoCallApp-evcapdoyusxvykgansyblgyjxatu/Build/Products/Debug-iphonesimulator/react-native-bottom-tabs
    export CONFIGURATION_TEMP_DIR\=/Users/sanjaykumar/Library/Developer/Xcode/DerivedData/VideoCallApp-evcapdoyusxvykgansyblgyjxatu/Build/Intermediates.noindex/Pods.build/Debug-iphonesimulator
    export COPYING_PRESERVES_HFS_DATA\=NO
    export COPY_HEADERS_RUN_UNIFDEF\=NO
    export COPY_PHASE_STRIP\=NO
    export CORRESPONDING_DEVICE_PLATFORM_DIR\=/Applications/Xcode.app/Contents/Developer/Platforms/iPhoneOS.platform
    export CORRESPONDING_DEVICE_PLATFORM_NAME\=iphoneos
    export CORRESPONDING_DEVICE_SDK_DIR\=/Applications/Xcode.app/Contents/Developer/Platforms/iPhoneOS.platform/Developer/SDKs/iPhoneOS26.5.sdk
    export CORRESPONDING_DEVICE_SDK_NAME\=iphoneos26.5
    export CP\=/bin/cp
    export CREATE_INFOPLIST_SECTION_IN_BINARY\=NO
    export CURRENT_ARCH\=undefined_arch
    export CURRENT_VARIANT\=normal
    export DEAD_CODE_STRIPPING\=YES
    export DEBUGGING_SYMBOLS\=YES
    export DEBUG_INFORMATION_FORMAT\=dwarf
    export DEBUG_INFORMATION_VERSION\=compiler-default
    export DEFAULT_COMPILER\=com.apple.compilers.llvm.clang.1_0
    export DEFAULT_DEXT_INSTALL_PATH\=/System/Library/DriverExtensions
    export DEFAULT_KEXT_INSTALL_PATH\=/System/Library/Extensions
    export DEFINES_MODULE\=YES
    export DEPLOYMENT_LOCATION\=NO
    export DEPLOYMENT_POSTPROCESSING\=NO
    export DEPLOYMENT_TARGET_SETTING_NAME\=IPHONEOS_DEPLOYMENT_TARGET
    export DEPLOYMENT_TARGET_SUGGESTED_VALUES\=12.0\ 12.1\ 12.2\ 12.3\ 12.4\ 13.0\ 13.1\ 13.2\ 13.3\ 13.4\ 13.5\ 13.6\ 14.0\ 14.1\ 14.2\ 14.3\ 14.4\ 14.5\ 14.6\ 14.7\ 15.0\ 15.1\ 15.2\ 15.3\ 15.4\ 15.5\ 15.6\ 16.0\ 16.1\ 16.2\ 16.3\ 16.4\ 16.5\ 16.6\ 17.0\ 17.1\ 17.2\ 17.3\ 17.4\ 17.5\ 17.6\ 18.0\ 18.1\ 18.2\ 18.3\ 18.4\ 18.5\ 18.6\ 26.0\ 26.2\ 26.3\ 26.4\ 26.5
    export DERIVED_FILES_DIR\=/Users/sanjaykumar/Library/Developer/Xcode/DerivedData/VideoCallApp-evcapdoyusxvykgansyblgyjxatu/Build/Intermediates.noindex/Pods.build/Debug-iphonesimulator/react-native-bottom-tabs.build/DerivedSources
    export DERIVED_FILE_DIR\=/Users/sanjaykumar/Library/Developer/Xcode/DerivedData/VideoCallApp-evcapdoyusxvykgansyblgyjxatu/Build/Intermediates.noindex/Pods.build/Debug-iphonesimulator/react-native-bottom-tabs.build/DerivedSources
    export DERIVED_SOURCES_DIR\=/Users/sanjaykumar/Library/Developer/Xcode/DerivedData/VideoCallApp-evcapdoyusxvykgansyblgyjxatu/Build/Intermediates.noindex/Pods.build/Debug-iphonesimulator/react-native-bottom-tabs.build/DerivedSources
    export DEVELOPER_APPLICATIONS_DIR\=/Applications/Xcode.app/Contents/Developer/Applications
    export DEVELOPER_BIN_DIR\=/Applications/Xcode.app/Contents/Developer/usr/bin
    export DEVELOPER_DIR\=/Applications/Xcode.app/Contents/Developer
    export DEVELOPER_FRAMEWORKS_DIR\=/Applications/Xcode.app/Contents/Developer/Library/Frameworks
    export DEVELOPER_FRAMEWORKS_DIR_QUOTED\=/Applications/Xcode.app/Contents/Developer/Library/Frameworks
    export DEVELOPER_LIBRARY_DIR\=/Applications/Xcode.app/Contents/Developer/Library
    export DEVELOPER_SDK_DIR\=/Applications/Xcode.app/Contents/Developer/Platforms/MacOSX.platform/Developer/SDKs
    export DEVELOPER_TOOLS_DIR\=/Applications/Xcode.app/Contents/Developer/Tools
    export DEVELOPER_USR_DIR\=/Applications/Xcode.app/Contents/Developer/usr
    export DEVELOPMENT_LANGUAGE\=en
    export DIAGNOSE_MISSING_TARGET_DEPENDENCIES\=YES
    export DIFF\=/usr/bin/diff
    export DONT_GENERATE_INFOPLIST_FILE\=NO
    export DSTROOT\=/tmp/Pods.dst
    export DT_TOOLCHAIN_DIR\=/Applications/Xcode.app/Contents/Developer/Toolchains/XcodeDefault.xctoolchain
    export DUMP_DEPENDENCIES\=NO
    export DUMP_DEPENDENCIES_OUTPUT_PATH\=/Users/sanjaykumar/Library/Developer/Xcode/DerivedData/VideoCallApp-evcapdoyusxvykgansyblgyjxatu/Build/Intermediates.noindex/Pods.build/Debug-iphonesimulator/react-native-bottom-tabs.build/react-native-bottom-tabs-BuildDependencyInfo.json
    export DWARF_DSYM_FILE_NAME\=libreact-native-bottom-tabs.a.dSYM
    export DWARF_DSYM_FILE_SHOULD_ACCOMPANY_PRODUCT\=NO
    export DWARF_DSYM_FOLDER_PATH\=/Users/sanjaykumar/Library/Developer/Xcode/DerivedData/VideoCallApp-evcapdoyusxvykgansyblgyjxatu/Build/Products/Debug-iphonesimulator/react-native-bottom-tabs
    export DYNAMIC_LIBRARY_EXTENSION\=dylib
    export EAGER_COMPILATION_ALLOW_SCRIPTS\=NO
    export EAGER_LINKING\=NO
    export EFFECTIVE_PLATFORM_NAME\=-iphonesimulator
    export EFFECTIVE_SWIFT_VERSION\=5
    export EMBEDDED_CONTENT_CONTAINS_SWIFT\=NO
    export EMBED_ASSET_PACKS_IN_PRODUCT_BUNDLE\=NO
    export ENABLE_APP_SANDBOX\=NO
    export ENABLE_CODE_COVERAGE\=YES
    export ENABLE_COHORT_ARCHS\=NO
    export ENABLE_CPLUSPLUS_BOUNDS_SAFE_BUFFERS\=NO
    export ENABLE_C_BOUNDS_SAFETY\=NO
    export ENABLE_DEFAULT_HEADER_SEARCH_PATHS\=YES
    export ENABLE_DEFAULT_SEARCH_PATHS\=YES
    export ENABLE_ENHANCED_SECURITY\=NO
    export ENABLE_HARDENED_RUNTIME\=NO
    export ENABLE_HEADER_DEPENDENCIES\=YES
    export ENABLE_INCOMING_NETWORK_CONNECTIONS\=NO
    export ENABLE_MODULE_VERIFIER\=NO
    export ENABLE_ON_DEMAND_RESOURCES\=NO
    export ENABLE_OUTGOING_NETWORK_CONNECTIONS\=NO
    export ENABLE_POINTER_AUTHENTICATION\=NO
    export ENABLE_PREVIEWS\=NO
    export ENABLE_RESOURCE_ACCESS_AUDIO_INPUT\=NO
    export ENABLE_RESOURCE_ACCESS_BLUETOOTH\=NO
    export ENABLE_RESOURCE_ACCESS_CALENDARS\=NO
    export ENABLE_RESOURCE_ACCESS_CAMERA\=NO
    export ENABLE_RESOURCE_ACCESS_CONTACTS\=NO
    export ENABLE_RESOURCE_ACCESS_LOCATION\=NO
    export ENABLE_RESOURCE_ACCESS_PHOTO_LIBRARY\=NO
    export ENABLE_RESOURCE_ACCESS_PRINTING\=NO
    export ENABLE_RESOURCE_ACCESS_USB\=NO
    export ENABLE_SDK_IMPORTS\=NO
    export ENABLE_SECURITY_COMPILER_WARNINGS\=NO
    export ENABLE_STRICT_OBJC_MSGSEND\=YES
    export ENABLE_TESTABILITY\=YES
    export ENABLE_TESTING_SEARCH_PATHS\=NO
    export ENABLE_USER_SCRIPT_SANDBOXING\=NO
    export ENABLE_XOJIT_PREVIEWS\=YES
    export ENFORCE_VALID_ARCHS\=YES
    export ENTITLEMENTS_DESTINATION\=__entitlements
    export ENTITLEMENTS_REQUIRED\=YES
    export EXCLUDED_INSTALLSRC_SUBDIRECTORY_PATTERNS\=.DS_Store\ .svn\ .git\ .hg\ CVS
    export EXCLUDED_RECURSIVE_SEARCH_PATH_SUBDIRECTORIES\=\*.nib\ \*.lproj\ \*.framework\ \*.gch\ \*.xcode\*\ \*.xcassets\ \*.icon\ \(\*\)\ .DS_Store\ CVS\ .svn\ .git\ .hg\ \*.pbproj\ \*.pbxproj
    export EXECUTABLE_EXTENSION\=a
    export EXECUTABLE_NAME\=libreact-native-bottom-tabs.a
    export EXECUTABLE_PATH\=libreact-native-bottom-tabs.a
    export EXECUTABLE_PREFIX\=lib
    export EXECUTABLE_SUFFIX\=.a
    export FILE_LIST\=/Users/sanjaykumar/Library/Developer/Xcode/DerivedData/VideoCallApp-evcapdoyusxvykgansyblgyjxatu/Build/Intermediates.noindex/Pods.build/Debug-iphonesimulator/react-native-bottom-tabs.build/Objects/LinkFileList
    export FIXED_FILES_DIR\=/Users/sanjaykumar/Library/Developer/Xcode/DerivedData/VideoCallApp-evcapdoyusxvykgansyblgyjxatu/Build/Intermediates.noindex/Pods.build/Debug-iphonesimulator/react-native-bottom-tabs.build/FixedFiles
    export FRAMEWORK_FLAG_PREFIX\=-framework
    export FRAMEWORK_SEARCH_PATHS\=/Users/sanjaykumar/Library/Developer/Xcode/DerivedData/VideoCallApp-evcapdoyusxvykgansyblgyjxatu/Build/Products/Debug-iphonesimulator/react-native-bottom-tabs\ \ \"/Users/sanjaykumar/Desktop/Newfolder/VideoCallApp/ios/Pods/React-Core-prebuilt\"\ \"/Users/sanjaykumar/Desktop/Newfolder/VideoCallApp/ios/Pods/ReactNativeDependencies/framework/packages/react-native\"\ \"/Users/sanjaykumar/Desktop/Newfolder/VideoCallApp/ios/Pods/hermes-engine/destroot/Library/Frameworks/universal\"\ \"/Users/sanjaykumar/Library/Developer/Xcode/DerivedData/VideoCallApp-evcapdoyusxvykgansyblgyjxatu/Build/Products/Debug-iphonesimulator/XCFrameworkIntermediates/React-Core-prebuilt\"\ \"/Users/sanjaykumar/Library/Developer/Xcode/DerivedData/VideoCallApp-evcapdoyusxvykgansyblgyjxatu/Build/Products/Debug-iphonesimulator/XCFrameworkIntermediates/ReactNativeDependencies\"\ \"/Users/sanjaykumar/Library/Developer/Xcode/DerivedData/VideoCallApp-evcapdoyusxvykgansyblgyjxatu/Build/Products/Debug-iphonesimulator/XCFrameworkIntermediates/hermes-engine/Pre-built\"
    export FRAMEWORK_VERSION\=A
    export FULL_PRODUCT_NAME\=libreact-native-bottom-tabs.a
    export FUSE_BUILD_PHASES\=YES
    export FUSE_BUILD_SCRIPT_PHASES\=NO
    export GCC3_VERSION\=3.3
    export GCC_C_LANGUAGE_STANDARD\=gnu11
    export GCC_DYNAMIC_NO_PIC\=NO
    export GCC_NO_COMMON_BLOCKS\=YES
    export GCC_OBJC_LEGACY_DISPATCH\=YES
    export GCC_OPTIMIZATION_LEVEL\=0
    export GCC_PFE_FILE_C_DIALECTS\=c\ objective-c\ c++\ objective-c++
    export GCC_PREFIX_HEADER\=Target\ Support\ Files/react-native-bottom-tabs/react-native-bottom-tabs-prefix.pch
    export GCC_PREPROCESSOR_DEFINITIONS\=POD_CONFIGURATION_DEBUG\=1\ DEBUG\=1\ \ COCOAPODS\=1
    export GCC_TREAT_WARNINGS_AS_ERRORS\=NO
    export GCC_VERSION\=com.apple.compilers.llvm.clang.1_0
    export GCC_VERSION_IDENTIFIER\=com_apple_compilers_llvm_clang_1_0
    export GCC_WARN_64_TO_32_BIT_CONVERSION\=YES
    export GCC_WARN_ABOUT_RETURN_TYPE\=YES_ERROR
    export GCC_WARN_UNDECLARED_SELECTOR\=YES
    export GCC_WARN_UNINITIALIZED_AUTOS\=YES_AGGRESSIVE
    export GCC_WARN_UNUSED_FUNCTION\=YES
    export GCC_WARN_UNUSED_VARIABLE\=YES
    export GENERATED_MODULEMAP_DIR\=/Users/sanjaykumar/Library/Developer/Xcode/DerivedData/VideoCallApp-evcapdoyusxvykgansyblgyjxatu/Build/Intermediates.noindex/GeneratedModuleMaps-iphonesimulator
    export GENERATE_INFOPLIST_FILE\=NO
    export GENERATE_INTERMEDIATE_TEXT_BASED_STUBS\=YES
    export GENERATE_PKGINFO_FILE\=NO
    export GENERATE_PRELINK_OBJECT_FILE\=NO
    export GENERATE_PROFILING_CODE\=NO
    export GENERATE_TEXT_BASED_STUBS\=NO
    export GID\=20
    export GROUP\=staff
    export HEADERMAP_INCLUDES_FLAT_ENTRIES_FOR_TARGET_BEING_BUILT\=YES
    export HEADERMAP_INCLUDES_FRAMEWORK_ENTRIES_FOR_ALL_PRODUCT_TYPES\=YES
    export HEADERMAP_INCLUDES_FRAMEWORK_ENTRIES_FOR_TARGETS_NOT_BEING_BUILT\=YES
    export HEADERMAP_INCLUDES_NONPUBLIC_NONPRIVATE_HEADERS\=YES
    export HEADERMAP_INCLUDES_PROJECT_HEADERS\=YES
    export HEADERMAP_USES_FRAMEWORK_PREFIX_ENTRIES\=YES
    export HEADERMAP_USES_VFS\=YES
    export HEADER_SEARCH_PATHS\=/Users/sanjaykumar/Library/Developer/Xcode/DerivedData/VideoCallApp-evcapdoyusxvykgansyblgyjxatu/Build/Products/Debug-iphonesimulator/react-native-bottom-tabs/include\ \ \"/Users/sanjaykumar/Desktop/Newfolder/VideoCallApp/ios/Pods/Headers/Private\"\ \"/Users/sanjaykumar/Desktop/Newfolder/VideoCallApp/ios/Pods/Headers/Private/react-native-bottom-tabs\"\ \"/Users/sanjaykumar/Desktop/Newfolder/VideoCallApp/ios/Pods/Headers/Public\"\ \"/Users/sanjaykumar/Desktop/Newfolder/VideoCallApp/ios/Pods/Headers/Public/RCTTypeSafety\"\ \"/Users/sanjaykumar/Desktop/Newfolder/VideoCallApp/ios/Pods/Headers/Public/React-Core-prebuilt\"\ \"/Users/sanjaykumar/Desktop/Newfolder/VideoCallApp/ios/Pods/Headers/Public/React-CoreModules\"\ \"/Users/sanjaykumar/Desktop/Newfolder/VideoCallApp/ios/Pods/Headers/Public/React-Fabric\"\ \"/Users/sanjaykumar/Desktop/Newfolder/VideoCallApp/ios/Pods/Headers/Public/React-FabricComponents\"\ \"/Users/sanjaykumar/Desktop/Newfolder/VideoCallApp/ios/Pods/Headers/Public/React-FabricImage\"\ \"/Users/sanjaykumar/Desktop/Newfolder/VideoCallApp/ios/Pods/Headers/Public/React-ImageManager\"\ \"/Users/sanjaykumar/Desktop/Newfolder/VideoCallApp/ios/Pods/Headers/Public/React-Mapbuffer\"\ \"/Users/sanjaykumar/Desktop/Newfolder/VideoCallApp/ios/Pods/Headers/Public/React-NativeModulesApple\"\ \"/Users/sanjaykumar/Desktop/Newfolder/VideoCallApp/ios/Pods/Headers/Public/React-RCTAnimatedModuleProvider\"\ \"/Users/sanjaykumar/Desktop/Newfolder/VideoCallApp/ios/Pods/Headers/Public/React-RCTBlob\"\ \"/Users/sanjaykumar/Desktop/Newfolder/VideoCallApp/ios/Pods/Headers/Public/React-RCTFBReactNativeSpec\"\ \"/Users/sanjaykumar/Desktop/Newfolder/VideoCallApp/ios/Pods/Headers/Public/React-RCTFabric\"\ \"/Users/sanjaykumar/Desktop/Newfolder/VideoCallApp/ios/Pods/Headers/Public/React-RCTImage\"\ \"/Users/sanjaykumar/Desktop/Newfolder/VideoCallApp/ios/Pods/Headers/Public/React-RuntimeApple\"\ \"/Users/sanjaykumar/Desktop/Newfolder/VideoCallApp/ios/Pods/Headers/Public/React-RuntimeCore\"\ \"/Users/sanjaykumar/Desktop/Newfolder/VideoCallApp/ios/Pods/Headers/Public/React-RuntimeHermes\"\ \"/Users/sanjaykumar/Desktop/Newfolder/VideoCallApp/ios/Pods/Headers/Public/React-bridging\"\ \"/Users/sanjaykumar/Desktop/Newfolder/VideoCallApp/ios/Pods/Headers/Public/React-callinvoker\"\ \"/Users/sanjaykumar/Desktop/Newfolder/VideoCallApp/ios/Pods/Headers/Public/React-cxxreact\"\ \"/Users/sanjaykumar/Desktop/Newfolder/VideoCallApp/ios/Pods/Headers/Public/React-debug\"\ \"/Users/sanjaykumar/Desktop/Newfolder/VideoCallApp/ios/Pods/Headers/Public/React-defaultsnativemodule\"\ \"/Users/sanjaykumar/Desktop/Newfolder/VideoCallApp/ios/Pods/Headers/Public/React-domnativemodule\"\ \"/Users/sanjaykumar/Desktop/Newfolder/VideoCallApp/ios/Pods/Headers/Public/React-featureflags\"\ \"/Users/sanjaykumar/Desktop/Newfolder/VideoCallApp/ios/Pods/Headers/Public/React-featureflagsnativemodule\"\ \"/Users/sanjaykumar/Desktop/Newfolder/VideoCallApp/ios/Pods/Headers/Public/React-graphics\"\ \"/Users/sanjaykumar/Desktop/Newfolder/VideoCallApp/ios/Pods/Headers/Public/React-hermes\"\ \"/Users/sanjaykumar/Desktop/Newfolder/VideoCallApp/ios/Pods/Headers/Public/React-idlecallbacksnativemodule\"\ \"/Users/sanjaykumar/Desktop/Newfolder/VideoCallApp/ios/Pods/Headers/Public/React-intersectionobservernativemodule\"\ \"/Users/sanjaykumar/Desktop/Newfolder/VideoCallApp/ios/Pods/Headers/Public/React-jserrorhandler\"\ \"/Users/sanjaykumar/Desktop/Newfolder/VideoCallApp/ios/Pods/Headers/Public/React-jsi\"\ \"/Users/sanjaykumar/Desktop/Newfolder/VideoCallApp/ios/Pods/Headers/Public/React-jsiexecutor\"\ \"/Users/sanjaykumar/Desktop/Newfolder/VideoCallApp/ios/Pods/Headers/Public/React-jsinspector\"\ \"/Users/sanjaykumar/Desktop/Newfolder/VideoCallApp/ios/Pods/Headers/Public/React-jsinspectorcdp\"\ \"/Users/sanjaykumar/Desktop/Newfolder/VideoCallApp/ios/Pods/Headers/Public/React-jsinspectornetwork\"\ \"/Users/sanjaykumar/Desktop/Newfolder/VideoCallApp/ios/Pods/Headers/Public/React-jsinspectortracing\"\ \"/Users/sanjaykumar/Desktop/Newfolder/VideoCallApp/ios/Pods/Headers/Public/React-jsitooling\"\ \"/Users/sanjaykumar/Desktop/Newfolder/VideoCallApp/ios/Pods/Headers/Public/React-logger\"\ \"/Users/sanjaykumar/Desktop/Newfolder/VideoCallApp/ios/Pods/Headers/Public/React-microtasksnativemodule\"\ \"/Users/sanjaykumar/Desktop/Newfolder/VideoCallApp/ios/Pods/Headers/Public/React-mutationobservernativemodule\"\ \"/Users/sanjaykumar/Desktop/Newfolder/VideoCallApp/ios/Pods/Headers/Public/React-networking\"\ \"/Users/sanjaykumar/Desktop/Newfolder/VideoCallApp/ios/Pods/Headers/Public/React-oscompat\"\ \"/Users/sanjaykumar/Desktop/Newfolder/VideoCallApp/ios/Pods/Headers/Public/React-perflogger\"\ \"/Users/sanjaykumar/Desktop/Newfolder/VideoCallApp/ios/Pods/Headers/Public/React-performancecdpmetrics\"\ \"/Users/sanjaykumar/Desktop/Newfolder/VideoCallApp/ios/Pods/Headers/Public/React-performancetimeline\"\ \"/Users/sanjaykumar/Desktop/Newfolder/VideoCallApp/ios/Pods/Headers/Public/React-rendererconsistency\"\ \"/Users/sanjaykumar/Desktop/Newfolder/VideoCallApp/ios/Pods/Headers/Public/React-renderercss\"\ \"/Users/sanjaykumar/Desktop/Newfolder/VideoCallApp/ios/Pods/Headers/Public/React-rendererdebug\"\ \"/Users/sanjaykumar/Desktop/Newfolder/VideoCallApp/ios/Pods/Headers/Public/React-runtimeexecutor\"\ \"/Users/sanjaykumar/Desktop/Newfolder/VideoCallApp/ios/Pods/Headers/Public/React-runtimescheduler\"\ \"/Users/sanjaykumar/Desktop/Newfolder/VideoCallApp/ios/Pods/Headers/Public/React-timing\"\ \"/Users/sanjaykumar/Desktop/Newfolder/VideoCallApp/ios/Pods/Headers/Public/React-utils\"\ \"/Users/sanjaykumar/Desktop/Newfolder/VideoCallApp/ios/Pods/Headers/Public/React-viewtransitionnativemodule\"\ \"/Users/sanjaykumar/Desktop/Newfolder/VideoCallApp/ios/Pods/Headers/Public/React-webperformancenativemodule\"\ \"/Users/sanjaykumar/Desktop/Newfolder/VideoCallApp/ios/Pods/Headers/Public/ReactCodegen\"\ \"/Users/sanjaykumar/Desktop/Newfolder/VideoCallApp/ios/Pods/Headers/Public/ReactCommon\"\ \"/Users/sanjaykumar/Desktop/Newfolder/VideoCallApp/ios/Pods/Headers/Public/ReactNativeDependencies\"\ \"/Users/sanjaykumar/Desktop/Newfolder/VideoCallApp/ios/Pods/Headers/Public/hermes-engine\"\ \"/Users/sanjaykumar/Desktop/Newfolder/VideoCallApp/ios/Pods/Headers/Private/Yoga\"\ \"/Users/sanjaykumar/Desktop/Newfolder/VideoCallApp/ios/Pods/ReactNativeDependencies/Headers\"\ \"/Users/sanjaykumar/Desktop/Newfolder/VideoCallApp/ios/Pods/Headers/Private/Yoga\"\ \"/Users/sanjaykumar/Desktop/Newfolder/VideoCallApp/ios/Pods/ReactNativeDependencies/Headers\"\ \"/Users/sanjaykumar/Desktop/Newfolder/VideoCallApp/ios/Pods/../../node_modules/react-native-bottom-tabs/common/cpp\"\ \"/Users/sanjaykumar/Desktop/Newfolder/VideoCallApp/ios/Pods/React-Core-prebuilt/Headers\"
    export HOME\=/Users/sanjaykumar
    export HOST_ARCH\=arm64
    export HOST_PLATFORM\=macosx
    export ICONV\=/usr/bin/iconv
    export IMPLICIT_DEPENDENCY_DOMAIN\=default
    export INDEX_STORE_COMPRESS\=NO
    export INDEX_STORE_ONLY_PROJECT_FILES\=NO
    export INFOPLIST_ENABLE_CFBUNDLEICONS_MERGE\=YES
    export INFOPLIST_EXPAND_BUILD_SETTINGS\=YES
    export INFOPLIST_OUTPUT_FORMAT\=binary
    export INFOPLIST_PREPROCESS\=NO
    export INLINE_PRIVATE_FRAMEWORKS\=NO
    export INSTALLAPI_IGNORE_SKIP_INSTALL\=YES
    export INSTALLHDRS_COPY_PHASE\=NO
    export INSTALLHDRS_SCRIPT_PHASE\=NO
    export INSTALL_DIR\=/tmp/Pods.dst/usr/local/lib
    export INSTALL_GROUP\=staff
    export INSTALL_MODE_FLAG\=u+w,go-w,a+rX
    export INSTALL_OWNER\=sanjaykumar
    export INSTALL_PATH\=/usr/local/lib
    export INSTALL_ROOT\=/tmp/Pods.dst
    export IPHONEOS_DEPLOYMENT_TARGET\=15.1
    export IS_UNOPTIMIZED_BUILD\=YES
    export JAVAC_DEFAULT_FLAGS\=-J-Xms64m\ -J-XX:NewSize\=4M\ -J-Dfile.encoding\=UTF8
    export JAVA_APP_STUB\=/System/Library/Frameworks/JavaVM.framework/Resources/MacOS/JavaApplicationStub
    export JAVA_ARCHIVE_CLASSES\=YES
    export JAVA_ARCHIVE_TYPE\=JAR
    export JAVA_COMPILER\=/usr/bin/javac
    export JAVA_FRAMEWORK_RESOURCES_DIRS\=Resources
    export JAVA_JAR_FLAGS\=cv
    export JAVA_SOURCE_SUBDIR\=.
    export JAVA_USE_DEPENDENCIES\=YES
    export JAVA_ZIP_FLAGS\=-urg
    export JIKES_DEFAULT_FLAGS\=+E\ +OLDCSO
    export KEEP_PRIVATE_EXTERNS\=NO
    export LD_DEPENDENCY_INFO_FILE\=/Users/sanjaykumar/Library/Developer/Xcode/DerivedData/VideoCallApp-evcapdoyusxvykgansyblgyjxatu/Build/Intermediates.noindex/Pods.build/Debug-iphonesimulator/react-native-bottom-tabs.build/Objects-normal/undefined_arch/react-native-bottom-tabs_dependency_info.dat
    export LD_EXPORT_SYMBOLS\=YES
    export LD_GENERATE_MAP_FILE\=NO
    export LD_MAP_FILE_PATH\=/Users/sanjaykumar/Library/Developer/Xcode/DerivedData/VideoCallApp-evcapdoyusxvykgansyblgyjxatu/Build/Intermediates.noindex/Pods.build/Debug-iphonesimulator/react-native-bottom-tabs.build/react-native-bottom-tabs-LinkMap-normal-undefined_arch.txt
    export LD_NO_PIE\=NO
    export LD_QUOTE_LINKER_ARGUMENTS_FOR_COMPILER_DRIVER\=YES
    export LD_SHARED_CACHE_ELIGIBLE\=Automatic
    export LD_WARN_DUPLICATE_LIBRARIES\=NO
    export LD_WARN_UNUSED_DYLIBS\=NO
    export LEGACY_DEVELOPER_DIR\=/Applications/Xcode.app/Contents/PlugIns/Xcode3Core.ideplugin/Contents/SharedSupport/Developer
    export LEX\=lex
    export LIBRARY_DEXT_INSTALL_PATH\=/Library/DriverExtensions
    export LIBRARY_FLAG_NOSPACE\=YES
    export LIBRARY_FLAG_PREFIX\=-l
    export LIBRARY_KEXT_INSTALL_PATH\=/Library/Extensions
    export LIBRARY_SEARCH_PATHS\=/Users/sanjaykumar/Library/Developer/Xcode/DerivedData/VideoCallApp-evcapdoyusxvykgansyblgyjxatu/Build/Products/Debug-iphonesimulator/react-native-bottom-tabs\ 
    export LINKER_DISPLAYS_MANGLED_NAMES\=NO
    export LINK_FILE_LIST_normal_arm64\=/Users/sanjaykumar/Library/Developer/Xcode/DerivedData/VideoCallApp-evcapdoyusxvykgansyblgyjxatu/Build/Intermediates.noindex/Pods.build/Debug-iphonesimulator/react-native-bottom-tabs.build/Objects-normal/arm64/react-native-bottom-tabs.LinkFileList
    export LINK_FILE_LIST_normal_x86_64\=/Users/sanjaykumar/Library/Developer/Xcode/DerivedData/VideoCallApp-evcapdoyusxvykgansyblgyjxatu/Build/Intermediates.noindex/Pods.build/Debug-iphonesimulator/react-native-bottom-tabs.build/Objects-normal/x86_64/react-native-bottom-tabs.LinkFileList
    export LINK_OBJC_RUNTIME\=YES
    export LINK_WITH_STANDARD_LIBRARIES\=YES
    export LLVM_TARGET_TRIPLE_OS_VERSION\=ios15.1
    export LLVM_TARGET_TRIPLE_SUFFIX\=-simulator
    export LLVM_TARGET_TRIPLE_VENDOR\=apple
    export LM_AUX_CONST_METADATA_LIST_PATH_normal_arm64\=/Users/sanjaykumar/Library/Developer/Xcode/DerivedData/VideoCallApp-evcapdoyusxvykgansyblgyjxatu/Build/Intermediates.noindex/Pods.build/Debug-iphonesimulator/react-native-bottom-tabs.build/Objects-normal/arm64/react-native-bottom-tabs.SwiftConstValuesFileList
    export LM_AUX_CONST_METADATA_LIST_PATH_normal_x86_64\=/Users/sanjaykumar/Library/Developer/Xcode/DerivedData/VideoCallApp-evcapdoyusxvykgansyblgyjxatu/Build/Intermediates.noindex/Pods.build/Debug-iphonesimulator/react-native-bottom-tabs.build/Objects-normal/x86_64/react-native-bottom-tabs.SwiftConstValuesFileList
    export LOCALIZATION_EXPORT_SUPPORTED\=YES
    export LOCALIZATION_PREFERS_STRING_CATALOGS\=NO
    export LOCALIZED_STRING_CODE_COMMENTS\=NO
    export LOCALIZED_STRING_MACRO_NAMES\=NSLocalizedString\ CFCopyLocalizedString
    export LOCALIZED_STRING_SWIFTUI_SUPPORT\=YES
    export LOCAL_ADMIN_APPS_DIR\=/Applications/Utilities
    export LOCAL_APPS_DIR\=/Applications
    export LOCAL_DEVELOPER_DIR\=/Library/Developer
    export LOCAL_LIBRARY_DIR\=/Library
    export LOCROOT\=/Users/sanjaykumar/Desktop/Newfolder/VideoCallApp/ios/Pods
    export LOCSYMROOT\=/Users/sanjaykumar/Desktop/Newfolder/VideoCallApp/ios/Pods
    export MACH_O_TYPE\=staticlib
    export MAC_OS_X_PRODUCT_BUILD_VERSION\=25G83
    export MAC_OS_X_VERSION_ACTUAL\=260602
    export MAC_OS_X_VERSION_MAJOR\=260000
    export MAC_OS_X_VERSION_MINOR\=260600
    export MAKE_MERGEABLE\=NO
    export MERGEABLE_LIBRARY\=NO
    export MERGED_BINARY_TYPE\=none
    export MERGE_LINKED_LIBRARIES\=NO
    export METAL_LIBRARY_FILE_BASE\=default
    export METAL_LIBRARY_OUTPUT_DIR\=/Users/sanjaykumar/Library/Developer/Xcode/DerivedData/VideoCallApp-evcapdoyusxvykgansyblgyjxatu/Build/Products/Debug-iphonesimulator/react-native-bottom-tabs/
    export MODULEMAP_FILE\=Headers/Public/react_native_bottom_tabs/react-native-bottom-tabs.modulemap
    export MODULE_CACHE_DIR\=/Users/sanjaykumar/Library/Developer/Xcode/DerivedData/ModuleCache.noindex
    export MTL_ENABLE_DEBUG_INFO\=INCLUDE_SOURCE
    export MTL_FAST_MATH\=YES
    export NATIVE_ARCH\=arm64
    export NATIVE_ARCH_32_BIT\=arm
    export NATIVE_ARCH_64_BIT\=arm64
    export NATIVE_ARCH_ACTUAL\=arm64
    export NO_COMMON\=YES
    export OBJC_ABI_VERSION\=2
    export OBJECT_FILE_DIR\=/Users/sanjaykumar/Library/Developer/Xcode/DerivedData/VideoCallApp-evcapdoyusxvykgansyblgyjxatu/Build/Intermediates.noindex/Pods.build/Debug-iphonesimulator/react-native-bottom-tabs.build/Objects
    export OBJECT_FILE_DIR_normal\=/Users/sanjaykumar/Library/Developer/Xcode/DerivedData/VideoCallApp-evcapdoyusxvykgansyblgyjxatu/Build/Intermediates.noindex/Pods.build/Debug-iphonesimulator/react-native-bottom-tabs.build/Objects-normal
    export OBJROOT\=/Users/sanjaykumar/Library/Developer/Xcode/DerivedData/VideoCallApp-evcapdoyusxvykgansyblgyjxatu/Build/Intermediates.noindex
    export ONLY_ACTIVE_ARCH\=NO
    export OS\=MACOS
    export OSAC\=/usr/bin/osacompile
    export OTHER_CFLAGS\=\ -DRCT_REMOVE_LEGACY_ARCH\=1\ -fmodule-map-file\=\"/Users/sanjaykumar/Library/Developer/Xcode/DerivedData/VideoCallApp-evcapdoyusxvykgansyblgyjxatu/Build/Products/Debug-iphonesimulator/SwiftUIIntrospect/SwiftUIIntrospect.modulemap\"\ -fmodule-map-file\=\"/Users/sanjaykumar/Desktop/Newfolder/VideoCallApp/ios/Pods/Headers/Public/ReactCodegen/ReactCodegen.modulemap\"\ \"-fmodule-map-file\=/Users/sanjaykumar/Desktop/Newfolder/VideoCallApp/ios/Pods/React-Core-prebuilt/Headers/module.modulemap\"
    export OTHER_CPLUSPLUSFLAGS\=\ -DRCT_REMOVE_LEGACY_ARCH\=1\ -fmodule-map-file\=\"/Users/sanjaykumar/Library/Developer/Xcode/DerivedData/VideoCallApp-evcapdoyusxvykgansyblgyjxatu/Build/Products/Debug-iphonesimulator/SwiftUIIntrospect/SwiftUIIntrospect.modulemap\"\ -fmodule-map-file\=\"/Users/sanjaykumar/Desktop/Newfolder/VideoCallApp/ios/Pods/Headers/Public/ReactCodegen/ReactCodegen.modulemap\"\ \"-fmodule-map-file\=/Users/sanjaykumar/Desktop/Newfolder/VideoCallApp/ios/Pods/React-Core-prebuilt/Headers/module.modulemap\"\ -DRCT_REMOVE_LEGACY_ARCH\=1\ -DRCT_NEW_ARCH_ENABLED\=1\ \"-fmodule-map-file\=/Users/sanjaykumar/Desktop/Newfolder/VideoCallApp/ios/Pods/React-Core-prebuilt/Headers/module.modulemap\"
    export OTHER_SWIFT_FLAGS\=\ -D\ COCOAPODS\ -Xcc\ -fmodule-map-file\=\"/Users/sanjaykumar/Library/Developer/Xcode/DerivedData/VideoCallApp-evcapdoyusxvykgansyblgyjxatu/Build/Products/Debug-iphonesimulator/SwiftUIIntrospect/SwiftUIIntrospect.modulemap\"\ -Xcc\ -fmodule-map-file\=\"/Users/sanjaykumar/Desktop/Newfolder/VideoCallApp/ios/Pods/Headers/Public/ReactCodegen/ReactCodegen.modulemap\"\ -import-underlying-module\ -Xcc\ -fmodule-map-file\=\"/Users/sanjaykumar/Desktop/Newfolder/VideoCallApp/ios/Pods/Headers/Public/react_native_bottom_tabs/react-native-bottom-tabs.modulemap\"\ \ -DRCT_NEW_ARCH_ENABLED\ -Xcc\ -Wno-incomplete-umbrella\ -Xcc\ \"-fmodule-map-file\=/Users/sanjaykumar/Desktop/Newfolder/VideoCallApp/ios/Pods/React-Core-prebuilt/Headers/module.modulemap\"
    export PACKAGE_TYPE\=com.apple.package-type.static-library
    export PASCAL_STRINGS\=YES
    export PATH\=/Applications/Xcode.app/Contents/SharedFrameworks/SwiftBuild.framework/Versions/A/PlugIns/SWBBuildService.bundle/Contents/PlugIns/SWBUniversalPlatformPlugin.bundle/Contents/Frameworks/SWBUniversalPlatform.framework/Resources:/Applications/Xcode.app/Contents/Developer/Toolchains/XcodeDefault.xctoolchain/usr/bin:/Applications/Xcode.app/Contents/Developer/Toolchains/XcodeDefault.xctoolchain/usr/local/bin:/Applications/Xcode.app/Contents/Developer/Toolchains/XcodeDefault.xctoolchain/usr/libexec:/Applications/Xcode.app/Contents/Developer/Platforms/iPhoneSimulator.platform/usr/bin:/Applications/Xcode.app/Contents/Developer/Platforms/iPhoneSimulator.platform/usr/local/bin:/Applications/Xcode.app/Contents/Developer/Platforms/iPhoneSimulator.platform/Developer/usr/bin:/Applications/Xcode.app/Contents/Developer/Platforms/iPhoneSimulator.platform/Developer/usr/local/bin:/Applications/Xcode.app/Contents/Developer/usr/bin:/Applications/Xcode.app/Contents/Developer/usr/local/bin:/Users/sanjaykumar/.gemini/antigravity-ide/bin:/Users/sanjaykumar/.antigravity-ide/antigravity-ide/bin:/Users/sanjaykumar/.antigravity/antigravity/bin:/opt/homebrew/bin:/opt/homebrew/sbin:/usr/local/bin:/System/Cryptexes/App/usr/bin:/usr/bin:/bin:/usr/sbin:/sbin:/var/run/com.apple.security.cryptexd/codex.system/bootstrap/usr/local/bin:/var/run/com.apple.security.cryptexd/codex.system/bootstrap/usr/bin:/var/run/com.apple.security.cryptexd/codex.system/bootstrap/usr/appleinternal/bin:/pkg/env/global/bin:/Library/Apple/usr/bin
    export PATH_PREFIXES_EXCLUDED_FROM_HEADER_DEPENDENCIES\=/usr/include\ /usr/local/include\ /System/Library/Frameworks\ /System/Library/PrivateFrameworks\ /Applications/Xcode.app/Contents/Developer/Headers\ /Applications/Xcode.app/Contents/Developer/SDKs\ /Applications/Xcode.app/Contents/Developer/Platforms
    export PER_ARCH_MODULE_FILE_DIR\=/Users/sanjaykumar/Library/Developer/Xcode/DerivedData/VideoCallApp-evcapdoyusxvykgansyblgyjxatu/Build/Intermediates.noindex/Pods.build/Debug-iphonesimulator/react-native-bottom-tabs.build/Objects-normal/undefined_arch
    export PER_ARCH_OBJECT_FILE_DIR\=/Users/sanjaykumar/Library/Developer/Xcode/DerivedData/VideoCallApp-evcapdoyusxvykgansyblgyjxatu/Build/Intermediates.noindex/Pods.build/Debug-iphonesimulator/react-native-bottom-tabs.build/Objects-normal/undefined_arch
    export PER_VARIANT_OBJECT_FILE_DIR\=/Users/sanjaykumar/Library/Developer/Xcode/DerivedData/VideoCallApp-evcapdoyusxvykgansyblgyjxatu/Build/Intermediates.noindex/Pods.build/Debug-iphonesimulator/react-native-bottom-tabs.build/Objects-normal
    export PKGINFO_FILE_PATH\=/Users/sanjaykumar/Library/Developer/Xcode/DerivedData/VideoCallApp-evcapdoyusxvykgansyblgyjxatu/Build/Intermediates.noindex/Pods.build/Debug-iphonesimulator/react-native-bottom-tabs.build/PkgInfo
    export PLATFORM_DEVELOPER_APPLICATIONS_DIR\=/Applications/Xcode.app/Contents/Developer/Platforms/iPhoneSimulator.platform/Developer/Applications
    export PLATFORM_DEVELOPER_BIN_DIR\=/Applications/Xcode.app/Contents/Developer/Platforms/iPhoneSimulator.platform/Developer/usr/bin
    export PLATFORM_DEVELOPER_LIBRARY_DIR\=/Applications/Xcode.app/Contents/Developer/Platforms/iPhoneSimulator.platform/Developer/Library
    export PLATFORM_DEVELOPER_SDK_DIR\=/Applications/Xcode.app/Contents/Developer/Platforms/iPhoneSimulator.platform/Developer/SDKs
    export PLATFORM_DEVELOPER_TOOLS_DIR\=/Applications/Xcode.app/Contents/Developer/Platforms/iPhoneSimulator.platform/Developer/Tools
    export PLATFORM_DEVELOPER_USR_DIR\=/Applications/Xcode.app/Contents/Developer/Platforms/iPhoneSimulator.platform/Developer/usr
    export PLATFORM_DIR\=/Applications/Xcode.app/Contents/Developer/Platforms/iPhoneSimulator.platform
    export PLATFORM_DISPLAY_NAME\=iOS\ Simulator
    export PLATFORM_FAMILY_NAME\=iOS
    export PLATFORM_NAME\=iphonesimulator
    export PLATFORM_PREFERRED_ARCH\=x86_64
    export PLATFORM_PRODUCT_BUILD_VERSION\=23F81a
    export PLATFORM_REQUIRES_SWIFT_AUTOLINK_EXTRACT\=NO
    export PLATFORM_REQUIRES_SWIFT_MODULEWRAP\=NO
    export PLATFORM_USES_DSYMS\=YES
    export PLIST_FILE_OUTPUT_FORMAT\=binary
    export PODFILE_DIR\=/Users/sanjaykumar/Desktop/Newfolder/VideoCallApp/ios/Pods/..
    export PODS_BUILD_DIR\=/Users/sanjaykumar/Library/Developer/Xcode/DerivedData/VideoCallApp-evcapdoyusxvykgansyblgyjxatu/Build/Products
    export PODS_CONFIGURATION_BUILD_DIR\=/Users/sanjaykumar/Library/Developer/Xcode/DerivedData/VideoCallApp-evcapdoyusxvykgansyblgyjxatu/Build/Products/Debug-iphonesimulator
    export PODS_DEVELOPMENT_LANGUAGE\=en
    export PODS_ROOT\=/Users/sanjaykumar/Desktop/Newfolder/VideoCallApp/ios/Pods
    export PODS_TARGET_SRCROOT\=/Users/sanjaykumar/Desktop/Newfolder/VideoCallApp/ios/Pods/../../node_modules/react-native-bottom-tabs
    export PODS_XCFRAMEWORKS_BUILD_DIR\=/Users/sanjaykumar/Library/Developer/Xcode/DerivedData/VideoCallApp-evcapdoyusxvykgansyblgyjxatu/Build/Products/Debug-iphonesimulator/XCFrameworkIntermediates
    export PRECOMPS_INCLUDE_HEADERS_FROM_BUILT_PRODUCTS_DIR\=YES
    export PRECOMP_DESTINATION_DIR\=/Users/sanjaykumar/Library/Developer/Xcode/DerivedData/VideoCallApp-evcapdoyusxvykgansyblgyjxatu/Build/Intermediates.noindex/Pods.build/Debug-iphonesimulator/react-native-bottom-tabs.build/PrefixHeaders
    export PROCESSED_INFOPLIST_PATH\=/Users/sanjaykumar/Library/Developer/Xcode/DerivedData/VideoCallApp-evcapdoyusxvykgansyblgyjxatu/Build/Intermediates.noindex/Pods.build/Debug-iphonesimulator/react-native-bottom-tabs.build/Objects-normal/undefined_arch/Processed-Info.plist
    export PRODUCT_BUNDLE_IDENTIFIER\=org.cocoapods.react-native-bottom-tabs
    export PRODUCT_MODULE_NAME\=react_native_bottom_tabs
    export PRODUCT_NAME\=react-native-bottom-tabs
    export PRODUCT_SETTINGS_PATH\=
    export PRODUCT_TYPE\=com.apple.product-type.library.static
    export PROFILING_CODE\=NO
    export PROJECT\=Pods
    export PROJECT_DERIVED_FILE_DIR\=/Users/sanjaykumar/Library/Developer/Xcode/DerivedData/VideoCallApp-evcapdoyusxvykgansyblgyjxatu/Build/Intermediates.noindex/Pods.build/DerivedSources
    export PROJECT_DIR\=/Users/sanjaykumar/Desktop/Newfolder/VideoCallApp/ios/Pods
    export PROJECT_FILE_PATH\=/Users/sanjaykumar/Desktop/Newfolder/VideoCallApp/ios/Pods/Pods.xcodeproj
    export PROJECT_GUID\=8699adb1dd336b26511df848a716bd42
    export PROJECT_NAME\=Pods
    export PROJECT_TEMP_DIR\=/Users/sanjaykumar/Library/Developer/Xcode/DerivedData/VideoCallApp-evcapdoyusxvykgansyblgyjxatu/Build/Intermediates.noindex/Pods.build
    export PROJECT_TEMP_ROOT\=/Users/sanjaykumar/Library/Developer/Xcode/DerivedData/VideoCallApp-evcapdoyusxvykgansyblgyjxatu/Build/Intermediates.noindex
    export REACT_NATIVE_PATH\=/Users/sanjaykumar/Desktop/Newfolder/VideoCallApp/ios/Pods/../../node_modules/react-native
    export RECOMMENDED_IPHONEOS_DEPLOYMENT_TARGET\=15.0
    export RECURSIVE_SEARCH_PATHS_FOLLOW_SYMLINKS\=YES
    export REMOVE_CVS_FROM_RESOURCES\=YES
    export REMOVE_GIT_FROM_RESOURCES\=YES
    export REMOVE_HEADERS_FROM_EMBEDDED_BUNDLES\=YES
    export REMOVE_HG_FROM_RESOURCES\=YES
    export REMOVE_STATIC_EXECUTABLES_FROM_EMBEDDED_BUNDLES\=YES
    export REMOVE_SVN_FROM_RESOURCES\=YES
    export RESCHEDULE_INDEPENDENT_HEADERS_PHASES\=YES
    export REZ_COLLECTOR_DIR\=/Users/sanjaykumar/Library/Developer/Xcode/DerivedData/VideoCallApp-evcapdoyusxvykgansyblgyjxatu/Build/Intermediates.noindex/Pods.build/Debug-iphonesimulator/react-native-bottom-tabs.build/ResourceManagerResources
    export REZ_EXECUTABLE\=YES
    export REZ_OBJECTS_DIR\=/Users/sanjaykumar/Library/Developer/Xcode/DerivedData/VideoCallApp-evcapdoyusxvykgansyblgyjxatu/Build/Intermediates.noindex/Pods.build/Debug-iphonesimulator/react-native-bottom-tabs.build/ResourceManagerResources/Objects
    export REZ_SEARCH_PATHS\=/Users/sanjaykumar/Library/Developer/Xcode/DerivedData/VideoCallApp-evcapdoyusxvykgansyblgyjxatu/Build/Products/Debug-iphonesimulator/react-native-bottom-tabs\ 
    export RPATH_ORIGIN\=@loader_path
    export RUNTIME_EXCEPTION_ALLOW_DYLD_ENVIRONMENT_VARIABLES\=NO
    export RUNTIME_EXCEPTION_ALLOW_JIT\=NO
    export RUNTIME_EXCEPTION_ALLOW_UNSIGNED_EXECUTABLE_MEMORY\=NO
    export RUNTIME_EXCEPTION_DEBUGGING_TOOL\=NO
    export RUNTIME_EXCEPTION_DISABLE_EXECUTABLE_PAGE_PROTECTION\=NO
    export RUNTIME_EXCEPTION_DISABLE_LIBRARY_VALIDATION\=NO
    export SCANNING_PCM_KEEP_CACHE_DIRECTORY\=YES
    export SCAN_ALL_SOURCE_FILES_FOR_INCLUDES\=NO
    export SCRIPT_INPUT_FILE_0\=/Users/sanjaykumar/Library/Developer/Xcode/DerivedData/VideoCallApp-evcapdoyusxvykgansyblgyjxatu/Build/Intermediates.noindex/Pods.build/Debug-iphonesimulator/react-native-bottom-tabs.build/DerivedSources/react_native_bottom_tabs-Swift.h
    export SCRIPT_INPUT_FILE_1\=/Users/sanjaykumar/Desktop/Newfolder/VideoCallApp/ios/Pods/Headers/Public/react_native_bottom_tabs/react-native-bottom-tabs.modulemap
    export SCRIPT_INPUT_FILE_2\=/Users/sanjaykumar/Desktop/Newfolder/VideoCallApp/ios/Pods/Headers/Public/react_native_bottom_tabs/react-native-bottom-tabs-umbrella.h
    export SCRIPT_INPUT_FILE_COUNT\=3
    export SCRIPT_INPUT_FILE_LIST_COUNT\=0
    export SCRIPT_OUTPUT_FILE_0\=/Users/sanjaykumar/Library/Developer/Xcode/DerivedData/VideoCallApp-evcapdoyusxvykgansyblgyjxatu/Build/Products/Debug-iphonesimulator/react-native-bottom-tabs/react_native_bottom_tabs.modulemap
    export SCRIPT_OUTPUT_FILE_1\=/Users/sanjaykumar/Library/Developer/Xcode/DerivedData/VideoCallApp-evcapdoyusxvykgansyblgyjxatu/Build/Products/Debug-iphonesimulator/react-native-bottom-tabs/react-native-bottom-tabs-umbrella.h
    export SCRIPT_OUTPUT_FILE_2\=/Users/sanjaykumar/Library/Developer/Xcode/DerivedData/VideoCallApp-evcapdoyusxvykgansyblgyjxatu/Build/Products/Debug-iphonesimulator/react-native-bottom-tabs/Swift\ Compatibility\ Header/react_native_bottom_tabs-Swift.h
    export SCRIPT_OUTPUT_FILE_COUNT\=3
    export SCRIPT_OUTPUT_FILE_LIST_COUNT\=0
    export SDKROOT\=/Applications/Xcode.app/Contents/Developer/Platforms/iPhoneSimulator.platform/Developer/SDKs/iPhoneSimulator26.5.sdk
    export SDK_DIR\=/Applications/Xcode.app/Contents/Developer/Platforms/iPhoneSimulator.platform/Developer/SDKs/iPhoneSimulator26.5.sdk
    export SDK_DIR_iphonesimulator\=/Applications/Xcode.app/Contents/Developer/Platforms/iPhoneSimulator.platform/Developer/SDKs/iPhoneSimulator26.5.sdk
    export SDK_DIR_iphonesimulator26_5\=/Applications/Xcode.app/Contents/Developer/Platforms/iPhoneSimulator.platform/Developer/SDKs/iPhoneSimulator26.5.sdk
    export SDK_NAME\=iphonesimulator26.5
    export SDK_NAMES\=iphonesimulator26.5
    export SDK_PRODUCT_BUILD_VERSION\=23F81a
    export SDK_STAT_CACHE_DIR\=/Users/sanjaykumar/Library/Developer/Xcode/DerivedData
    export SDK_STAT_CACHE_ENABLE\=YES
    export SDK_STAT_CACHE_PATH\=/Users/sanjaykumar/Library/Developer/Xcode/DerivedData/SDKStatCaches.noindex/iphonesimulator26.5-23F81a-6cfe768891a92b912361537c460fe42b.sdkstatcache
    export SDK_VERSION\=26.5
    export SDK_VERSION_ACTUAL\=260500
    export SDK_VERSION_MAJOR\=260000
    export SDK_VERSION_MINOR\=260500
    export SED\=/usr/bin/sed
    export SEPARATE_STRIP\=NO
    export SEPARATE_SYMBOL_EDIT\=NO
    export SET_DIR_MODE_OWNER_GROUP\=YES
    export SET_FILE_MODE_OWNER_GROUP\=NO
    export SHALLOW_BUNDLE\=NO
    export SHARED_DERIVED_FILE_DIR\=/Users/sanjaykumar/Library/Developer/Xcode/DerivedData/VideoCallApp-evcapdoyusxvykgansyblgyjxatu/Build/Products/Debug-iphonesimulator/react-native-bottom-tabs/DerivedSources
    export SHARED_PRECOMPS_DIR\=/Users/sanjaykumar/Library/Developer/Xcode/DerivedData/VideoCallApp-evcapdoyusxvykgansyblgyjxatu/Build/Intermediates.noindex/PrecompiledHeaders
    export SKIP_INSTALL\=YES
    export SKIP_MERGEABLE_LIBRARY_BUNDLE_HOOK\=NO
    export SOURCE_ROOT\=/Users/sanjaykumar/Desktop/Newfolder/VideoCallApp/ios/Pods
    export SRCROOT\=/Users/sanjaykumar/Desktop/Newfolder/VideoCallApp/ios/Pods
    export STRINGSDATA_DIR\=/Users/sanjaykumar/Library/Developer/Xcode/DerivedData/VideoCallApp-evcapdoyusxvykgansyblgyjxatu/Build/Intermediates.noindex/Pods.build/Debug-iphonesimulator/react-native-bottom-tabs.build/Objects-normal/undefined_arch
    export STRINGSDATA_ROOT\=/Users/sanjaykumar/Library/Developer/Xcode/DerivedData/VideoCallApp-evcapdoyusxvykgansyblgyjxatu/Build/Intermediates.noindex/Pods.build/Debug-iphonesimulator/react-native-bottom-tabs.build
    export STRINGS_FILE_INFOPLIST_RENAME\=YES
    export STRINGS_FILE_OUTPUT_ENCODING\=binary
    export STRING_CATALOG_GENERATE_SYMBOLS\=NO
    export STRIP_BITCODE_FROM_COPIED_FILES\=NO
    export STRIP_INSTALLED_PRODUCT\=NO
    export STRIP_STYLE\=debugging
    export STRIP_SWIFT_SYMBOLS\=YES
    export SUPPORTED_DEVICE_FAMILIES\=1,2
    export SUPPORTED_PLATFORMS\=iphoneos\ iphonesimulator
    export SUPPORTS_TEXT_BASED_API\=NO
    export SUPPRESS_WARNINGS\=NO
    export SWIFT_ACTIVE_COMPILATION_CONDITIONS\=\ DEBUG\ 
    export SWIFT_EMIT_CONST_VALUE_PROTOCOLS\=AnyResolverProviding\ AppEntity\ AppEnum\ AppExtension\ AppIntent\ AppIntentsPackage\ AppShortcutProviding\ AppShortcutsProvider\ AppUnionValue\ AppUnionValueCasesProviding\ DynamicOptionsProvider\ EntityQuery\ ExtensionPointDefining\ IntentValueQuery\ Resolver\ TransientEntity\ _AssistantIntentsProvider\ _GenerativeFunctionExtractable\ _IntentValueRepresentable
    export SWIFT_EMIT_LOC_STRINGS\=NO
    export SWIFT_ENABLE_EXPLICIT_MODULES\=YES
    export SWIFT_INCLUDE_PATHS\=/Users/sanjaykumar/Library/Developer/Xcode/DerivedData/VideoCallApp-evcapdoyusxvykgansyblgyjxatu/Build/Products/Debug-iphonesimulator/react-native-bottom-tabs\ \ \"/Users/sanjaykumar/Library/Developer/Xcode/DerivedData/VideoCallApp-evcapdoyusxvykgansyblgyjxatu/Build/Products/Debug-iphonesimulator/SwiftUIIntrospect\"
    export SWIFT_INSTALL_OBJC_HEADER\=YES
    export SWIFT_OPTIMIZATION_LEVEL\=-Onone
    export SWIFT_PLATFORM_TARGET_PREFIX\=ios
    export SWIFT_RESPONSE_FILE_PATH_normal_arm64\=/Users/sanjaykumar/Library/Developer/Xcode/DerivedData/VideoCallApp-evcapdoyusxvykgansyblgyjxatu/Build/Intermediates.noindex/Pods.build/Debug-iphonesimulator/react-native-bottom-tabs.build/Objects-normal/arm64/react-native-bottom-tabs.SwiftFileList
    export SWIFT_RESPONSE_FILE_PATH_normal_x86_64\=/Users/sanjaykumar/Library/Developer/Xcode/DerivedData/VideoCallApp-evcapdoyusxvykgansyblgyjxatu/Build/Intermediates.noindex/Pods.build/Debug-iphonesimulator/react-native-bottom-tabs.build/Objects-normal/x86_64/react-native-bottom-tabs.SwiftFileList
    export SWIFT_VERSION\=5.0
    export SYMROOT\=/Users/sanjaykumar/Library/Developer/Xcode/DerivedData/VideoCallApp-evcapdoyusxvykgansyblgyjxatu/Build/Products
    export SYSTEM_ADMIN_APPS_DIR\=/Applications/Utilities
    export SYSTEM_APPS_DIR\=/Applications
    export SYSTEM_CORE_SERVICES_DIR\=/System/Library/CoreServices
    export SYSTEM_DEMOS_DIR\=/Applications/Extras
    export SYSTEM_DEVELOPER_APPS_DIR\=/Applications/Xcode.app/Contents/Developer/Applications
    export SYSTEM_DEVELOPER_BIN_DIR\=/Applications/Xcode.app/Contents/Developer/usr/bin
    export SYSTEM_DEVELOPER_DEMOS_DIR\=/Applications/Xcode.app/Contents/Developer/Applications/Utilities/Built\ Examples
    export SYSTEM_DEVELOPER_DIR\=/Applications/Xcode.app/Contents/Developer
    export SYSTEM_DEVELOPER_DOC_DIR\=/Applications/Xcode.app/Contents/Developer/ADC\ Reference\ Library
    export SYSTEM_DEVELOPER_GRAPHICS_TOOLS_DIR\=/Applications/Xcode.app/Contents/Developer/Applications/Graphics\ Tools
    export SYSTEM_DEVELOPER_JAVA_TOOLS_DIR\=/Applications/Xcode.app/Contents/Developer/Applications/Java\ Tools
    export SYSTEM_DEVELOPER_PERFORMANCE_TOOLS_DIR\=/Applications/Xcode.app/Contents/Developer/Applications/Performance\ Tools
    export SYSTEM_DEVELOPER_RELEASENOTES_DIR\=/Applications/Xcode.app/Contents/Developer/ADC\ Reference\ Library/releasenotes
    export SYSTEM_DEVELOPER_TOOLS\=/Applications/Xcode.app/Contents/Developer/Tools
    export SYSTEM_DEVELOPER_TOOLS_DOC_DIR\=/Applications/Xcode.app/Contents/Developer/ADC\ Reference\ Library/documentation/DeveloperTools
    export SYSTEM_DEVELOPER_TOOLS_RELEASENOTES_DIR\=/Applications/Xcode.app/Contents/Developer/ADC\ Reference\ Library/releasenotes/DeveloperTools
    export SYSTEM_DEVELOPER_USR_DIR\=/Applications/Xcode.app/Contents/Developer/usr
    export SYSTEM_DEVELOPER_UTILITIES_DIR\=/Applications/Xcode.app/Contents/Developer/Applications/Utilities
    export SYSTEM_DEXT_INSTALL_PATH\=/System/Library/DriverExtensions
    export SYSTEM_DOCUMENTATION_DIR\=/Library/Documentation
    export SYSTEM_KEXT_INSTALL_PATH\=/System/Library/Extensions
    export SYSTEM_LIBRARY_DIR\=/System/Library
    export TAPI_DEMANGLE\=YES
    export TAPI_ENABLE_PROJECT_HEADERS\=NO
    export TAPI_LANGUAGE\=objective-c
    export TAPI_LANGUAGE_STANDARD\=compiler-default
    export TAPI_USE_SRCROOT\=YES
    export TAPI_VERIFY_MODE\=Pedantic
    export TARGETED_DEVICE_FAMILY\=1,2
    export TARGETNAME\=react-native-bottom-tabs
    export TARGET_BUILD_DIR\=/Users/sanjaykumar/Library/Developer/Xcode/DerivedData/VideoCallApp-evcapdoyusxvykgansyblgyjxatu/Build/Products/Debug-iphonesimulator/react-native-bottom-tabs
    export TARGET_NAME\=react-native-bottom-tabs
    export TARGET_TEMP_DIR\=/Users/sanjaykumar/Library/Developer/Xcode/DerivedData/VideoCallApp-evcapdoyusxvykgansyblgyjxatu/Build/Intermediates.noindex/Pods.build/Debug-iphonesimulator/react-native-bottom-tabs.build
    export TEMP_DIR\=/Users/sanjaykumar/Library/Developer/Xcode/DerivedData/VideoCallApp-evcapdoyusxvykgansyblgyjxatu/Build/Intermediates.noindex/Pods.build/Debug-iphonesimulator/react-native-bottom-tabs.build
    export TEMP_FILES_DIR\=/Users/sanjaykumar/Library/Developer/Xcode/DerivedData/VideoCallApp-evcapdoyusxvykgansyblgyjxatu/Build/Intermediates.noindex/Pods.build/Debug-iphonesimulator/react-native-bottom-tabs.build
    export TEMP_FILE_DIR\=/Users/sanjaykumar/Library/Developer/Xcode/DerivedData/VideoCallApp-evcapdoyusxvykgansyblgyjxatu/Build/Intermediates.noindex/Pods.build/Debug-iphonesimulator/react-native-bottom-tabs.build
    export TEMP_ROOT\=/Users/sanjaykumar/Library/Developer/Xcode/DerivedData/VideoCallApp-evcapdoyusxvykgansyblgyjxatu/Build/Intermediates.noindex
    export TEMP_SANDBOX_DIR\=/Users/sanjaykumar/Library/Developer/Xcode/DerivedData/VideoCallApp-evcapdoyusxvykgansyblgyjxatu/Build/Intermediates.noindex/TemporaryTaskSandboxes
    export TEST_FRAMEWORK_SEARCH_PATHS\=\ /Applications/Xcode.app/Contents/Developer/Platforms/iPhoneSimulator.platform/Developer/Library/Frameworks\ /Applications/Xcode.app/Contents/Developer/Platforms/iPhoneSimulator.platform/Developer/SDKs/iPhoneSimulator26.5.sdk/Developer/Library/Frameworks
    export TEST_LIBRARY_SEARCH_PATHS\=\ /Applications/Xcode.app/Contents/Developer/Platforms/iPhoneSimulator.platform/Developer/usr/lib
    export TOOLCHAINS\=com.apple.dt.toolchain.XcodeDefault
    export TOOLCHAIN_DIR\=/Applications/Xcode.app/Contents/Developer/Toolchains/XcodeDefault.xctoolchain
    export TREAT_MISSING_BASELINES_AS_TEST_FAILURES\=NO
    export TREAT_MISSING_SCRIPT_PHASE_OUTPUTS_AS_ERRORS\=NO
    export UID\=501
    export UNINSTALLED_PRODUCTS_DIR\=/Users/sanjaykumar/Library/Developer/Xcode/DerivedData/VideoCallApp-evcapdoyusxvykgansyblgyjxatu/Build/Intermediates.noindex/UninstalledProducts
    export UNSTRIPPED_PRODUCT\=NO
    export USER\=sanjaykumar
    export USER_APPS_DIR\=/Users/sanjaykumar/Applications
    export USER_LIBRARY_DIR\=/Users/sanjaykumar/Library
    export USE_DYNAMIC_NO_PIC\=YES
    export USE_HEADERMAP\=YES
    export USE_HEADER_SYMLINKS\=NO
    export USE_HERMES\=true
    export USE_RECURSIVE_SCRIPT_INPUTS_IN_SCRIPT_PHASES\=YES
    export VALIDATE_DEVELOPMENT_ASSET_PATHS\=YES_ERROR
    export VALIDATE_PRODUCT\=NO
    export VALID_ARCHS\=arm64\ x86_64
    export VERBOSE_PBXCP\=NO
    export VERSION_INFO_BUILDER\=sanjaykumar
    export VERSION_INFO_FILE\=react-native-bottom-tabs_vers.c
    export VERSION_INFO_STRING\=\"@\(\#\)PROGRAM:react-native-bottom-tabs\ \ PROJECT:Pods-\"
    export WORKSPACE_DIR\=/Users/sanjaykumar/Desktop/Newfolder/VideoCallApp/ios
    export WRAP_ASSET_PACKS_IN_SEPARATE_DIRECTORIES\=NO
    export XCODE_APP_SUPPORT_DIR\=/Applications/Xcode.app/Contents/Developer/Library/Xcode
    export XCODE_PRODUCT_BUILD_VERSION\=17F113
    export XCODE_VERSION_ACTUAL\=2660
    export XCODE_VERSION_MAJOR\=2600
    export XCODE_VERSION_MINOR\=2660
    export XPCSERVICES_FOLDER_PATH\=/XPCServices
    export YACC\=yacc
    export _DISCOVER_COMMAND_LINE_LINKER_INPUTS\=YES
    export _DISCOVER_COMMAND_LINE_LINKER_INPUTS_INCLUDE_WL\=YES
    export _LD_MULTIARCH\=YES
    export __DIAGNOSE_DEPRECATED_ARCHS\=YES
    export __ORIGINAL_SDK_DEFINED_LLVM_TARGET_TRIPLE_SYS\=ios
    export arch\=undefined_arch
    export variant\=normal
    /bin/sh -c /Users/sanjaykumar/Library/Developer/Xcode/DerivedData/VideoCallApp-evcapdoyusxvykgansyblgyjxatu/Build/Intermediates.noindex/Pods.build/Debug-iphonesimulator/react-native-bottom-tabs.build/Script-46EB2E00012390.sh

ExtractAppIntentsMetadata (in target 'react-native-bottom-tabs' from project 'Pods')
    cd /Users/sanjaykumar/Desktop/Newfolder/VideoCallApp/ios/Pods
    /Applications/Xcode.app/Contents/Developer/Toolchains/XcodeDefault.xctoolchain/usr/bin/appintentsmetadataprocessor --toolchain-dir /Applications/Xcode.app/Contents/Developer/Toolchains/XcodeDefault.xctoolchain --module-name react_native_bottom_tabs --sdk-root /Applications/Xcode.app/Contents/Developer/Platforms/iPhoneSimulator.platform/Developer/SDKs/iPhoneSimulator26.5.sdk --xcode-version 17F113 --platform-family iOS --deployment-target 15.1 --bundle-identifier org.cocoapods.react-native-bottom-tabs --output /Users/sanjaykumar/Library/Developer/Xcode/DerivedData/VideoCallApp-evcapdoyusxvykgansyblgyjxatu/Build/Products/Debug-iphonesimulator/react-native-bottom-tabs/react_native_bottom_tabs.appintents --target-triple arm64-apple-ios15.1-simulator --target-triple x86_64-apple-ios15.1-simulator --binary-file /Users/sanjaykumar/Library/Developer/Xcode/DerivedData/VideoCallApp-evcapdoyusxvykgansyblgyjxatu/Build/Products/Debug-iphonesimulator/react-native-bottom-tabs/libreact-native-bottom-tabs.a --dependency-file /Users/sanjaykumar/Library/Developer/Xcode/DerivedData/VideoCallApp-evcapdoyusxvykgansyblgyjxatu/Build/Intermediates.noindex/Pods.build/Debug-iphonesimulator/react-native-bottom-tabs.build/Objects-normal/arm64/react-native-bottom-tabs_libtool_dependency_info.dat --dependency-file /Users/sanjaykumar/Library/Developer/Xcode/DerivedData/VideoCallApp-evcapdoyusxvykgansyblgyjxatu/Build/Intermediates.noindex/Pods.build/Debug-iphonesimulator/react-native-bottom-tabs.build/Objects-normal/x86_64/react-native-bottom-tabs_libtool_dependency_info.dat --stringsdata-file /Users/sanjaykumar/Library/Developer/Xcode/DerivedData/VideoCallApp-evcapdoyusxvykgansyblgyjxatu/Build/Intermediates.noindex/Pods.build/Debug-iphonesimulator/react-native-bottom-tabs.build/Objects-normal/arm64/ExtractedAppShortcutsMetadata.stringsdata --stringsdata-file /Users/sanjaykumar/Library/Developer/Xcode/DerivedData/VideoCallApp-evcapdoyusxvykgansyblgyjxatu/Build/Intermediates.noindex/Pods.build/Debug-iphonesimulator/react-native-bottom-tabs.build/Objects-normal/x86_64/ExtractedAppShortcutsMetadata.stringsdata --source-file-list /Users/sanjaykumar/Library/Developer/Xcode/DerivedData/VideoCallApp-evcapdoyusxvykgansyblgyjxatu/Build/Intermediates.noindex/Pods.build/Debug-iphonesimulator/react-native-bottom-tabs.build/Objects-normal/arm64/react-native-bottom-tabs.SwiftFileList --source-file-list /Users/sanjaykumar/Library/Developer/Xcode/DerivedData/VideoCallApp-evcapdoyusxvykgansyblgyjxatu/Build/Intermediates.noindex/Pods.build/Debug-iphonesimulator/react-native-bottom-tabs.build/Objects-normal/x86_64/react-native-bottom-tabs.SwiftFileList --metadata-file-list /Users/sanjaykumar/Library/Developer/Xcode/DerivedData/VideoCallApp-evcapdoyusxvykgansyblgyjxatu/Build/Intermediates.noindex/Pods.build/Debug-iphonesimulator/react-native-bottom-tabs.build/react-native-bottom-tabs.DependencyMetadataFileList --static-metadata-file-list /Users/sanjaykumar/Library/Developer/Xcode/DerivedData/VideoCallApp-evcapdoyusxvykgansyblgyjxatu/Build/Intermediates.noindex/Pods.build/Debug-iphonesimulator/react-native-bottom-tabs.build/react-native-bottom-tabs.DependencyStaticMetadataFileList --swift-const-vals-list /Users/sanjaykumar/Library/Developer/Xcode/DerivedData/VideoCallApp-evcapdoyusxvykgansyblgyjxatu/Build/Intermediates.noindex/Pods.build/Debug-iphonesimulator/react-native-bottom-tabs.build/Objects-normal/arm64/react-native-bottom-tabs.SwiftConstValuesFileList --swift-const-vals-list /Users/sanjaykumar/Library/Developer/Xcode/DerivedData/VideoCallApp-evcapdoyusxvykgansyblgyjxatu/Build/Intermediates.noindex/Pods.build/Debug-iphonesimulator/react-native-bottom-tabs.build/Objects-normal/x86_64/react-native-bottom-tabs.SwiftConstValuesFileList --force --compile-time-extraction --deployment-aware-processing --validate-assistant-intents --no-app-shortcuts-localization
2026-08-28 08:01:35.524 appintentsmetadataprocessor[23382:1884529] Starting appintentsmetadataprocessor export
2026-08-28 08:01:35.537 appintentsmetadataprocessor[23382:1884529] Extracted no relevant App Intents symbols, skipping writing output

ProcessProductPackaging "" /Users/sanjaykumar/Library/Developer/Xcode/DerivedData/VideoCallApp-evcapdoyusxvykgansyblgyjxatu/Build/Intermediates.noindex/VideoCallApp.build/Debug-iphonesimulator/VideoCallApp.build/VideoCallApp.app-Simulated.xcent (in target 'VideoCallApp' from project 'VideoCallApp')
    cd /Users/sanjaykumar/Desktop/Newfolder/VideoCallApp/ios
    
    Entitlements:
    
    {
    "application-identifier" = "B3S2DQ837L.org.reactjs.native.example.VideoCallApp";
}
    
    builtin-productPackagingUtility -entitlements -format xml -o /Users/sanjaykumar/Library/Developer/Xcode/DerivedData/VideoCallApp-evcapdoyusxvykgansyblgyjxatu/Build/Intermediates.noindex/VideoCallApp.build/Debug-iphonesimulator/VideoCallApp.build/VideoCallApp.app-Simulated.xcent

ScanDependencies /Users/sanjaykumar/Library/Developer/Xcode/DerivedData/VideoCallApp-evcapdoyusxvykgansyblgyjxatu/Build/Intermediates.noindex/Pods.build/Debug-iphonesimulator/Pods-VideoCallApp.build/Objects-normal/arm64/Pods-VideoCallApp-dummy.o /Users/sanjaykumar/Desktop/Newfolder/VideoCallApp/ios/Pods/Target\ Support\ Files/Pods-VideoCallApp/Pods-VideoCallApp-dummy.m normal arm64 objective-c com.apple.compilers.llvm.clang.1_0.compiler (in target 'Pods-VideoCallApp' from project 'Pods')
    cd /Users/sanjaykumar/Desktop/Newfolder/VideoCallApp/ios/Pods
    
    Using response file: /Users/sanjaykumar/Library/Developer/Xcode/DerivedData/VideoCallApp-evcapdoyusxvykgansyblgyjxatu/Build/Intermediates.noindex/Pods.build/Debug-iphonesimulator/Pods-VideoCallApp.build/Objects-normal/arm64/e6072d4f65d7061329687fe24e3d63a7-common-args.resp
    
    builtin-ScanDependencies -o /Users/sanjaykumar/Library/Developer/Xcode/DerivedData/VideoCallApp-evcapdoyusxvykgansyblgyjxatu/Build/Intermediates.noindex/Pods.build/Debug-iphonesimulator/Pods-VideoCallApp.build/Objects-normal/arm64/Pods-VideoCallApp-dummy.o.scan -- /Applications/Xcode.app/Contents/Developer/Toolchains/XcodeDefault.xctoolchain/usr/bin/clang -x objective-c -ivfsstatcache /Users/sanjaykumar/Library/Developer/Xcode/DerivedData/SDKStatCaches.noindex/iphonesimulator26.5-23F81a-6cfe768891a92b912361537c460fe42b.sdkstatcache -target arm64-apple-ios15.1-simulator -fmessage-length\=0 -fdiagnostics-show-note-include-stack -fmacro-backtrace-limit\=0 -fno-color-diagnostics -fmodules-prune-interval\=86400 -fmodules-prune-after\=345600 -fbuild-session-file\=/Users/sanjaykumar/Library/Developer/Xcode/DerivedData/ModuleCache.noindex/Session.modulevalidation -fmodules-validate-once-per-build-session -Wnon-modular-include-in-framework-module -Werror\=non-modular-include-in-framework-module -Wno-trigraphs -Wno-missing-field-initializers -Wno-missing-prototypes -Werror\=return-type -Wdocumentation -Wunreachable-code -Wno-implicit-atomic-properties -Werror\=deprecated-objc-isa-usage -Wno-objc-interface-ivars -Werror\=objc-root-class -Wno-arc-repeated-use-of-weak -Wimplicit-retain-self -Wduplicate-method-match -Wno-missing-braces -Wparentheses -Wswitch -Wunused-function -Wno-unused-label -Wno-unused-parameter -Wunused-variable -Wunused-value -Wempty-body -Wuninitialized -Wconditional-uninitialized -Wno-unknown-pragmas -Wno-shadow -Wno-four-char-constants -Wno-conversion -Wconstant-conversion -Wint-conversion -Wbool-conversion -Wenum-conversion -Wno-float-conversion -Wnon-literal-null-conversion -Wobjc-literal-conversion -Wshorten-64-to-32 -Wpointer-sign -Wno-newline-eof -Wno-selector -Wno-strict-selector-match -Wundeclared-selector -Wdeprecated-implementations -Wno-implicit-fallthrough -isysroot /Applications/Xcode.app/Contents/Developer/Platforms/iPhoneSimulator.platform/Developer/SDKs/iPhoneSimulator26.5.sdk -fstrict-aliasing -Wprotocol -Wdeprecated-declarations -Wno-sign-conversion -Winfinite-recursion -Wcomma -Wblock-capture-autoreleasing -Wstrict-prototypes -Wno-semicolon-before-method-body -Wunguarded-availability -index-store-path /Users/sanjaykumar/Library/Developer/Xcode/DerivedData/VideoCallApp-evcapdoyusxvykgansyblgyjxatu/Index.noindex/DataStore -Wno-comma -Wno-shorten-64-to-32 @/Users/sanjaykumar/Library/Developer/Xcode/DerivedData/VideoCallApp-evcapdoyusxvykgansyblgyjxatu/Build/Intermediates.noindex/Pods.build/Debug-iphonesimulator/Pods-VideoCallApp.build/Objects-normal/arm64/e6072d4f65d7061329687fe24e3d63a7-common-args.resp -MMD -MT dependencies -MF /Users/sanjaykumar/Library/Developer/Xcode/DerivedData/VideoCallApp-evcapdoyusxvykgansyblgyjxatu/Build/Intermediates.noindex/Pods.build/Debug-iphonesimulator/Pods-VideoCallApp.build/Objects-normal/arm64/Pods-VideoCallApp-dummy.d --serialize-diagnostics /Users/sanjaykumar/Library/Developer/Xcode/DerivedData/VideoCallApp-evcapdoyusxvykgansyblgyjxatu/Build/Intermediates.noindex/Pods.build/Debug-iphonesimulator/Pods-VideoCallApp.build/Objects-normal/arm64/Pods-VideoCallApp-dummy.dia -c /Users/sanjaykumar/Desktop/Newfolder/VideoCallApp/ios/Pods/Target\ Support\ Files/Pods-VideoCallApp/Pods-VideoCallApp-dummy.m -o /Users/sanjaykumar/Library/Developer/Xcode/DerivedData/VideoCallApp-evcapdoyusxvykgansyblgyjxatu/Build/Intermediates.noindex/Pods.build/Debug-iphonesimulator/Pods-VideoCallApp.build/Objects-normal/arm64/Pods-VideoCallApp-dummy.o -index-unit-output-path /Pods.build/Debug-iphonesimulator/Pods-VideoCallApp.build/Objects-normal/arm64/Pods-VideoCallApp-dummy.o

ScanDependencies /Users/sanjaykumar/Library/Developer/Xcode/DerivedData/VideoCallApp-evcapdoyusxvykgansyblgyjxatu/Build/Intermediates.noindex/Pods.build/Debug-iphonesimulator/Pods-VideoCallApp.build/Objects-normal/x86_64/Pods-VideoCallApp-dummy.o /Users/sanjaykumar/Desktop/Newfolder/VideoCallApp/ios/Pods/Target\ Support\ Files/Pods-VideoCallApp/Pods-VideoCallApp-dummy.m normal x86_64 objective-c com.apple.compilers.llvm.clang.1_0.compiler (in target 'Pods-VideoCallApp' from project 'Pods')
    cd /Users/sanjaykumar/Desktop/Newfolder/VideoCallApp/ios/Pods
    
    Using response file: /Users/sanjaykumar/Library/Developer/Xcode/DerivedData/VideoCallApp-evcapdoyusxvykgansyblgyjxatu/Build/Intermediates.noindex/Pods.build/Debug-iphonesimulator/Pods-VideoCallApp.build/Objects-normal/x86_64/e6072d4f65d7061329687fe24e3d63a7-common-args.resp
    
    builtin-ScanDependencies -o /Users/sanjaykumar/Library/Developer/Xcode/DerivedData/VideoCallApp-evcapdoyusxvykgansyblgyjxatu/Build/Intermediates.noindex/Pods.build/Debug-iphonesimulator/Pods-VideoCallApp.build/Objects-normal/x86_64/Pods-VideoCallApp-dummy.o.scan -- /Applications/Xcode.app/Contents/Developer/Toolchains/XcodeDefault.xctoolchain/usr/bin/clang -x objective-c -ivfsstatcache /Users/sanjaykumar/Library/Developer/Xcode/DerivedData/SDKStatCaches.noindex/iphonesimulator26.5-23F81a-6cfe768891a92b912361537c460fe42b.sdkstatcache -target x86_64-apple-ios15.1-simulator -fmessage-length\=0 -fdiagnostics-show-note-include-stack -fmacro-backtrace-limit\=0 -fno-color-diagnostics -fmodules-prune-interval\=86400 -fmodules-prune-after\=345600 -fbuild-session-file\=/Users/sanjaykumar/Library/Developer/Xcode/DerivedData/ModuleCache.noindex/Session.modulevalidation -fmodules-validate-once-per-build-session -Wnon-modular-include-in-framework-module -Werror\=non-modular-include-in-framework-module -Wno-trigraphs -Wno-missing-field-initializers -Wno-missing-prototypes -Werror\=return-type -Wdocumentation -Wunreachable-code -Wno-implicit-atomic-properties -Werror\=deprecated-objc-isa-usage -Wno-objc-interface-ivars -Werror\=objc-root-class -Wno-arc-repeated-use-of-weak -Wimplicit-retain-self -Wduplicate-method-match -Wno-missing-braces -Wparentheses -Wswitch -Wunused-function -Wno-unused-label -Wno-unused-parameter -Wunused-variable -Wunused-value -Wempty-body -Wuninitialized -Wconditional-uninitialized -Wno-unknown-pragmas -Wno-shadow -Wno-four-char-constants -Wno-conversion -Wconstant-conversion -Wint-conversion -Wbool-conversion -Wenum-conversion -Wno-float-conversion -Wnon-literal-null-conversion -Wobjc-literal-conversion -Wshorten-64-to-32 -Wpointer-sign -Wno-newline-eof -Wno-selector -Wno-strict-selector-match -Wundeclared-selector -Wdeprecated-implementations -Wno-implicit-fallthrough -isysroot /Applications/Xcode.app/Contents/Developer/Platforms/iPhoneSimulator.platform/Developer/SDKs/iPhoneSimulator26.5.sdk -fstrict-aliasing -Wprotocol -Wdeprecated-declarations -Wno-sign-conversion -Winfinite-recursion -Wcomma -Wblock-capture-autoreleasing -Wstrict-prototypes -Wno-semicolon-before-method-body -Wunguarded-availability -index-store-path /Users/sanjaykumar/Library/Developer/Xcode/DerivedData/VideoCallApp-evcapdoyusxvykgansyblgyjxatu/Index.noindex/DataStore -Wno-comma -Wno-shorten-64-to-32 @/Users/sanjaykumar/Library/Developer/Xcode/DerivedData/VideoCallApp-evcapdoyusxvykgansyblgyjxatu/Build/Intermediates.noindex/Pods.build/Debug-iphonesimulator/Pods-VideoCallApp.build/Objects-normal/x86_64/e6072d4f65d7061329687fe24e3d63a7-common-args.resp -MMD -MT dependencies -MF /Users/sanjaykumar/Library/Developer/Xcode/DerivedData/VideoCallApp-evcapdoyusxvykgansyblgyjxatu/Build/Intermediates.noindex/Pods.build/Debug-iphonesimulator/Pods-VideoCallApp.build/Objects-normal/x86_64/Pods-VideoCallApp-dummy.d --serialize-diagnostics /Users/sanjaykumar/Library/Developer/Xcode/DerivedData/VideoCallApp-evcapdoyusxvykgansyblgyjxatu/Build/Intermediates.noindex/Pods.build/Debug-iphonesimulator/Pods-VideoCallApp.build/Objects-normal/x86_64/Pods-VideoCallApp-dummy.dia -c /Users/sanjaykumar/Desktop/Newfolder/VideoCallApp/ios/Pods/Target\ Support\ Files/Pods-VideoCallApp/Pods-VideoCallApp-dummy.m -o /Users/sanjaykumar/Library/Developer/Xcode/DerivedData/VideoCallApp-evcapdoyusxvykgansyblgyjxatu/Build/Intermediates.noindex/Pods.build/Debug-iphonesimulator/Pods-VideoCallApp.build/Objects-normal/x86_64/Pods-VideoCallApp-dummy.o -index-unit-output-path /Pods.build/Debug-iphonesimulator/Pods-VideoCallApp.build/Objects-normal/x86_64/Pods-VideoCallApp-dummy.o

ProcessProductPackagingDER /Users/sanjaykumar/Library/Developer/Xcode/DerivedData/VideoCallApp-evcapdoyusxvykgansyblgyjxatu/Build/Intermediates.noindex/VideoCallApp.build/Debug-iphonesimulator/VideoCallApp.build/VideoCallApp.app-Simulated.xcent /Users/sanjaykumar/Library/Developer/Xcode/DerivedData/VideoCallApp-evcapdoyusxvykgansyblgyjxatu/Build/Intermediates.noindex/VideoCallApp.build/Debug-iphonesimulator/VideoCallApp.build/VideoCallApp.app-Simulated.xcent.der (in target 'VideoCallApp' from project 'VideoCallApp')
    cd /Users/sanjaykumar/Desktop/Newfolder/VideoCallApp/ios
    /usr/bin/derq query -f xml -i /Users/sanjaykumar/Library/Developer/Xcode/DerivedData/VideoCallApp-evcapdoyusxvykgansyblgyjxatu/Build/Intermediates.noindex/VideoCallApp.build/Debug-iphonesimulator/VideoCallApp.build/VideoCallApp.app-Simulated.xcent -o /Users/sanjaykumar/Library/Developer/Xcode/DerivedData/VideoCallApp-evcapdoyusxvykgansyblgyjxatu/Build/Intermediates.noindex/VideoCallApp.build/Debug-iphonesimulator/VideoCallApp.build/VideoCallApp.app-Simulated.xcent.der --raw

CompileC /Users/sanjaykumar/Library/Developer/Xcode/DerivedData/VideoCallApp-evcapdoyusxvykgansyblgyjxatu/Build/Intermediates.noindex/Pods.build/Debug-iphonesimulator/Pods-VideoCallApp.build/Objects-normal/arm64/Pods-VideoCallApp-dummy.o /Users/sanjaykumar/Desktop/Newfolder/VideoCallApp/ios/Pods/Target\ Support\ Files/Pods-VideoCallApp/Pods-VideoCallApp-dummy.m normal arm64 objective-c com.apple.compilers.llvm.clang.1_0.compiler (in target 'Pods-VideoCallApp' from project 'Pods')
    cd /Users/sanjaykumar/Desktop/Newfolder/VideoCallApp/ios/Pods
    
    Using response file: /Users/sanjaykumar/Library/Developer/Xcode/DerivedData/VideoCallApp-evcapdoyusxvykgansyblgyjxatu/Build/Intermediates.noindex/Pods.build/Debug-iphonesimulator/Pods-VideoCallApp.build/Objects-normal/arm64/e6072d4f65d7061329687fe24e3d63a7-common-args.resp
    
    /Applications/Xcode.app/Contents/Developer/Toolchains/XcodeDefault.xctoolchain/usr/bin/clang -x objective-c -ivfsstatcache /Users/sanjaykumar/Library/Developer/Xcode/DerivedData/SDKStatCaches.noindex/iphonesimulator26.5-23F81a-6cfe768891a92b912361537c460fe42b.sdkstatcache -target arm64-apple-ios15.1-simulator -fmessage-length\=0 -fdiagnostics-show-note-include-stack -fmacro-backtrace-limit\=0 -fno-color-diagnostics -fmodules-prune-interval\=86400 -fmodules-prune-after\=345600 -fbuild-session-file\=/Users/sanjaykumar/Library/Developer/Xcode/DerivedData/ModuleCache.noindex/Session.modulevalidation -fmodules-validate-once-per-build-session -Wnon-modular-include-in-framework-module -Werror\=non-modular-include-in-framework-module -Wno-trigraphs -Wno-missing-field-initializers -Wno-missing-prototypes -Werror\=return-type -Wdocumentation -Wunreachable-code -Wno-implicit-atomic-properties -Werror\=deprecated-objc-isa-usage -Wno-objc-interface-ivars -Werror\=objc-root-class -Wno-arc-repeated-use-of-weak -Wimplicit-retain-self -Wduplicate-method-match -Wno-missing-braces -Wparentheses -Wswitch -Wunused-function -Wno-unused-label -Wno-unused-parameter -Wunused-variable -Wunused-value -Wempty-body -Wuninitialized -Wconditional-uninitialized -Wno-unknown-pragmas -Wno-shadow -Wno-four-char-constants -Wno-conversion -Wconstant-conversion -Wint-conversion -Wbool-conversion -Wenum-conversion -Wno-float-conversion -Wnon-literal-null-conversion -Wobjc-literal-conversion -Wshorten-64-to-32 -Wpointer-sign -Wno-newline-eof -Wno-selector -Wno-strict-selector-match -Wundeclared-selector -Wdeprecated-implementations -Wno-implicit-fallthrough -isysroot /Applications/Xcode.app/Contents/Developer/Platforms/iPhoneSimulator.platform/Developer/SDKs/iPhoneSimulator26.5.sdk -fstrict-aliasing -Wprotocol -Wdeprecated-declarations -Wno-sign-conversion -Winfinite-recursion -Wcomma -Wblock-capture-autoreleasing -Wstrict-prototypes -Wno-semicolon-before-method-body -Wunguarded-availability -index-store-path /Users/sanjaykumar/Library/Developer/Xcode/DerivedData/VideoCallApp-evcapdoyusxvykgansyblgyjxatu/Index.noindex/DataStore -Wno-comma -Wno-shorten-64-to-32 @/Users/sanjaykumar/Library/Developer/Xcode/DerivedData/VideoCallApp-evcapdoyusxvykgansyblgyjxatu/Build/Intermediates.noindex/Pods.build/Debug-iphonesimulator/Pods-VideoCallApp.build/Objects-normal/arm64/e6072d4f65d7061329687fe24e3d63a7-common-args.resp -MMD -MT dependencies -MF /Users/sanjaykumar/Library/Developer/Xcode/DerivedData/VideoCallApp-evcapdoyusxvykgansyblgyjxatu/Build/Intermediates.noindex/Pods.build/Debug-iphonesimulator/Pods-VideoCallApp.build/Objects-normal/arm64/Pods-VideoCallApp-dummy.d --serialize-diagnostics /Users/sanjaykumar/Library/Developer/Xcode/DerivedData/VideoCallApp-evcapdoyusxvykgansyblgyjxatu/Build/Intermediates.noindex/Pods.build/Debug-iphonesimulator/Pods-VideoCallApp.build/Objects-normal/arm64/Pods-VideoCallApp-dummy.dia -c /Users/sanjaykumar/Desktop/Newfolder/VideoCallApp/ios/Pods/Target\ Support\ Files/Pods-VideoCallApp/Pods-VideoCallApp-dummy.m -o /Users/sanjaykumar/Library/Developer/Xcode/DerivedData/VideoCallApp-evcapdoyusxvykgansyblgyjxatu/Build/Intermediates.noindex/Pods.build/Debug-iphonesimulator/Pods-VideoCallApp.build/Objects-normal/arm64/Pods-VideoCallApp-dummy.o -index-unit-output-path /Pods.build/Debug-iphonesimulator/Pods-VideoCallApp.build/Objects-normal/arm64/Pods-VideoCallApp-dummy.o

CompileC /Users/sanjaykumar/Library/Developer/Xcode/DerivedData/VideoCallApp-evcapdoyusxvykgansyblgyjxatu/Build/Intermediates.noindex/Pods.build/Debug-iphonesimulator/Pods-VideoCallApp.build/Objects-normal/x86_64/Pods-VideoCallApp-dummy.o /Users/sanjaykumar/Desktop/Newfolder/VideoCallApp/ios/Pods/Target\ Support\ Files/Pods-VideoCallApp/Pods-VideoCallApp-dummy.m normal x86_64 objective-c com.apple.compilers.llvm.clang.1_0.compiler (in target 'Pods-VideoCallApp' from project 'Pods')
    cd /Users/sanjaykumar/Desktop/Newfolder/VideoCallApp/ios/Pods
    
    Using response file: /Users/sanjaykumar/Library/Developer/Xcode/DerivedData/VideoCallApp-evcapdoyusxvykgansyblgyjxatu/Build/Intermediates.noindex/Pods.build/Debug-iphonesimulator/Pods-VideoCallApp.build/Objects-normal/x86_64/e6072d4f65d7061329687fe24e3d63a7-common-args.resp
    
    /Applications/Xcode.app/Contents/Developer/Toolchains/XcodeDefault.xctoolchain/usr/bin/clang -x objective-c -ivfsstatcache /Users/sanjaykumar/Library/Developer/Xcode/DerivedData/SDKStatCaches.noindex/iphonesimulator26.5-23F81a-6cfe768891a92b912361537c460fe42b.sdkstatcache -target x86_64-apple-ios15.1-simulator -fmessage-length\=0 -fdiagnostics-show-note-include-stack -fmacro-backtrace-limit\=0 -fno-color-diagnostics -fmodules-prune-interval\=86400 -fmodules-prune-after\=345600 -fbuild-session-file\=/Users/sanjaykumar/Library/Developer/Xcode/DerivedData/ModuleCache.noindex/Session.modulevalidation -fmodules-validate-once-per-build-session -Wnon-modular-include-in-framework-module -Werror\=non-modular-include-in-framework-module -Wno-trigraphs -Wno-missing-field-initializers -Wno-missing-prototypes -Werror\=return-type -Wdocumentation -Wunreachable-code -Wno-implicit-atomic-properties -Werror\=deprecated-objc-isa-usage -Wno-objc-interface-ivars -Werror\=objc-root-class -Wno-arc-repeated-use-of-weak -Wimplicit-retain-self -Wduplicate-method-match -Wno-missing-braces -Wparentheses -Wswitch -Wunused-function -Wno-unused-label -Wno-unused-parameter -Wunused-variable -Wunused-value -Wempty-body -Wuninitialized -Wconditional-uninitialized -Wno-unknown-pragmas -Wno-shadow -Wno-four-char-constants -Wno-conversion -Wconstant-conversion -Wint-conversion -Wbool-conversion -Wenum-conversion -Wno-float-conversion -Wnon-literal-null-conversion -Wobjc-literal-conversion -Wshorten-64-to-32 -Wpointer-sign -Wno-newline-eof -Wno-selector -Wno-strict-selector-match -Wundeclared-selector -Wdeprecated-implementations -Wno-implicit-fallthrough -isysroot /Applications/Xcode.app/Contents/Developer/Platforms/iPhoneSimulator.platform/Developer/SDKs/iPhoneSimulator26.5.sdk -fstrict-aliasing -Wprotocol -Wdeprecated-declarations -Wno-sign-conversion -Winfinite-recursion -Wcomma -Wblock-capture-autoreleasing -Wstrict-prototypes -Wno-semicolon-before-method-body -Wunguarded-availability -index-store-path /Users/sanjaykumar/Library/Developer/Xcode/DerivedData/VideoCallApp-evcapdoyusxvykgansyblgyjxatu/Index.noindex/DataStore -Wno-comma -Wno-shorten-64-to-32 @/Users/sanjaykumar/Library/Developer/Xcode/DerivedData/VideoCallApp-evcapdoyusxvykgansyblgyjxatu/Build/Intermediates.noindex/Pods.build/Debug-iphonesimulator/Pods-VideoCallApp.build/Objects-normal/x86_64/e6072d4f65d7061329687fe24e3d63a7-common-args.resp -MMD -MT dependencies -MF /Users/sanjaykumar/Library/Developer/Xcode/DerivedData/VideoCallApp-evcapdoyusxvykgansyblgyjxatu/Build/Intermediates.noindex/Pods.build/Debug-iphonesimulator/Pods-VideoCallApp.build/Objects-normal/x86_64/Pods-VideoCallApp-dummy.d --serialize-diagnostics /Users/sanjaykumar/Library/Developer/Xcode/DerivedData/VideoCallApp-evcapdoyusxvykgansyblgyjxatu/Build/Intermediates.noindex/Pods.build/Debug-iphonesimulator/Pods-VideoCallApp.build/Objects-normal/x86_64/Pods-VideoCallApp-dummy.dia -c /Users/sanjaykumar/Desktop/Newfolder/VideoCallApp/ios/Pods/Target\ Support\ Files/Pods-VideoCallApp/Pods-VideoCallApp-dummy.m -o /Users/sanjaykumar/Library/Developer/Xcode/DerivedData/VideoCallApp-evcapdoyusxvykgansyblgyjxatu/Build/Intermediates.noindex/Pods.build/Debug-iphonesimulator/Pods-VideoCallApp.build/Objects-normal/x86_64/Pods-VideoCallApp-dummy.o -index-unit-output-path /Pods.build/Debug-iphonesimulator/Pods-VideoCallApp.build/Objects-normal/x86_64/Pods-VideoCallApp-dummy.o

Libtool /Users/sanjaykumar/Library/Developer/Xcode/DerivedData/VideoCallApp-evcapdoyusxvykgansyblgyjxatu/Build/Intermediates.noindex/Pods.build/Debug-iphonesimulator/Pods-VideoCallApp.build/Objects-normal/arm64/Binary/libPods-VideoCallApp.a normal arm64 (in target 'Pods-VideoCallApp' from project 'Pods')
    cd /Users/sanjaykumar/Desktop/Newfolder/VideoCallApp/ios/Pods
    /Applications/Xcode.app/Contents/Developer/Toolchains/XcodeDefault.xctoolchain/usr/bin/libtool -static -arch_only arm64 -D -syslibroot /Applications/Xcode.app/Contents/Developer/Platforms/iPhoneSimulator.platform/Developer/SDKs/iPhoneSimulator26.5.sdk -L/Users/sanjaykumar/Library/Developer/Xcode/DerivedData/VideoCallApp-evcapdoyusxvykgansyblgyjxatu/Build/Products/Debug-iphonesimulator -L/Users/sanjaykumar/Library/Developer/Xcode/DerivedData/VideoCallApp-evcapdoyusxvykgansyblgyjxatu/Build/Products/Debug-iphonesimulator/ReactAppDependencyProvider -L/Users/sanjaykumar/Library/Developer/Xcode/DerivedData/VideoCallApp-evcapdoyusxvykgansyblgyjxatu/Build/Products/Debug-iphonesimulator/ReactCodegen -L/Users/sanjaykumar/Library/Developer/Xcode/DerivedData/VideoCallApp-evcapdoyusxvykgansyblgyjxatu/Build/Products/Debug-iphonesimulator/SwiftUIIntrospect -L/Users/sanjaykumar/Library/Developer/Xcode/DerivedData/VideoCallApp-evcapdoyusxvykgansyblgyjxatu/Build/Products/Debug-iphonesimulator/react-native-bottom-tabs -L/Users/sanjaykumar/Library/Developer/Xcode/DerivedData/VideoCallApp-evcapdoyusxvykgansyblgyjxatu/Build/Products/Debug-iphonesimulator/react-native-safe-area-context -L/Applications/Xcode.app/Contents/Developer/Toolchains/XcodeDefault.xctoolchain/usr/lib/swift/iphonesimulator -L/Applications/Xcode.app/Contents/Developer/Platforms/iPhoneSimulator.platform/Developer/SDKs/iPhoneSimulator26.5.sdk/usr/lib/swift -filelist /Users/sanjaykumar/Library/Developer/Xcode/DerivedData/VideoCallApp-evcapdoyusxvykgansyblgyjxatu/Build/Intermediates.noindex/Pods.build/Debug-iphonesimulator/Pods-VideoCallApp.build/Objects-normal/arm64/Pods-VideoCallApp.LinkFileList -dependency_info /Users/sanjaykumar/Library/Developer/Xcode/DerivedData/VideoCallApp-evcapdoyusxvykgansyblgyjxatu/Build/Intermediates.noindex/Pods.build/Debug-iphonesimulator/Pods-VideoCallApp.build/Objects-normal/arm64/Pods-VideoCallApp_libtool_dependency_info.dat -o /Users/sanjaykumar/Library/Developer/Xcode/DerivedData/VideoCallApp-evcapdoyusxvykgansyblgyjxatu/Build/Intermediates.noindex/Pods.build/Debug-iphonesimulator/Pods-VideoCallApp.build/Objects-normal/arm64/Binary/libPods-VideoCallApp.a

Libtool /Users/sanjaykumar/Library/Developer/Xcode/DerivedData/VideoCallApp-evcapdoyusxvykgansyblgyjxatu/Build/Intermediates.noindex/Pods.build/Debug-iphonesimulator/Pods-VideoCallApp.build/Objects-normal/x86_64/Binary/libPods-VideoCallApp.a normal x86_64 (in target 'Pods-VideoCallApp' from project 'Pods')
    cd /Users/sanjaykumar/Desktop/Newfolder/VideoCallApp/ios/Pods
    /Applications/Xcode.app/Contents/Developer/Toolchains/XcodeDefault.xctoolchain/usr/bin/libtool -static -arch_only x86_64 -D -syslibroot /Applications/Xcode.app/Contents/Developer/Platforms/iPhoneSimulator.platform/Developer/SDKs/iPhoneSimulator26.5.sdk -L/Users/sanjaykumar/Library/Developer/Xcode/DerivedData/VideoCallApp-evcapdoyusxvykgansyblgyjxatu/Build/Products/Debug-iphonesimulator -L/Users/sanjaykumar/Library/Developer/Xcode/DerivedData/VideoCallApp-evcapdoyusxvykgansyblgyjxatu/Build/Products/Debug-iphonesimulator/ReactAppDependencyProvider -L/Users/sanjaykumar/Library/Developer/Xcode/DerivedData/VideoCallApp-evcapdoyusxvykgansyblgyjxatu/Build/Products/Debug-iphonesimulator/ReactCodegen -L/Users/sanjaykumar/Library/Developer/Xcode/DerivedData/VideoCallApp-evcapdoyusxvykgansyblgyjxatu/Build/Products/Debug-iphonesimulator/SwiftUIIntrospect -L/Users/sanjaykumar/Library/Developer/Xcode/DerivedData/VideoCallApp-evcapdoyusxvykgansyblgyjxatu/Build/Products/Debug-iphonesimulator/react-native-bottom-tabs -L/Users/sanjaykumar/Library/Developer/Xcode/DerivedData/VideoCallApp-evcapdoyusxvykgansyblgyjxatu/Build/Products/Debug-iphonesimulator/react-native-safe-area-context -L/Applications/Xcode.app/Contents/Developer/Toolchains/XcodeDefault.xctoolchain/usr/lib/swift/iphonesimulator -L/Applications/Xcode.app/Contents/Developer/Platforms/iPhoneSimulator.platform/Developer/SDKs/iPhoneSimulator26.5.sdk/usr/lib/swift -filelist /Users/sanjaykumar/Library/Developer/Xcode/DerivedData/VideoCallApp-evcapdoyusxvykgansyblgyjxatu/Build/Intermediates.noindex/Pods.build/Debug-iphonesimulator/Pods-VideoCallApp.build/Objects-normal/x86_64/Pods-VideoCallApp.LinkFileList -dependency_info /Users/sanjaykumar/Library/Developer/Xcode/DerivedData/VideoCallApp-evcapdoyusxvykgansyblgyjxatu/Build/Intermediates.noindex/Pods.build/Debug-iphonesimulator/Pods-VideoCallApp.build/Objects-normal/x86_64/Pods-VideoCallApp_libtool_dependency_info.dat -o /Users/sanjaykumar/Library/Developer/Xcode/DerivedData/VideoCallApp-evcapdoyusxvykgansyblgyjxatu/Build/Intermediates.noindex/Pods.build/Debug-iphonesimulator/Pods-VideoCallApp.build/Objects-normal/x86_64/Binary/libPods-VideoCallApp.a

CreateUniversalBinary /Users/sanjaykumar/Library/Developer/Xcode/DerivedData/VideoCallApp-evcapdoyusxvykgansyblgyjxatu/Build/Products/Debug-iphonesimulator/libPods-VideoCallApp.a normal arm64\ x86_64 (in target 'Pods-VideoCallApp' from project 'Pods')
    cd /Users/sanjaykumar/Desktop/Newfolder/VideoCallApp/ios/Pods
    /Applications/Xcode.app/Contents/Developer/Toolchains/XcodeDefault.xctoolchain/usr/bin/lipo -create /Users/sanjaykumar/Library/Developer/Xcode/DerivedData/VideoCallApp-evcapdoyusxvykgansyblgyjxatu/Build/Intermediates.noindex/Pods.build/Debug-iphonesimulator/Pods-VideoCallApp.build/Objects-normal/arm64/Binary/libPods-VideoCallApp.a /Users/sanjaykumar/Library/Developer/Xcode/DerivedData/VideoCallApp-evcapdoyusxvykgansyblgyjxatu/Build/Intermediates.noindex/Pods.build/Debug-iphonesimulator/Pods-VideoCallApp.build/Objects-normal/x86_64/Binary/libPods-VideoCallApp.a -output /Users/sanjaykumar/Library/Developer/Xcode/DerivedData/VideoCallApp-evcapdoyusxvykgansyblgyjxatu/Build/Products/Debug-iphonesimulator/libPods-VideoCallApp.a

PhaseScriptExecution [CP]\ Check\ Pods\ Manifest.lock /Users/sanjaykumar/Library/Developer/Xcode/DerivedData/VideoCallApp-evcapdoyusxvykgansyblgyjxatu/Build/Intermediates.noindex/VideoCallApp.build/Debug-iphonesimulator/VideoCallApp.build/Script-C38B50BA6285516D6DCD4F65.sh (in target 'VideoCallApp' from project 'VideoCallApp')
    cd /Users/sanjaykumar/Desktop/Newfolder/VideoCallApp/ios
    /bin/sh -c /Users/sanjaykumar/Library/Developer/Xcode/DerivedData/VideoCallApp-evcapdoyusxvykgansyblgyjxatu/Build/Intermediates.noindex/VideoCallApp.build/Debug-iphonesimulator/VideoCallApp.build/Script-C38B50BA6285516D6DCD4F65.sh

GenerateAssetSymbols /Users/sanjaykumar/Desktop/Newfolder/VideoCallApp/ios/VideoCallApp/Images.xcassets (in target 'VideoCallApp' from project 'VideoCallApp')
    cd /Users/sanjaykumar/Desktop/Newfolder/VideoCallApp/ios
    /Applications/Xcode.app/Contents/Developer/usr/bin/actool /Users/sanjaykumar/Desktop/Newfolder/VideoCallApp/ios/VideoCallApp/Images.xcassets --compile /Users/sanjaykumar/Library/Developer/Xcode/DerivedData/VideoCallApp-evcapdoyusxvykgansyblgyjxatu/Build/Products/Debug-iphonesimulator/VideoCallApp.app --output-format human-readable-text --notices --warnings --export-dependency-info /Users/sanjaykumar/Library/Developer/Xcode/DerivedData/VideoCallApp-evcapdoyusxvykgansyblgyjxatu/Build/Intermediates.noindex/VideoCallApp.build/Debug-iphonesimulator/VideoCallApp.build/assetcatalog_dependencies --output-partial-info-plist /Users/sanjaykumar/Library/Developer/Xcode/DerivedData/VideoCallApp-evcapdoyusxvykgansyblgyjxatu/Build/Intermediates.noindex/VideoCallApp.build/Debug-iphonesimulator/VideoCallApp.build/assetcatalog_generated_info.plist --app-icon AppIcon --compress-pngs --enable-on-demand-resources YES --development-region en --target-device iphone --target-device ipad --minimum-deployment-target 15.1 --platform iphonesimulator --bundle-identifier org.reactjs.native.example.VideoCallApp --generate-swift-asset-symbol-extensions NO --generate-swift-asset-symbols /Users/sanjaykumar/Library/Developer/Xcode/DerivedData/VideoCallApp-evcapdoyusxvykgansyblgyjxatu/Build/Intermediates.noindex/VideoCallApp.build/Debug-iphonesimulator/VideoCallApp.build/DerivedSources/GeneratedAssetSymbols.swift --generate-objc-asset-symbols /Users/sanjaykumar/Library/Developer/Xcode/DerivedData/VideoCallApp-evcapdoyusxvykgansyblgyjxatu/Build/Intermediates.noindex/VideoCallApp.build/Debug-iphonesimulator/VideoCallApp.build/DerivedSources/GeneratedAssetSymbols.h --generate-asset-symbol-index /Users/sanjaykumar/Library/Developer/Xcode/DerivedData/VideoCallApp-evcapdoyusxvykgansyblgyjxatu/Build/Intermediates.noindex/VideoCallApp.build/Debug-iphonesimulator/VideoCallApp.build/DerivedSources/GeneratedAssetSymbols-Index.plist
/* com.apple.actool.compilation-results */
/Users/sanjaykumar/Library/Developer/Xcode/DerivedData/VideoCallApp-evcapdoyusxvykgansyblgyjxatu/Build/Intermediates.noindex/VideoCallApp.build/Debug-iphonesimulator/VideoCallApp.build/DerivedSources/GeneratedAssetSymbols-Index.plist
/Users/sanjaykumar/Library/Developer/Xcode/DerivedData/VideoCallApp-evcapdoyusxvykgansyblgyjxatu/Build/Intermediates.noindex/VideoCallApp.build/Debug-iphonesimulator/VideoCallApp.build/DerivedSources/GeneratedAssetSymbols.h
/Users/sanjaykumar/Library/Developer/Xcode/DerivedData/VideoCallApp-evcapdoyusxvykgansyblgyjxatu/Build/Intermediates.noindex/VideoCallApp.build/Debug-iphonesimulator/VideoCallApp.build/DerivedSources/GeneratedAssetSymbols.swift


CopyPlistFile /Users/sanjaykumar/Library/Developer/Xcode/DerivedData/VideoCallApp-evcapdoyusxvykgansyblgyjxatu/Build/Products/Debug-iphonesimulator/VideoCallApp.app/PrivacyInfo.xcprivacy /Users/sanjaykumar/Desktop/Newfolder/VideoCallApp/ios/VideoCallApp/PrivacyInfo.xcprivacy (in target 'VideoCallApp' from project 'VideoCallApp')
    cd /Users/sanjaykumar/Desktop/Newfolder/VideoCallApp/ios
    builtin-copyPlist --convert binary1 --outdir /Users/sanjaykumar/Library/Developer/Xcode/DerivedData/VideoCallApp-evcapdoyusxvykgansyblgyjxatu/Build/Products/Debug-iphonesimulator/VideoCallApp.app -- /Users/sanjaykumar/Desktop/Newfolder/VideoCallApp/ios/VideoCallApp/PrivacyInfo.xcprivacy

MkDir /Users/sanjaykumar/Library/Developer/Xcode/DerivedData/VideoCallApp-evcapdoyusxvykgansyblgyjxatu/Build/Intermediates.noindex/VideoCallApp.build/Debug-iphonesimulator/VideoCallApp.build/assetcatalog_output/thinned (in target 'VideoCallApp' from project 'VideoCallApp')
    cd /Users/sanjaykumar/Desktop/Newfolder/VideoCallApp/ios
    /bin/mkdir -p /Users/sanjaykumar/Library/Developer/Xcode/DerivedData/VideoCallApp-evcapdoyusxvykgansyblgyjxatu/Build/Intermediates.noindex/VideoCallApp.build/Debug-iphonesimulator/VideoCallApp.build/assetcatalog_output/thinned

Ld /Users/sanjaykumar/Library/Developer/Xcode/DerivedData/VideoCallApp-evcapdoyusxvykgansyblgyjxatu/Build/Intermediates.noindex/VideoCallApp.build/Debug-iphonesimulator/VideoCallApp.build/Objects-normal/arm64/Binary/__preview.dylib normal arm64 (in target 'VideoCallApp' from project 'VideoCallApp')
    cd /Users/sanjaykumar/Desktop/Newfolder/VideoCallApp/ios
    /Applications/Xcode.app/Contents/Developer/Toolchains/XcodeDefault.xctoolchain/usr/bin/clang -Xlinker -reproducible -target arm64-apple-ios15.1-simulator -dynamiclib -isysroot /Applications/Xcode.app/Contents/Developer/Platforms/iPhoneSimulator.platform/Developer/SDKs/iPhoneSimulator26.5.sdk -O0 -L/Users/sanjaykumar/Library/Developer/Xcode/DerivedData/VideoCallApp-evcapdoyusxvykgansyblgyjxatu/Build/Products/Debug-iphonesimulator -L/Applications/Xcode.app/Contents/Developer/Platforms/iPhoneSimulator.platform/Developer/SDKs/iPhoneSimulator26.5.sdk/usr/lib/swift -L/Applications/Xcode.app/Contents/Developer/Toolchains/XcodeDefault.xctoolchain/usr/lib/swift/iphonesimulator -L/Users/sanjaykumar/Library/Developer/Xcode/DerivedData/VideoCallApp-evcapdoyusxvykgansyblgyjxatu/Build/Products/Debug-iphonesimulator/ReactAppDependencyProvider -L/Users/sanjaykumar/Library/Developer/Xcode/DerivedData/VideoCallApp-evcapdoyusxvykgansyblgyjxatu/Build/Products/Debug-iphonesimulator/ReactCodegen -L/Users/sanjaykumar/Library/Developer/Xcode/DerivedData/VideoCallApp-evcapdoyusxvykgansyblgyjxatu/Build/Products/Debug-iphonesimulator/SwiftUIIntrospect -L/Users/sanjaykumar/Library/Developer/Xcode/DerivedData/VideoCallApp-evcapdoyusxvykgansyblgyjxatu/Build/Products/Debug-iphonesimulator/react-native-bottom-tabs -L/Users/sanjaykumar/Library/Developer/Xcode/DerivedData/VideoCallApp-evcapdoyusxvykgansyblgyjxatu/Build/Products/Debug-iphonesimulator/react-native-safe-area-context -L/Applications/Xcode.app/Contents/Developer/Toolchains/XcodeDefault.xctoolchain/usr/lib/swift/iphonesimulator -L/Applications/Xcode.app/Contents/Developer/Platforms/iPhoneSimulator.platform/Developer/SDKs/iPhoneSimulator26.5.sdk/usr/lib/swift -F/Users/sanjaykumar/Library/Developer/Xcode/DerivedData/VideoCallApp-evcapdoyusxvykgansyblgyjxatu/Build/Products/Debug-iphonesimulator -F/Users/sanjaykumar/Desktop/Newfolder/VideoCallApp/ios/Pods/React-Core-prebuilt -F/Users/sanjaykumar/Desktop/Newfolder/VideoCallApp/ios/Pods/ReactNativeDependencies/framework/packages/react-native -F/Users/sanjaykumar/Desktop/Newfolder/VideoCallApp/ios/Pods/hermes-engine/destroot/Library/Frameworks/universal -F/Users/sanjaykumar/Library/Developer/Xcode/DerivedData/VideoCallApp-evcapdoyusxvykgansyblgyjxatu/Build/Products/Debug-iphonesimulator/XCFrameworkIntermediates/React-Core-prebuilt -F/Users/sanjaykumar/Library/Developer/Xcode/DerivedData/VideoCallApp-evcapdoyusxvykgansyblgyjxatu/Build/Products/Debug-iphonesimulator/XCFrameworkIntermediates/ReactNativeDependencies -F/Users/sanjaykumar/Library/Developer/Xcode/DerivedData/VideoCallApp-evcapdoyusxvykgansyblgyjxatu/Build/Products/Debug-iphonesimulator/XCFrameworkIntermediates/hermes-engine/Pre-built -install_name @rpath/VideoCallApp.debug.dylib -Xlinker -dead_strip -rdynamic -Xlinker -no_deduplicate -Xlinker -objc_abi_version -Xlinker 2 -Xlinker -dependency_info -Xlinker /Users/sanjaykumar/Library/Developer/Xcode/DerivedData/VideoCallApp-evcapdoyusxvykgansyblgyjxatu/Build/Intermediates.noindex/VideoCallApp.build/Debug-iphonesimulator/VideoCallApp.build/Objects-normal/arm64/VideoCallApp_dependency_info.dat -Xlinker -sectcreate -Xlinker __TEXT -Xlinker __entitlements -Xlinker /Users/sanjaykumar/Library/Developer/Xcode/DerivedData/VideoCallApp-evcapdoyusxvykgansyblgyjxatu/Build/Intermediates.noindex/VideoCallApp.build/Debug-iphonesimulator/VideoCallApp.build/VideoCallApp.app-Simulated.xcent -Xlinker -sectcreate -Xlinker __TEXT -Xlinker __ents_der -Xlinker /Users/sanjaykumar/Library/Developer/Xcode/DerivedData/VideoCallApp-evcapdoyusxvykgansyblgyjxatu/Build/Intermediates.noindex/VideoCallApp.build/Debug-iphonesimulator/VideoCallApp.build/VideoCallApp.app-Simulated.xcent.der -Xlinker -no_adhoc_codesign -o /Users/sanjaykumar/Library/Developer/Xcode/DerivedData/VideoCallApp-evcapdoyusxvykgansyblgyjxatu/Build/Intermediates.noindex/VideoCallApp.build/Debug-iphonesimulator/VideoCallApp.build/Objects-normal/arm64/Binary/__preview.dylib

Ld /Users/sanjaykumar/Library/Developer/Xcode/DerivedData/VideoCallApp-evcapdoyusxvykgansyblgyjxatu/Build/Intermediates.noindex/VideoCallApp.build/Debug-iphonesimulator/VideoCallApp.build/Objects-normal/x86_64/Binary/__preview.dylib normal x86_64 (in target 'VideoCallApp' from project 'VideoCallApp')
    cd /Users/sanjaykumar/Desktop/Newfolder/VideoCallApp/ios
    /Applications/Xcode.app/Contents/Developer/Toolchains/XcodeDefault.xctoolchain/usr/bin/clang -Xlinker -reproducible -target x86_64-apple-ios15.1-simulator -dynamiclib -isysroot /Applications/Xcode.app/Contents/Developer/Platforms/iPhoneSimulator.platform/Developer/SDKs/iPhoneSimulator26.5.sdk -O0 -L/Users/sanjaykumar/Library/Developer/Xcode/DerivedData/VideoCallApp-evcapdoyusxvykgansyblgyjxatu/Build/Products/Debug-iphonesimulator -L/Applications/Xcode.app/Contents/Developer/Platforms/iPhoneSimulator.platform/Developer/SDKs/iPhoneSimulator26.5.sdk/usr/lib/swift -L/Applications/Xcode.app/Contents/Developer/Toolchains/XcodeDefault.xctoolchain/usr/lib/swift/iphonesimulator -L/Users/sanjaykumar/Library/Developer/Xcode/DerivedData/VideoCallApp-evcapdoyusxvykgansyblgyjxatu/Build/Products/Debug-iphonesimulator/ReactAppDependencyProvider -L/Users/sanjaykumar/Library/Developer/Xcode/DerivedData/VideoCallApp-evcapdoyusxvykgansyblgyjxatu/Build/Products/Debug-iphonesimulator/ReactCodegen -L/Users/sanjaykumar/Library/Developer/Xcode/DerivedData/VideoCallApp-evcapdoyusxvykgansyblgyjxatu/Build/Products/Debug-iphonesimulator/SwiftUIIntrospect -L/Users/sanjaykumar/Library/Developer/Xcode/DerivedData/VideoCallApp-evcapdoyusxvykgansyblgyjxatu/Build/Products/Debug-iphonesimulator/react-native-bottom-tabs -L/Users/sanjaykumar/Library/Developer/Xcode/DerivedData/VideoCallApp-evcapdoyusxvykgansyblgyjxatu/Build/Products/Debug-iphonesimulator/react-native-safe-area-context -L/Applications/Xcode.app/Contents/Developer/Toolchains/XcodeDefault.xctoolchain/usr/lib/swift/iphonesimulator -L/Applications/Xcode.app/Contents/Developer/Platforms/iPhoneSimulator.platform/Developer/SDKs/iPhoneSimulator26.5.sdk/usr/lib/swift -F/Users/sanjaykumar/Library/Developer/Xcode/DerivedData/VideoCallApp-evcapdoyusxvykgansyblgyjxatu/Build/Products/Debug-iphonesimulator -F/Users/sanjaykumar/Desktop/Newfolder/VideoCallApp/ios/Pods/React-Core-prebuilt -F/Users/sanjaykumar/Desktop/Newfolder/VideoCallApp/ios/Pods/ReactNativeDependencies/framework/packages/react-native -F/Users/sanjaykumar/Desktop/Newfolder/VideoCallApp/ios/Pods/hermes-engine/destroot/Library/Frameworks/universal -F/Users/sanjaykumar/Library/Developer/Xcode/DerivedData/VideoCallApp-evcapdoyusxvykgansyblgyjxatu/Build/Products/Debug-iphonesimulator/XCFrameworkIntermediates/React-Core-prebuilt -F/Users/sanjaykumar/Library/Developer/Xcode/DerivedData/VideoCallApp-evcapdoyusxvykgansyblgyjxatu/Build/Products/Debug-iphonesimulator/XCFrameworkIntermediates/ReactNativeDependencies -F/Users/sanjaykumar/Library/Developer/Xcode/DerivedData/VideoCallApp-evcapdoyusxvykgansyblgyjxatu/Build/Products/Debug-iphonesimulator/XCFrameworkIntermediates/hermes-engine/Pre-built -install_name @rpath/VideoCallApp.debug.dylib -Xlinker -dead_strip -rdynamic -Xlinker -no_deduplicate -Xlinker -objc_abi_version -Xlinker 2 -Xlinker -dependency_info -Xlinker /Users/sanjaykumar/Library/Developer/Xcode/DerivedData/VideoCallApp-evcapdoyusxvykgansyblgyjxatu/Build/Intermediates.noindex/VideoCallApp.build/Debug-iphonesimulator/VideoCallApp.build/Objects-normal/x86_64/VideoCallApp_dependency_info.dat -Xlinker -sectcreate -Xlinker __TEXT -Xlinker __entitlements -Xlinker /Users/sanjaykumar/Library/Developer/Xcode/DerivedData/VideoCallApp-evcapdoyusxvykgansyblgyjxatu/Build/Intermediates.noindex/VideoCallApp.build/Debug-iphonesimulator/VideoCallApp.build/VideoCallApp.app-Simulated.xcent -Xlinker -sectcreate -Xlinker __TEXT -Xlinker __ents_der -Xlinker /Users/sanjaykumar/Library/Developer/Xcode/DerivedData/VideoCallApp-evcapdoyusxvykgansyblgyjxatu/Build/Intermediates.noindex/VideoCallApp.build/Debug-iphonesimulator/VideoCallApp.build/VideoCallApp.app-Simulated.xcent.der -Xlinker -no_adhoc_codesign -o /Users/sanjaykumar/Library/Developer/Xcode/DerivedData/VideoCallApp-evcapdoyusxvykgansyblgyjxatu/Build/Intermediates.noindex/VideoCallApp.build/Debug-iphonesimulator/VideoCallApp.build/Objects-normal/x86_64/Binary/__preview.dylib

MkDir /Users/sanjaykumar/Library/Developer/Xcode/DerivedData/VideoCallApp-evcapdoyusxvykgansyblgyjxatu/Build/Intermediates.noindex/VideoCallApp.build/Debug-iphonesimulator/VideoCallApp.build/assetcatalog_output/unthinned (in target 'VideoCallApp' from project 'VideoCallApp')
    cd /Users/sanjaykumar/Desktop/Newfolder/VideoCallApp/ios
    /bin/mkdir -p /Users/sanjaykumar/Library/Developer/Xcode/DerivedData/VideoCallApp-evcapdoyusxvykgansyblgyjxatu/Build/Intermediates.noindex/VideoCallApp.build/Debug-iphonesimulator/VideoCallApp.build/assetcatalog_output/unthinned

CompileStoryboard /Users/sanjaykumar/Desktop/Newfolder/VideoCallApp/ios/VideoCallApp/LaunchScreen.storyboard (in target 'VideoCallApp' from project 'VideoCallApp')
    cd /Users/sanjaykumar/Desktop/Newfolder/VideoCallApp/ios
    /Applications/Xcode.app/Contents/Developer/usr/bin/ibtool --errors --warnings --notices --module VideoCallApp --output-partial-info-plist /Users/sanjaykumar/Library/Developer/Xcode/DerivedData/VideoCallApp-evcapdoyusxvykgansyblgyjxatu/Build/Intermediates.noindex/VideoCallApp.build/Debug-iphonesimulator/VideoCallApp.build/LaunchScreen-SBPartialInfo.plist --auto-activate-custom-fonts --target-device iphone --target-device ipad --minimum-deployment-target 15.1 --output-format human-readable-text /Users/sanjaykumar/Desktop/Newfolder/VideoCallApp/ios/VideoCallApp/LaunchScreen.storyboard --compilation-directory /Users/sanjaykumar/Library/Developer/Xcode/DerivedData/VideoCallApp-evcapdoyusxvykgansyblgyjxatu/Build/Intermediates.noindex/VideoCallApp.build/Debug-iphonesimulator/VideoCallApp.build

CompileAssetCatalogVariant thinned /Users/sanjaykumar/Library/Developer/Xcode/DerivedData/VideoCallApp-evcapdoyusxvykgansyblgyjxatu/Build/Products/Debug-iphonesimulator/VideoCallApp.app /Users/sanjaykumar/Desktop/Newfolder/VideoCallApp/ios/VideoCallApp/Images.xcassets (in target 'VideoCallApp' from project 'VideoCallApp')
    cd /Users/sanjaykumar/Desktop/Newfolder/VideoCallApp/ios
    /Applications/Xcode.app/Contents/Developer/usr/bin/actool /Users/sanjaykumar/Desktop/Newfolder/VideoCallApp/ios/VideoCallApp/Images.xcassets --compile /Users/sanjaykumar/Library/Developer/Xcode/DerivedData/VideoCallApp-evcapdoyusxvykgansyblgyjxatu/Build/Intermediates.noindex/VideoCallApp.build/Debug-iphonesimulator/VideoCallApp.build/assetcatalog_output/thinned --output-format human-readable-text --notices --warnings --export-dependency-info /Users/sanjaykumar/Library/Developer/Xcode/DerivedData/VideoCallApp-evcapdoyusxvykgansyblgyjxatu/Build/Intermediates.noindex/VideoCallApp.build/Debug-iphonesimulator/VideoCallApp.build/assetcatalog_dependencies_thinned --output-partial-info-plist /Users/sanjaykumar/Library/Developer/Xcode/DerivedData/VideoCallApp-evcapdoyusxvykgansyblgyjxatu/Build/Intermediates.noindex/VideoCallApp.build/Debug-iphonesimulator/VideoCallApp.build/assetcatalog_generated_info.plist_thinned --app-icon AppIcon --compress-pngs --enable-on-demand-resources YES --development-region en --target-device iphone --target-device ipad --minimum-deployment-target 15.1 --platform iphonesimulator
/* com.apple.actool.compilation-results */
/Users/sanjaykumar/Library/Developer/Xcode/DerivedData/VideoCallApp-evcapdoyusxvykgansyblgyjxatu/Build/Intermediates.noindex/VideoCallApp.build/Debug-iphonesimulator/VideoCallApp.build/assetcatalog_generated_info.plist_thinned


SwiftDriver VideoCallApp normal x86_64 com.apple.xcode.tools.swift.compiler (in target 'VideoCallApp' from project 'VideoCallApp')
    cd /Users/sanjaykumar/Desktop/Newfolder/VideoCallApp/ios
    builtin-SwiftDriver -- /Applications/Xcode.app/Contents/Developer/Toolchains/XcodeDefault.xctoolchain/usr/bin/swiftc -module-name VideoCallApp -Onone @/Users/sanjaykumar/Library/Developer/Xcode/DerivedData/VideoCallApp-evcapdoyusxvykgansyblgyjxatu/Build/Intermediates.noindex/VideoCallApp.build/Debug-iphonesimulator/VideoCallApp.build/Objects-normal/x86_64/VideoCallApp.SwiftFileList -DDEBUG -D COCOAPODS -Xcc -fmodule-map-file\=/Users/sanjaykumar/Library/Developer/Xcode/DerivedData/VideoCallApp-evcapdoyusxvykgansyblgyjxatu/Build/Products/Debug-iphonesimulator/SwiftUIIntrospect/SwiftUIIntrospect.modulemap -Xcc -fmodule-map-file\=/Users/sanjaykumar/Library/Developer/Xcode/DerivedData/VideoCallApp-evcapdoyusxvykgansyblgyjxatu/Build/Products/Debug-iphonesimulator/react-native-bottom-tabs/react_native_bottom_tabs.modulemap -Xcc -fmodule-map-file\=/Users/sanjaykumar/Desktop/Newfolder/VideoCallApp/ios/Pods/Headers/Public/ReactAppDependencyProvider/ReactAppDependencyProvider.modulemap -Xcc -fmodule-map-file\=/Users/sanjaykumar/Desktop/Newfolder/VideoCallApp/ios/Pods/Headers/Public/ReactCodegen/ReactCodegen.modulemap -Xcc -Wno-incomplete-umbrella -Xcc -fmodule-map-file\=/Users/sanjaykumar/Desktop/Newfolder/VideoCallApp/ios/Pods/React-Core-prebuilt/Headers/module.modulemap -enable-bare-slash-regex -enable-experimental-feature DebugDescriptionMacro -sdk /Applications/Xcode.app/Contents/Developer/Platforms/iPhoneSimulator.platform/Developer/SDKs/iPhoneSimulator26.5.sdk -target x86_64-apple-ios15.1-simulator -g -module-cache-path /Users/sanjaykumar/Library/Developer/Xcode/DerivedData/ModuleCache.noindex -Xfrontend -serialize-debugging-options -enable-testing -index-store-path /Users/sanjaykumar/Library/Developer/Xcode/DerivedData/VideoCallApp-evcapdoyusxvykgansyblgyjxatu/Index.noindex/DataStore -Xcc -D_LIBCPP_HARDENING_MODE\=_LIBCPP_HARDENING_MODE_DEBUG -swift-version 5 -I /Users/sanjaykumar/Library/Developer/Xcode/DerivedData/VideoCallApp-evcapdoyusxvykgansyblgyjxatu/Build/Products/Debug-iphonesimulator -I /Users/sanjaykumar/Library/Developer/Xcode/DerivedData/VideoCallApp-evcapdoyusxvykgansyblgyjxatu/Build/Products/Debug-iphonesimulator/SwiftUIIntrospect -I /Users/sanjaykumar/Library/Developer/Xcode/DerivedData/VideoCallApp-evcapdoyusxvykgansyblgyjxatu/Build/Products/Debug-iphonesimulator/react-native-bottom-tabs -F /Users/sanjaykumar/Library/Developer/Xcode/DerivedData/VideoCallApp-evcapdoyusxvykgansyblgyjxatu/Build/Products/Debug-iphonesimulator -F /Users/sanjaykumar/Desktop/Newfolder/VideoCallApp/ios/Pods/React-Core-prebuilt -F /Users/sanjaykumar/Desktop/Newfolder/VideoCallApp/ios/Pods/ReactNativeDependencies/framework/packages/react-native -F /Users/sanjaykumar/Desktop/Newfolder/VideoCallApp/ios/Pods/hermes-engine/destroot/Library/Frameworks/universal -F /Users/sanjaykumar/Library/Developer/Xcode/DerivedData/VideoCallApp-evcapdoyusxvykgansyblgyjxatu/Build/Products/Debug-iphonesimulator/XCFrameworkIntermediates/React-Core-prebuilt -F /Users/sanjaykumar/Library/Developer/Xcode/DerivedData/VideoCallApp-evcapdoyusxvykgansyblgyjxatu/Build/Products/Debug-iphonesimulator/XCFrameworkIntermediates/ReactNativeDependencies -F /Users/sanjaykumar/Library/Developer/Xcode/DerivedData/VideoCallApp-evcapdoyusxvykgansyblgyjxatu/Build/Products/Debug-iphonesimulator/XCFrameworkIntermediates/hermes-engine/Pre-built -c -j10 -enable-batch-mode -incremental -Xcc -ivfsstatcache -Xcc /Users/sanjaykumar/Library/Developer/Xcode/DerivedData/SDKStatCaches.noindex/iphonesimulator26.5-23F81a-6cfe768891a92b912361537c460fe42b.sdkstatcache -output-file-map /Users/sanjaykumar/Library/Developer/Xcode/DerivedData/VideoCallApp-evcapdoyusxvykgansyblgyjxatu/Build/Intermediates.noindex/VideoCallApp.build/Debug-iphonesimulator/VideoCallApp.build/Objects-normal/x86_64/VideoCallApp-OutputFileMap.json -use-frontend-parseable-output -save-temps -no-color-diagnostics -explicit-module-build -module-cache-path /Users/sanjaykumar/Library/Developer/Xcode/DerivedData/VideoCallApp-evcapdoyusxvykgansyblgyjxatu/Build/Intermediates.noindex/SwiftExplicitPrecompiledModules -clang-scanner-module-cache-path /Users/sanjaykumar/Library/Developer/Xcode/DerivedData/ModuleCache.noindex -sdk-module-cache-path /Users/sanjaykumar/Library/Developer/Xcode/DerivedData/ModuleCache.noindex -serialize-diagnostics -emit-dependencies -emit-module -emit-module-path /Users/sanjaykumar/Library/Developer/Xcode/DerivedData/VideoCallApp-evcapdoyusxvykgansyblgyjxatu/Build/Intermediates.noindex/VideoCallApp.build/Debug-iphonesimulator/VideoCallApp.build/Objects-normal/x86_64/VideoCallApp.swiftmodule -validate-clang-modules-once -clang-build-session-file /Users/sanjaykumar/Library/Developer/Xcode/DerivedData/ModuleCache.noindex/Session.modulevalidation -Xcc -I/Users/sanjaykumar/Library/Developer/Xcode/DerivedData/VideoCallApp-evcapdoyusxvykgansyblgyjxatu/Build/Intermediates.noindex/VideoCallApp.build/Debug-iphonesimulator/VideoCallApp.build/swift-overrides.hmap -emit-const-values -Xfrontend -const-gather-protocols-file -Xfrontend /Users/sanjaykumar/Library/Developer/Xcode/DerivedData/VideoCallApp-evcapdoyusxvykgansyblgyjxatu/Build/Intermediates.noindex/VideoCallApp.build/Debug-iphonesimulator/VideoCallApp.build/Objects-normal/x86_64/VideoCallApp_const_extract_protocols.json -Xcc -iquote -Xcc /Users/sanjaykumar/Library/Developer/Xcode/DerivedData/VideoCallApp-evcapdoyusxvykgansyblgyjxatu/Build/Intermediates.noindex/VideoCallApp.build/Debug-iphonesimulator/VideoCallApp.build/VideoCallApp-generated-files.hmap -Xcc -I/Users/sanjaykumar/Library/Developer/Xcode/DerivedData/VideoCallApp-evcapdoyusxvykgansyblgyjxatu/Build/Intermediates.noindex/VideoCallApp.build/Debug-iphonesimulator/VideoCallApp.build/VideoCallApp-own-target-headers.hmap -Xcc -I/Users/sanjaykumar/Library/Developer/Xcode/DerivedData/VideoCallApp-evcapdoyusxvykgansyblgyjxatu/Build/Intermediates.noindex/VideoCallApp.build/Debug-iphonesimulator/VideoCallApp.build/VideoCallApp-all-non-framework-target-headers.hmap -Xcc -ivfsoverlay -Xcc /Users/sanjaykumar/Library/Developer/Xcode/DerivedData/VideoCallApp-evcapdoyusxvykgansyblgyjxatu/Build/Intermediates.noindex/VideoCallApp.build/Debug-iphonesimulator/VideoCallApp-5cfc4fada1c9a598ee8695cfec64d2f6-VFS-iphonesimulator/all-product-headers.yaml -Xcc -iquote -Xcc /Users/sanjaykumar/Library/Developer/Xcode/DerivedData/VideoCallApp-evcapdoyusxvykgansyblgyjxatu/Build/Intermediates.noindex/VideoCallApp.build/Debug-iphonesimulator/VideoCallApp.build/VideoCallApp-project-headers.hmap -Xcc -I/Users/sanjaykumar/Library/Developer/Xcode/DerivedData/VideoCallApp-evcapdoyusxvykgansyblgyjxatu/Build/Products/Debug-iphonesimulator/include -Xcc -I/Users/sanjaykumar/Desktop/Newfolder/VideoCallApp/ios/Pods/Headers/Public -Xcc -I/Users/sanjaykumar/Desktop/Newfolder/VideoCallApp/ios/Pods/Headers/Public/RCTSwiftUIWrapper -Xcc -I/Users/sanjaykumar/Desktop/Newfolder/VideoCallApp/ios/Pods/Headers/Public/RCTTypeSafety -Xcc -I/Users/sanjaykumar/Desktop/Newfolder/VideoCallApp/ios/Pods/Headers/Public/React-Core-prebuilt -Xcc -I/Users/sanjaykumar/Desktop/Newfolder/VideoCallApp/ios/Pods/Headers/Public/React-CoreModules -Xcc -I/Users/sanjaykumar/Desktop/Newfolder/VideoCallApp/ios/Pods/Headers/Public/React-Fabric -Xcc -I/Users/sanjaykumar/Desktop/Newfolder/VideoCallApp/ios/Pods/Headers/Public/React-FabricComponents -Xcc -I/Users/sanjaykumar/Desktop/Newfolder/VideoCallApp/ios/Pods/Headers/Public/React-FabricImage -Xcc -I/Users/sanjaykumar/Desktop/Newfolder/VideoCallApp/ios/Pods/Headers/Public/React-ImageManager -Xcc -I/Users/sanjaykumar/Desktop/Newfolder/VideoCallApp/ios/Pods/Headers/Public/React-Mapbuffer -Xcc -I/Users/sanjaykumar/Desktop/Newfolder/VideoCallApp/ios/Pods/Headers/Public/React-NativeModulesApple -Xcc -I/Users/sanjaykumar/Desktop/Newfolder/VideoCallApp/ios/Pods/Headers/Public/React-RCTAnimatedModuleProvider -Xcc -I/Users/sanjaykumar/Desktop/Newfolder/VideoCallApp/ios/Pods/Headers/Public/React-RCTAnimation -Xcc -I/Users/sanjaykumar/Desktop/Newfolder/VideoCallApp/ios/Pods/Headers/Public/React-RCTAppDelegate -Xcc -I/Users/sanjaykumar/Desktop/Newfolder/VideoCallApp/ios/Pods/Headers/Public/React-RCTBlob -Xcc -I/Users/sanjaykumar/Desktop/Newfolder/VideoCallApp/ios/Pods/Headers/Public/React-RCTFBReactNativeSpec -Xcc -I/Users/sanjaykumar/Desktop/Newfolder/VideoCallApp/ios/Pods/Headers/Public/React-RCTFabric -Xcc -I/Users/sanjaykumar/Desktop/Newfolder/VideoCallApp/ios/Pods/Headers/Public/React-RCTImage -Xcc -I/Users/sanjaykumar/Desktop/Newfolder/VideoCallApp/ios/Pods/Headers/Public/React-RCTSettings -Xcc -I/Users/sanjaykumar/Desktop/Newfolder/VideoCallApp/ios/Pods/Headers/Public/React-RCTText -Xcc -I/Users/sanjaykumar/Desktop/Newfolder/VideoCallApp/ios/Pods/Headers/Public/React-RCTVibration -Xcc -I/Users/sanjaykumar/Desktop/Newfolder/VideoCallApp/ios/Pods/Headers/Public/React-RuntimeApple -Xcc -I/Users/sanjaykumar/Desktop/Newfolder/VideoCallApp/ios/Pods/Headers/Public/React-RuntimeCore -Xcc -I/Users/sanjaykumar/Desktop/Newfolder/VideoCallApp/ios/Pods/Headers/Public/React-RuntimeHermes -Xcc -I/Users/sanjaykumar/Desktop/Newfolder/VideoCallApp/ios/Pods/Headers/Public/React-bridging -Xcc -I/Users/sanjaykumar/Desktop/Newfolder/VideoCallApp/ios/Pods/Headers/Public/React-callinvoker -Xcc -I/Users/sanjaykumar/Desktop/Newfolder/VideoCallApp/ios/Pods/Headers/Public/React-cxxreact -Xcc -I/Users/sanjaykumar/Desktop/Newfolder/VideoCallApp/ios/Pods/Headers/Public/React-cxxstableapi -Xcc -I/Users/sanjaykumar/Desktop/Newfolder/VideoCallApp/ios/Pods/Headers/Public/React-debug -Xcc -I/Users/sanjaykumar/Desktop/Newfolder/VideoCallApp/ios/Pods/Headers/Public/React-defaultsnativemodule -Xcc -I/Users/sanjaykumar/Desktop/Newfolder/VideoCallApp/ios/Pods/Headers/Public/React-domnativemodule -Xcc -I/Users/sanjaykumar/Desktop/Newfolder/VideoCallApp/ios/Pods/Headers/Public/React-featureflags -Xcc -I/Users/sanjaykumar/Desktop/Newfolder/VideoCallApp/ios/Pods/Headers/Public/React-featureflagsnativemodule -Xcc -I/Users/sanjaykumar/Desktop/Newfolder/VideoCallApp/ios/Pods/Headers/Public/React-graphics -Xcc -I/Users/sanjaykumar/Desktop/Newfolder/VideoCallApp/ios/Pods/Headers/Public/React-hermes -Xcc -I/Users/sanjaykumar/Desktop/Newfolder/VideoCallApp/ios/Pods/Headers/Public/React-idlecallbacksnativemodule -Xcc -I/Users/sanjaykumar/Desktop/Newfolder/VideoCallApp/ios/Pods/Headers/Public/React-intersectionobservernativemodule -Xcc -I/Users/sanjaykumar/Desktop/Newfolder/VideoCallApp/ios/Pods/Headers/Public/React-jserrorhandler -Xcc -I/Users/sanjaykumar/Desktop/Newfolder/VideoCallApp/ios/Pods/Headers/Public/React-jsi -Xcc -I/Users/sanjaykumar/Desktop/Newfolder/VideoCallApp/ios/Pods/Headers/Public/React-jsiexecutor -Xcc -I/Users/sanjaykumar/Desktop/Newfolder/VideoCallApp/ios/Pods/Headers/Public/React-jsinspector -Xcc -I/Users/sanjaykumar/Desktop/Newfolder/VideoCallApp/ios/Pods/Headers/Public/React-jsinspectorcdp -Xcc -I/Users/sanjaykumar/Desktop/Newfolder/VideoCallApp/ios/Pods/Headers/Public/React-jsinspectornetwork -Xcc -I/Users/sanjaykumar/Desktop/Newfolder/VideoCallApp/ios/Pods/Headers/Public/React-jsinspectortracing -Xcc -I/Users/sanjaykumar/Desktop/Newfolder/VideoCallApp/ios/Pods/Headers/Public/React-jsitooling -Xcc -I/Users/sanjaykumar/Desktop/Newfolder/VideoCallApp/ios/Pods/Headers/Public/React-logger -Xcc -I/Users/sanjaykumar/Desktop/Newfolder/VideoCallApp/ios/Pods/Headers/Public/React-microtasksnativemodule -Xcc -I/Users/sanjaykumar/Desktop/Newfolder/VideoCallApp/ios/Pods/Headers/Public/React-mutationobservernativemodule -Xcc -I/Users/sanjaykumar/Desktop/Newfolder/VideoCallApp/ios/Pods/Headers/Public/React-networking -Xcc -I/Users/sanjaykumar/Desktop/Newfolder/VideoCallApp/ios/Pods/Headers/Public/React-oscompat -Xcc -I/Users/sanjaykumar/Desktop/Newfolder/VideoCallApp/ios/Pods/Headers/Public/React-perflogger -Xcc -I/Users/sanjaykumar/Desktop/Newfolder/VideoCallApp/ios/Pods/Headers/Public/React-performancecdpmetrics -Xcc -I/Users/sanjaykumar/Desktop/Newfolder/VideoCallApp/ios/Pods/Headers/Public/React-performancetimeline -Xcc -I/Users/sanjaykumar/Desktop/Newfolder/VideoCallApp/ios/Pods/Headers/Public/React-rendererconsistency -Xcc -I/Users/sanjaykumar/Desktop/Newfolder/VideoCallApp/ios/Pods/Headers/Public/React-renderercss -Xcc -I/Users/sanjaykumar/Desktop/Newfolder/VideoCallApp/ios/Pods/Headers/Public/React-rendererdebug -Xcc -I/Users/sanjaykumar/Desktop/Newfolder/VideoCallApp/ios/Pods/Headers/Public/React-runtimeexecutor -Xcc -I/Users/sanjaykumar/Desktop/Newfolder/VideoCallApp/ios/Pods/Headers/Public/React-runtimescheduler -Xcc -I/Users/sanjaykumar/Desktop/Newfolder/VideoCallApp/ios/Pods/Headers/Public/React-timing -Xcc -I/Users/sanjaykumar/Desktop/Newfolder/VideoCallApp/ios/Pods/Headers/Public/React-utils -Xcc -I/Users/sanjaykumar/Desktop/Newfolder/VideoCallApp/ios/Pods/Headers/Public/React-viewtransitionnativemodule -Xcc -I/Users/sanjaykumar/Desktop/Newfolder/VideoCallApp/ios/Pods/Headers/Public/React-webperformancenativemodule -Xcc -I/Users/sanjaykumar/Desktop/Newfolder/VideoCallApp/ios/Pods/Headers/Public/ReactAppDependencyProvider -Xcc -I/Users/sanjaykumar/Desktop/Newfolder/VideoCallApp/ios/Pods/Headers/Public/ReactCodegen -Xcc -I/Users/sanjaykumar/Desktop/Newfolder/VideoCallApp/ios/Pods/Headers/Public/ReactCommon -Xcc -I/Users/sanjaykumar/Desktop/Newfolder/VideoCallApp/ios/Pods/Headers/Public/ReactNativeDependencies -Xcc -I/Users/sanjaykumar/Desktop/Newfolder/VideoCallApp/ios/Pods/Headers/Public/hermes-engine -Xcc -I/Users/sanjaykumar/Desktop/Newfolder/VideoCallApp/ios/Pods/Headers/Public/react-native-bottom-tabs -Xcc -I/Users/sanjaykumar/Desktop/Newfolder/VideoCallApp/ios/Pods/Headers/Public/react-native-safe-area-context -Xcc -I/Users/sanjaykumar/Desktop/Newfolder/VideoCallApp/ios/Pods/Headers/Private/React-Core -Xcc -I/Users/sanjaykumar/Desktop/Newfolder/VideoCallApp/ios/Pods/Headers/Private/Yoga -Xcc -I/Users/sanjaykumar/Desktop/Newfolder/VideoCallApp/ios/Pods/React-Core-prebuilt/Headers -Xcc -I/Users/sanjaykumar/Desktop/Newfolder/VideoCallApp/ios/Pods/ReactNativeDependencies/Headers -Xcc -I/Users/sanjaykumar/Library/Developer/Xcode/DerivedData/VideoCallApp-evcapdoyusxvykgansyblgyjxatu/Build/Intermediates.noindex/VideoCallApp.build/Debug-iphonesimulator/VideoCallApp.build/DerivedSources-normal/x86_64 -Xcc -I/Users/sanjaykumar/Library/Developer/Xcode/DerivedData/VideoCallApp-evcapdoyusxvykgansyblgyjxatu/Build/Intermediates.noindex/VideoCallApp.build/Debug-iphonesimulator/VideoCallApp.build/DerivedSources/x86_64 -Xcc -I/Users/sanjaykumar/Library/Developer/Xcode/DerivedData/VideoCallApp-evcapdoyusxvykgansyblgyjxatu/Build/Intermediates.noindex/VideoCallApp.build/Debug-iphonesimulator/VideoCallApp.build/DerivedSources -Xcc -DDEBUG\=1 -Xcc -DCOCOAPODS\=1 -emit-objc-header -emit-objc-header-path /Users/sanjaykumar/Library/Developer/Xcode/DerivedData/VideoCallApp-evcapdoyusxvykgansyblgyjxatu/Build/Intermediates.noindex/VideoCallApp.build/Debug-iphonesimulator/VideoCallApp.build/Objects-normal/x86_64/VideoCallApp-Swift.h -working-directory /Users/sanjaykumar/Desktop/Newfolder/VideoCallApp/ios -experimental-emit-module-separately -disable-cmo

SwiftDriver VideoCallApp normal arm64 com.apple.xcode.tools.swift.compiler (in target 'VideoCallApp' from project 'VideoCallApp')
    cd /Users/sanjaykumar/Desktop/Newfolder/VideoCallApp/ios
    builtin-SwiftDriver -- /Applications/Xcode.app/Contents/Developer/Toolchains/XcodeDefault.xctoolchain/usr/bin/swiftc -module-name VideoCallApp -Onone @/Users/sanjaykumar/Library/Developer/Xcode/DerivedData/VideoCallApp-evcapdoyusxvykgansyblgyjxatu/Build/Intermediates.noindex/VideoCallApp.build/Debug-iphonesimulator/VideoCallApp.build/Objects-normal/arm64/VideoCallApp.SwiftFileList -DDEBUG -D COCOAPODS -Xcc -fmodule-map-file\=/Users/sanjaykumar/Library/Developer/Xcode/DerivedData/VideoCallApp-evcapdoyusxvykgansyblgyjxatu/Build/Products/Debug-iphonesimulator/SwiftUIIntrospect/SwiftUIIntrospect.modulemap -Xcc -fmodule-map-file\=/Users/sanjaykumar/Library/Developer/Xcode/DerivedData/VideoCallApp-evcapdoyusxvykgansyblgyjxatu/Build/Products/Debug-iphonesimulator/react-native-bottom-tabs/react_native_bottom_tabs.modulemap -Xcc -fmodule-map-file\=/Users/sanjaykumar/Desktop/Newfolder/VideoCallApp/ios/Pods/Headers/Public/ReactAppDependencyProvider/ReactAppDependencyProvider.modulemap -Xcc -fmodule-map-file\=/Users/sanjaykumar/Desktop/Newfolder/VideoCallApp/ios/Pods/Headers/Public/ReactCodegen/ReactCodegen.modulemap -Xcc -Wno-incomplete-umbrella -Xcc -fmodule-map-file\=/Users/sanjaykumar/Desktop/Newfolder/VideoCallApp/ios/Pods/React-Core-prebuilt/Headers/module.modulemap -enable-bare-slash-regex -enable-experimental-feature DebugDescriptionMacro -sdk /Applications/Xcode.app/Contents/Developer/Platforms/iPhoneSimulator.platform/Developer/SDKs/iPhoneSimulator26.5.sdk -target arm64-apple-ios15.1-simulator -g -module-cache-path /Users/sanjaykumar/Library/Developer/Xcode/DerivedData/ModuleCache.noindex -Xfrontend -serialize-debugging-options -enable-testing -index-store-path /Users/sanjaykumar/Library/Developer/Xcode/DerivedData/VideoCallApp-evcapdoyusxvykgansyblgyjxatu/Index.noindex/DataStore -Xcc -D_LIBCPP_HARDENING_MODE\=_LIBCPP_HARDENING_MODE_DEBUG -swift-version 5 -I /Users/sanjaykumar/Library/Developer/Xcode/DerivedData/VideoCallApp-evcapdoyusxvykgansyblgyjxatu/Build/Products/Debug-iphonesimulator -I /Users/sanjaykumar/Library/Developer/Xcode/DerivedData/VideoCallApp-evcapdoyusxvykgansyblgyjxatu/Build/Products/Debug-iphonesimulator/SwiftUIIntrospect -I /Users/sanjaykumar/Library/Developer/Xcode/DerivedData/VideoCallApp-evcapdoyusxvykgansyblgyjxatu/Build/Products/Debug-iphonesimulator/react-native-bottom-tabs -F /Users/sanjaykumar/Library/Developer/Xcode/DerivedData/VideoCallApp-evcapdoyusxvykgansyblgyjxatu/Build/Products/Debug-iphonesimulator -F /Users/sanjaykumar/Desktop/Newfolder/VideoCallApp/ios/Pods/React-Core-prebuilt -F /Users/sanjaykumar/Desktop/Newfolder/VideoCallApp/ios/Pods/ReactNativeDependencies/framework/packages/react-native -F /Users/sanjaykumar/Desktop/Newfolder/VideoCallApp/ios/Pods/hermes-engine/destroot/Library/Frameworks/universal -F /Users/sanjaykumar/Library/Developer/Xcode/DerivedData/VideoCallApp-evcapdoyusxvykgansyblgyjxatu/Build/Products/Debug-iphonesimulator/XCFrameworkIntermediates/React-Core-prebuilt -F /Users/sanjaykumar/Library/Developer/Xcode/DerivedData/VideoCallApp-evcapdoyusxvykgansyblgyjxatu/Build/Products/Debug-iphonesimulator/XCFrameworkIntermediates/ReactNativeDependencies -F /Users/sanjaykumar/Library/Developer/Xcode/DerivedData/VideoCallApp-evcapdoyusxvykgansyblgyjxatu/Build/Products/Debug-iphonesimulator/XCFrameworkIntermediates/hermes-engine/Pre-built -c -j10 -enable-batch-mode -incremental -Xcc -ivfsstatcache -Xcc /Users/sanjaykumar/Library/Developer/Xcode/DerivedData/SDKStatCaches.noindex/iphonesimulator26.5-23F81a-6cfe768891a92b912361537c460fe42b.sdkstatcache -output-file-map /Users/sanjaykumar/Library/Developer/Xcode/DerivedData/VideoCallApp-evcapdoyusxvykgansyblgyjxatu/Build/Intermediates.noindex/VideoCallApp.build/Debug-iphonesimulator/VideoCallApp.build/Objects-normal/arm64/VideoCallApp-OutputFileMap.json -use-frontend-parseable-output -save-temps -no-color-diagnostics -explicit-module-build -module-cache-path /Users/sanjaykumar/Library/Developer/Xcode/DerivedData/VideoCallApp-evcapdoyusxvykgansyblgyjxatu/Build/Intermediates.noindex/SwiftExplicitPrecompiledModules -clang-scanner-module-cache-path /Users/sanjaykumar/Library/Developer/Xcode/DerivedData/ModuleCache.noindex -sdk-module-cache-path /Users/sanjaykumar/Library/Developer/Xcode/DerivedData/ModuleCache.noindex -serialize-diagnostics -emit-dependencies -emit-module -emit-module-path /Users/sanjaykumar/Library/Developer/Xcode/DerivedData/VideoCallApp-evcapdoyusxvykgansyblgyjxatu/Build/Intermediates.noindex/VideoCallApp.build/Debug-iphonesimulator/VideoCallApp.build/Objects-normal/arm64/VideoCallApp.swiftmodule -validate-clang-modules-once -clang-build-session-file /Users/sanjaykumar/Library/Developer/Xcode/DerivedData/ModuleCache.noindex/Session.modulevalidation -Xcc -I/Users/sanjaykumar/Library/Developer/Xcode/DerivedData/VideoCallApp-evcapdoyusxvykgansyblgyjxatu/Build/Intermediates.noindex/VideoCallApp.build/Debug-iphonesimulator/VideoCallApp.build/swift-overrides.hmap -emit-const-values -Xfrontend -const-gather-protocols-file -Xfrontend /Users/sanjaykumar/Library/Developer/Xcode/DerivedData/VideoCallApp-evcapdoyusxvykgansyblgyjxatu/Build/Intermediates.noindex/VideoCallApp.build/Debug-iphonesimulator/VideoCallApp.build/Objects-normal/arm64/VideoCallApp_const_extract_protocols.json -Xcc -iquote -Xcc /Users/sanjaykumar/Library/Developer/Xcode/DerivedData/VideoCallApp-evcapdoyusxvykgansyblgyjxatu/Build/Intermediates.noindex/VideoCallApp.build/Debug-iphonesimulator/VideoCallApp.build/VideoCallApp-generated-files.hmap -Xcc -I/Users/sanjaykumar/Library/Developer/Xcode/DerivedData/VideoCallApp-evcapdoyusxvykgansyblgyjxatu/Build/Intermediates.noindex/VideoCallApp.build/Debug-iphonesimulator/VideoCallApp.build/VideoCallApp-own-target-headers.hmap -Xcc -I/Users/sanjaykumar/Library/Developer/Xcode/DerivedData/VideoCallApp-evcapdoyusxvykgansyblgyjxatu/Build/Intermediates.noindex/VideoCallApp.build/Debug-iphonesimulator/VideoCallApp.build/VideoCallApp-all-non-framework-target-headers.hmap -Xcc -ivfsoverlay -Xcc /Users/sanjaykumar/Library/Developer/Xcode/DerivedData/VideoCallApp-evcapdoyusxvykgansyblgyjxatu/Build/Intermediates.noindex/VideoCallApp.build/Debug-iphonesimulator/VideoCallApp-5cfc4fada1c9a598ee8695cfec64d2f6-VFS-iphonesimulator/all-product-headers.yaml -Xcc -iquote -Xcc /Users/sanjaykumar/Library/Developer/Xcode/DerivedData/VideoCallApp-evcapdoyusxvykgansyblgyjxatu/Build/Intermediates.noindex/VideoCallApp.build/Debug-iphonesimulator/VideoCallApp.build/VideoCallApp-project-headers.hmap -Xcc -I/Users/sanjaykumar/Library/Developer/Xcode/DerivedData/VideoCallApp-evcapdoyusxvykgansyblgyjxatu/Build/Products/Debug-iphonesimulator/include -Xcc -I/Users/sanjaykumar/Desktop/Newfolder/VideoCallApp/ios/Pods/Headers/Public -Xcc -I/Users/sanjaykumar/Desktop/Newfolder/VideoCallApp/ios/Pods/Headers/Public/RCTSwiftUIWrapper -Xcc -I/Users/sanjaykumar/Desktop/Newfolder/VideoCallApp/ios/Pods/Headers/Public/RCTTypeSafety -Xcc -I/Users/sanjaykumar/Desktop/Newfolder/VideoCallApp/ios/Pods/Headers/Public/React-Core-prebuilt -Xcc -I/Users/sanjaykumar/Desktop/Newfolder/VideoCallApp/ios/Pods/Headers/Public/React-CoreModules -Xcc -I/Users/sanjaykumar/Desktop/Newfolder/VideoCallApp/ios/Pods/Headers/Public/React-Fabric -Xcc -I/Users/sanjaykumar/Desktop/Newfolder/VideoCallApp/ios/Pods/Headers/Public/React-FabricComponents -Xcc -I/Users/sanjaykumar/Desktop/Newfolder/VideoCallApp/ios/Pods/Headers/Public/React-FabricImage -Xcc -I/Users/sanjaykumar/Desktop/Newfolder/VideoCallApp/ios/Pods/Headers/Public/React-ImageManager -Xcc -I/Users/sanjaykumar/Desktop/Newfolder/VideoCallApp/ios/Pods/Headers/Public/React-Mapbuffer -Xcc -I/Users/sanjaykumar/Desktop/Newfolder/VideoCallApp/ios/Pods/Headers/Public/React-NativeModulesApple -Xcc -I/Users/sanjaykumar/Desktop/Newfolder/VideoCallApp/ios/Pods/Headers/Public/React-RCTAnimatedModuleProvider -Xcc -I/Users/sanjaykumar/Desktop/Newfolder/VideoCallApp/ios/Pods/Headers/Public/React-RCTAnimation -Xcc -I/Users/sanjaykumar/Desktop/Newfolder/VideoCallApp/ios/Pods/Headers/Public/React-RCTAppDelegate -Xcc -I/Users/sanjaykumar/Desktop/Newfolder/VideoCallApp/ios/Pods/Headers/Public/React-RCTBlob -Xcc -I/Users/sanjaykumar/Desktop/Newfolder/VideoCallApp/ios/Pods/Headers/Public/React-RCTFBReactNativeSpec -Xcc -I/Users/sanjaykumar/Desktop/Newfolder/VideoCallApp/ios/Pods/Headers/Public/React-RCTFabric -Xcc -I/Users/sanjaykumar/Desktop/Newfolder/VideoCallApp/ios/Pods/Headers/Public/React-RCTImage -Xcc -I/Users/sanjaykumar/Desktop/Newfolder/VideoCallApp/ios/Pods/Headers/Public/React-RCTSettings -Xcc -I/Users/sanjaykumar/Desktop/Newfolder/VideoCallApp/ios/Pods/Headers/Public/React-RCTText -Xcc -I/Users/sanjaykumar/Desktop/Newfolder/VideoCallApp/ios/Pods/Headers/Public/React-RCTVibration -Xcc -I/Users/sanjaykumar/Desktop/Newfolder/VideoCallApp/ios/Pods/Headers/Public/React-RuntimeApple -Xcc -I/Users/sanjaykumar/Desktop/Newfolder/VideoCallApp/ios/Pods/Headers/Public/React-RuntimeCore -Xcc -I/Users/sanjaykumar/Desktop/Newfolder/VideoCallApp/ios/Pods/Headers/Public/React-RuntimeHermes -Xcc -I/Users/sanjaykumar/Desktop/Newfolder/VideoCallApp/ios/Pods/Headers/Public/React-bridging -Xcc -I/Users/sanjaykumar/Desktop/Newfolder/VideoCallApp/ios/Pods/Headers/Public/React-callinvoker -Xcc -I/Users/sanjaykumar/Desktop/Newfolder/VideoCallApp/ios/Pods/Headers/Public/React-cxxreact -Xcc -I/Users/sanjaykumar/Desktop/Newfolder/VideoCallApp/ios/Pods/Headers/Public/React-cxxstableapi -Xcc -I/Users/sanjaykumar/Desktop/Newfolder/VideoCallApp/ios/Pods/Headers/Public/React-debug -Xcc -I/Users/sanjaykumar/Desktop/Newfolder/VideoCallApp/ios/Pods/Headers/Public/React-defaultsnativemodule -Xcc -I/Users/sanjaykumar/Desktop/Newfolder/VideoCallApp/ios/Pods/Headers/Public/React-domnativemodule -Xcc -I/Users/sanjaykumar/Desktop/Newfolder/VideoCallApp/ios/Pods/Headers/Public/React-featureflags -Xcc -I/Users/sanjaykumar/Desktop/Newfolder/VideoCallApp/ios/Pods/Headers/Public/React-featureflagsnativemodule -Xcc -I/Users/sanjaykumar/Desktop/Newfolder/VideoCallApp/ios/Pods/Headers/Public/React-graphics -Xcc -I/Users/sanjaykumar/Desktop/Newfolder/VideoCallApp/ios/Pods/Headers/Public/React-hermes -Xcc -I/Users/sanjaykumar/Desktop/Newfolder/VideoCallApp/ios/Pods/Headers/Public/React-idlecallbacksnativemodule -Xcc -I/Users/sanjaykumar/Desktop/Newfolder/VideoCallApp/ios/Pods/Headers/Public/React-intersectionobservernativemodule -Xcc -I/Users/sanjaykumar/Desktop/Newfolder/VideoCallApp/ios/Pods/Headers/Public/React-jserrorhandler -Xcc -I/Users/sanjaykumar/Desktop/Newfolder/VideoCallApp/ios/Pods/Headers/Public/React-jsi -Xcc -I/Users/sanjaykumar/Desktop/Newfolder/VideoCallApp/ios/Pods/Headers/Public/React-jsiexecutor -Xcc -I/Users/sanjaykumar/Desktop/Newfolder/VideoCallApp/ios/Pods/Headers/Public/React-jsinspector -Xcc -I/Users/sanjaykumar/Desktop/Newfolder/VideoCallApp/ios/Pods/Headers/Public/React-jsinspectorcdp -Xcc -I/Users/sanjaykumar/Desktop/Newfolder/VideoCallApp/ios/Pods/Headers/Public/React-jsinspectornetwork -Xcc -I/Users/sanjaykumar/Desktop/Newfolder/VideoCallApp/ios/Pods/Headers/Public/React-jsinspectortracing -Xcc -I/Users/sanjaykumar/Desktop/Newfolder/VideoCallApp/ios/Pods/Headers/Public/React-jsitooling -Xcc -I/Users/sanjaykumar/Desktop/Newfolder/VideoCallApp/ios/Pods/Headers/Public/React-logger -Xcc -I/Users/sanjaykumar/Desktop/Newfolder/VideoCallApp/ios/Pods/Headers/Public/React-microtasksnativemodule -Xcc -I/Users/sanjaykumar/Desktop/Newfolder/VideoCallApp/ios/Pods/Headers/Public/React-mutationobservernativemodule -Xcc -I/Users/sanjaykumar/Desktop/Newfolder/VideoCallApp/ios/Pods/Headers/Public/React-networking -Xcc -I/Users/sanjaykumar/Desktop/Newfolder/VideoCallApp/ios/Pods/Headers/Public/React-oscompat -Xcc -I/Users/sanjaykumar/Desktop/Newfolder/VideoCallApp/ios/Pods/Headers/Public/React-perflogger -Xcc -I/Users/sanjaykumar/Desktop/Newfolder/VideoCallApp/ios/Pods/Headers/Public/React-performancecdpmetrics -Xcc -I/Users/sanjaykumar/Desktop/Newfolder/VideoCallApp/ios/Pods/Headers/Public/React-performancetimeline -Xcc -I/Users/sanjaykumar/Desktop/Newfolder/VideoCallApp/ios/Pods/Headers/Public/React-rendererconsistency -Xcc -I/Users/sanjaykumar/Desktop/Newfolder/VideoCallApp/ios/Pods/Headers/Public/React-renderercss -Xcc -I/Users/sanjaykumar/Desktop/Newfolder/VideoCallApp/ios/Pods/Headers/Public/React-rendererdebug -Xcc -I/Users/sanjaykumar/Desktop/Newfolder/VideoCallApp/ios/Pods/Headers/Public/React-runtimeexecutor -Xcc -I/Users/sanjaykumar/Desktop/Newfolder/VideoCallApp/ios/Pods/Headers/Public/React-runtimescheduler -Xcc -I/Users/sanjaykumar/Desktop/Newfolder/VideoCallApp/ios/Pods/Headers/Public/React-timing -Xcc -I/Users/sanjaykumar/Desktop/Newfolder/VideoCallApp/ios/Pods/Headers/Public/React-utils -Xcc -I/Users/sanjaykumar/Desktop/Newfolder/VideoCallApp/ios/Pods/Headers/Public/React-viewtransitionnativemodule -Xcc -I/Users/sanjaykumar/Desktop/Newfolder/VideoCallApp/ios/Pods/Headers/Public/React-webperformancenativemodule -Xcc -I/Users/sanjaykumar/Desktop/Newfolder/VideoCallApp/ios/Pods/Headers/Public/ReactAppDependencyProvider -Xcc -I/Users/sanjaykumar/Desktop/Newfolder/VideoCallApp/ios/Pods/Headers/Public/ReactCodegen -Xcc -I/Users/sanjaykumar/Desktop/Newfolder/VideoCallApp/ios/Pods/Headers/Public/ReactCommon -Xcc -I/Users/sanjaykumar/Desktop/Newfolder/VideoCallApp/ios/Pods/Headers/Public/ReactNativeDependencies -Xcc -I/Users/sanjaykumar/Desktop/Newfolder/VideoCallApp/ios/Pods/Headers/Public/hermes-engine -Xcc -I/Users/sanjaykumar/Desktop/Newfolder/VideoCallApp/ios/Pods/Headers/Public/react-native-bottom-tabs -Xcc -I/Users/sanjaykumar/Desktop/Newfolder/VideoCallApp/ios/Pods/Headers/Public/react-native-safe-area-context -Xcc -I/Users/sanjaykumar/Desktop/Newfolder/VideoCallApp/ios/Pods/Headers/Private/React-Core -Xcc -I/Users/sanjaykumar/Desktop/Newfolder/VideoCallApp/ios/Pods/Headers/Private/Yoga -Xcc -I/Users/sanjaykumar/Desktop/Newfolder/VideoCallApp/ios/Pods/React-Core-prebuilt/Headers -Xcc -I/Users/sanjaykumar/Desktop/Newfolder/VideoCallApp/ios/Pods/ReactNativeDependencies/Headers -Xcc -I/Users/sanjaykumar/Library/Developer/Xcode/DerivedData/VideoCallApp-evcapdoyusxvykgansyblgyjxatu/Build/Intermediates.noindex/VideoCallApp.build/Debug-iphonesimulator/VideoCallApp.build/DerivedSources-normal/arm64 -Xcc -I/Users/sanjaykumar/Library/Developer/Xcode/DerivedData/VideoCallApp-evcapdoyusxvykgansyblgyjxatu/Build/Intermediates.noindex/VideoCallApp.build/Debug-iphonesimulator/VideoCallApp.build/DerivedSources/arm64 -Xcc -I/Users/sanjaykumar/Library/Developer/Xcode/DerivedData/VideoCallApp-evcapdoyusxvykgansyblgyjxatu/Build/Intermediates.noindex/VideoCallApp.build/Debug-iphonesimulator/VideoCallApp.build/DerivedSources -Xcc -DDEBUG\=1 -Xcc -DCOCOAPODS\=1 -emit-objc-header -emit-objc-header-path /Users/sanjaykumar/Library/Developer/Xcode/DerivedData/VideoCallApp-evcapdoyusxvykgansyblgyjxatu/Build/Intermediates.noindex/VideoCallApp.build/Debug-iphonesimulator/VideoCallApp.build/Objects-normal/arm64/VideoCallApp-Swift.h -working-directory /Users/sanjaykumar/Desktop/Newfolder/VideoCallApp/ios -experimental-emit-module-separately -disable-cmo

CreateUniversalBinary /Users/sanjaykumar/Library/Developer/Xcode/DerivedData/VideoCallApp-evcapdoyusxvykgansyblgyjxatu/Build/Products/Debug-iphonesimulator/VideoCallApp.app/__preview.dylib normal arm64\ x86_64 (in target 'VideoCallApp' from project 'VideoCallApp')
    cd /Users/sanjaykumar/Desktop/Newfolder/VideoCallApp/ios
    /Applications/Xcode.app/Contents/Developer/Toolchains/XcodeDefault.xctoolchain/usr/bin/lipo -create /Users/sanjaykumar/Library/Developer/Xcode/DerivedData/VideoCallApp-evcapdoyusxvykgansyblgyjxatu/Build/Intermediates.noindex/VideoCallApp.build/Debug-iphonesimulator/VideoCallApp.build/Objects-normal/arm64/Binary/__preview.dylib /Users/sanjaykumar/Library/Developer/Xcode/DerivedData/VideoCallApp-evcapdoyusxvykgansyblgyjxatu/Build/Intermediates.noindex/VideoCallApp.build/Debug-iphonesimulator/VideoCallApp.build/Objects-normal/x86_64/Binary/__preview.dylib -output /Users/sanjaykumar/Library/Developer/Xcode/DerivedData/VideoCallApp-evcapdoyusxvykgansyblgyjxatu/Build/Products/Debug-iphonesimulator/VideoCallApp.app/__preview.dylib

SwiftExplicitDependencyGeneratePcm x86_64 /Users/sanjaykumar/Library/Developer/Xcode/DerivedData/ModuleCache.noindex/ptrcheck-4G72FOQ2RZMNCWHB30PY3XUN7.pcm

SwiftExplicitDependencyGeneratePcm x86_64 /Users/sanjaykumar/Library/Developer/Xcode/DerivedData/ModuleCache.noindex/SwiftShims-6QYV6XTKNEZRLE3GB3EBCCW3U.pcm

SwiftExplicitDependencyGeneratePcm x86_64 /Users/sanjaykumar/Library/Developer/Xcode/DerivedData/ModuleCache.noindex/_Builtin_float-83JO4Z1SBDL6NKEC96B23FHQO.pcm

SwiftExplicitDependencyGeneratePcm x86_64 /Users/sanjaykumar/Library/Developer/Xcode/DerivedData/ModuleCache.noindex/_Builtin_stddef-DQ03LQQN3UEHJQ5JHELFV4ADM.pcm

SwiftExplicitDependencyGeneratePcm x86_64 /Users/sanjaykumar/Library/Developer/Xcode/DerivedData/ModuleCache.noindex/_Builtin_stdarg-6D79EORMAUVTOAF70JUBKVUD1.pcm

SwiftExplicitDependencyGeneratePcm x86_64 /Users/sanjaykumar/Library/Developer/Xcode/DerivedData/ModuleCache.noindex/_Builtin_stdbool-1NBR0R6QG213NUTAOQE6IXFLR.pcm

SwiftExplicitDependencyGeneratePcm x86_64 /Users/sanjaykumar/Library/Developer/Xcode/DerivedData/VideoCallApp-evcapdoyusxvykgansyblgyjxatu/Build/Intermediates.noindex/SwiftExplicitPrecompiledModules/RCTDeprecation-9SFIVWL1S91UJU4YWJKX31WFF.pcm

SwiftExplicitDependencyGeneratePcm x86_64 /Users/sanjaykumar/Library/Developer/Xcode/DerivedData/ModuleCache.noindex/_SwiftConcurrencyShims-AH4A5U5IAT18LGX3QP5WKPQJD.pcm

SwiftExplicitDependencyGeneratePcm arm64 /Users/sanjaykumar/Library/Developer/Xcode/DerivedData/VideoCallApp-evcapdoyusxvykgansyblgyjxatu/Build/Intermediates.noindex/SwiftExplicitPrecompiledModules/RCTDeprecation-AERNBHWRMG4BRRWCRSN6Z2RXS.pcm

SwiftExplicitDependencyGeneratePcm arm64 /Users/sanjaykumar/Library/Developer/Xcode/DerivedData/VideoCallApp-evcapdoyusxvykgansyblgyjxatu/Build/Intermediates.noindex/SwiftExplicitPrecompiledModules/yoga-4M2QBDD3AGK7JW7KDR5NZ1HHC.pcm

SwiftExplicitDependencyGeneratePcm x86_64 /Users/sanjaykumar/Library/Developer/Xcode/DerivedData/ModuleCache.noindex/_AvailabilityInternal-A746IC1V55HE9WN56I4M2R47N.pcm

SwiftExplicitDependencyGeneratePcm x86_64 /Users/sanjaykumar/Library/Developer/Xcode/DerivedData/VideoCallApp-evcapdoyusxvykgansyblgyjxatu/Build/Intermediates.noindex/SwiftExplicitPrecompiledModules/ReactNativeHeaders_react-BK4XJVYL8N5MROS3LPZDOPZ4U.pcm

SwiftExplicitDependencyGeneratePcm arm64 /Users/sanjaykumar/Library/Developer/Xcode/DerivedData/VideoCallApp-evcapdoyusxvykgansyblgyjxatu/Build/Intermediates.noindex/SwiftExplicitPrecompiledModules/ReactNativeHeaders_react-AD2G931QZF0ZE304OD1B8IJ4N.pcm

SwiftExplicitDependencyGeneratePcm x86_64 /Users/sanjaykumar/Library/Developer/Xcode/DerivedData/ModuleCache.noindex/ptrauth-EX64OB5QHHPZKHMN5QE4W6V4F.pcm

SwiftExplicitDependencyGeneratePcm arm64 /Users/sanjaykumar/Library/Developer/Xcode/DerivedData/VideoCallApp-evcapdoyusxvykgansyblgyjxatu/Build/Intermediates.noindex/SwiftExplicitPrecompiledModules/ReactAppDependencyProvider-AHL31IU2P181EK2L4CKA95NJS.pcm

SwiftExplicitDependencyGeneratePcm x86_64 /Users/sanjaykumar/Library/Developer/Xcode/DerivedData/ModuleCache.noindex/DeveloperToolsSupport-5MOZ97WDJV93DDWOC294IREUJ.pcm

SwiftExplicitDependencyGeneratePcm x86_64 /Users/sanjaykumar/Library/Developer/Xcode/DerivedData/ModuleCache.noindex/_DarwinFoundation1-DFL8HO1VPL766I4RBAXHRMQWJ.pcm

SwiftExplicitDependencyGeneratePcm arm64 /Users/sanjaykumar/Library/Developer/Xcode/DerivedData/VideoCallApp-evcapdoyusxvykgansyblgyjxatu/Build/Intermediates.noindex/SwiftExplicitPrecompiledModules/React-8YGV49DUXI9YTJGJTVSB8X7OA.pcm
<module-includes>:1:9: note: in file included from <module-includes>:1:
1 | #import "Headers/React-umbrella.h"
  |         `- note: in file included from <module-includes>:1:
2 | #import "Headers/RCTBridge+Private.h"
3 | 

/Users/sanjaykumar/Library/Developer/Xcode/DerivedData/VideoCallApp-evcapdoyusxvykgansyblgyjxatu/Build/Products/Debug-iphonesimulator/XCFrameworkIntermediates/React-Core-prebuilt/React.framework/Headers/React-umbrella.h:84:9: note: in file included from /Users/sanjaykumar/Library/Developer/Xcode/DerivedData/VideoCallApp-evcapdoyusxvykgansyblgyjxatu/Build/Products/Debug-iphonesimulator/XCFrameworkIntermediates/React-Core-prebuilt/React.framework/Headers/React-umbrella.h:84:
 82 | #import <React/RCTGIFImageDecoder.h>
 83 | #import <React/RCTGenericDelegateSplitter.h>
 84 | #import <React/RCTHTTPRequestHandler.h>
    |         `- note: in file included from /Users/sanjaykumar/Library/Developer/Xcode/DerivedData/VideoCallApp-evcapdoyusxvykgansyblgyjxatu/Build/Products/Debug-iphonesimulator/XCFrameworkIntermediates/React-Core-prebuilt/React.framework/Headers/React-umbrella.h:84:
 85 | #import <React/RCTHermesInstanceFactory.h>
 86 | #import <React/RCTI18nManager.h>

/Users/sanjaykumar/Library/Developer/Xcode/DerivedData/VideoCallApp-evcapdoyusxvykgansyblgyjxatu/Build/Products/Debug-iphonesimulator/XCFrameworkIntermediates/React-Core-prebuilt/React.framework/Headers/RCTHTTPRequestHandler.h:16:63: warning: block pointer is missing a nullability type specifier (_Nonnull, _Nullable, or _Null_unspecified)
14 |  * app.
15 |  */
16 | RCT_EXTERN void RCTSetCustomNSURLSessionConfigurationProvider(NSURLSessionConfigurationProvider /*provider*/);
   |                                                               |- warning: block pointer is missing a nullability type specifier (_Nonnull, _Nullable, or _Null_unspecified)
   |                                                               |- note: insert '_Nullable' if the block pointer may be null
   |                                                               `- note: insert '_Nonnull' if the block pointer should never be null
17 | 
18 | typedef NSURLRequest *_Nullable (^RCTHTTPRequestInterceptor)(NSURLRequest *request);

<module-includes>:1:9: note: in file included from <module-includes>:1:
1 | #import "Headers/React-umbrella.h"
  |         `- note: in file included from <module-includes>:1:
2 | #import "Headers/RCTBridge+Private.h"
3 | 

/Users/sanjaykumar/Library/Developer/Xcode/DerivedData/VideoCallApp-evcapdoyusxvykgansyblgyjxatu/Build/Products/Debug-iphonesimulator/XCFrameworkIntermediates/React-Core-prebuilt/React.framework/Headers/React-umbrella.h:84:9: note: in file included from /Users/sanjaykumar/Library/Developer/Xcode/DerivedData/VideoCallApp-evcapdoyusxvykgansyblgyjxatu/Build/Products/Debug-iphonesimulator/XCFrameworkIntermediates/React-Core-prebuilt/React.framework/Headers/React-umbrella.h:84:
 82 | #import <React/RCTGIFImageDecoder.h>
 83 | #import <React/RCTGenericDelegateSplitter.h>
 84 | #import <React/RCTHTTPRequestHandler.h>
    |         `- note: in file included from /Users/sanjaykumar/Library/Developer/Xcode/DerivedData/VideoCallApp-evcapdoyusxvykgansyblgyjxatu/Build/Products/Debug-iphonesimulator/XCFrameworkIntermediates/React-Core-prebuilt/React.framework/Headers/React-umbrella.h:84:
 85 | #import <React/RCTHermesInstanceFactory.h>
 86 | #import <React/RCTI18nManager.h>

/Users/sanjaykumar/Library/Developer/Xcode/DerivedData/VideoCallApp-evcapdoyusxvykgansyblgyjxatu/Build/Products/Debug-iphonesimulator/XCFrameworkIntermediates/React-Core-prebuilt/React.framework/Headers/RCTHTTPRequestHandler.h:18:75: warning: pointer is missing a nullability type specifier (_Nonnull, _Nullable, or _Null_unspecified)
16 | RCT_EXTERN void RCTSetCustomNSURLSessionConfigurationProvider(NSURLSessionConfigurationProvider /*provider*/);
17 | 
18 | typedef NSURLRequest *_Nullable (^RCTHTTPRequestInterceptor)(NSURLRequest *request);
   |                                                                           |- warning: pointer is missing a nullability type specifier (_Nonnull, _Nullable, or _Null_unspecified)
   |                                                                           |- note: insert '_Nullable' if the pointer may be null
   |                                                                           `- note: insert '_Nonnull' if the pointer should never be null
19 | /**
20 |  * The block provided via this function can inspect/modify HTTP requests before

<module-includes>:1:9: note: in file included from <module-includes>:1:
1 | #import "Headers/React-umbrella.h"
  |         `- note: in file included from <module-includes>:1:
2 | #import "Headers/RCTBridge+Private.h"
3 | 

/Users/sanjaykumar/Library/Developer/Xcode/DerivedData/VideoCallApp-evcapdoyusxvykgansyblgyjxatu/Build/Products/Debug-iphonesimulator/XCFrameworkIntermediates/React-Core-prebuilt/React.framework/Headers/React-umbrella.h:84:9: note: in file included from /Users/sanjaykumar/Library/Developer/Xcode/DerivedData/VideoCallApp-evcapdoyusxvykgansyblgyjxatu/Build/Products/Debug-iphonesimulator/XCFrameworkIntermediates/React-Core-prebuilt/React.framework/Headers/React-umbrella.h:84:
 82 | #import <React/RCTGIFImageDecoder.h>
 83 | #import <React/RCTGenericDelegateSplitter.h>
 84 | #import <React/RCTHTTPRequestHandler.h>
    |         `- note: in file included from /Users/sanjaykumar/Library/Developer/Xcode/DerivedData/VideoCallApp-evcapdoyusxvykgansyblgyjxatu/Build/Products/Debug-iphonesimulator/XCFrameworkIntermediates/React-Core-prebuilt/React.framework/Headers/React-umbrella.h:84:
 85 | #import <React/RCTHermesInstanceFactory.h>
 86 | #import <React/RCTI18nManager.h>

/Users/sanjaykumar/Library/Developer/Xcode/DerivedData/VideoCallApp-evcapdoyusxvykgansyblgyjxatu/Build/Products/Debug-iphonesimulator/XCFrameworkIntermediates/React-Core-prebuilt/React.framework/Headers/RCTHTTPRequestHandler.h:24:52: warning: block pointer is missing a nullability type specifier (_Nonnull, _Nullable, or _Null_unspecified)
22 |  * original request unchanged.
23 |  */
24 | RCT_EXTERN void RCTSetCustomHTTPRequestInterceptor(RCTHTTPRequestInterceptor /*interceptor*/);
   |                                                    |- warning: block pointer is missing a nullability type specifier (_Nonnull, _Nullable, or _Null_unspecified)
   |                                                    |- note: insert '_Nullable' if the block pointer may be null
   |                                                    `- note: insert '_Nonnull' if the block pointer should never be null
25 | 
26 | /**

<module-includes>:1:9: note: in file included from <module-includes>:1:
1 | #import "Headers/React-umbrella.h"
  |         `- note: in file included from <module-includes>:1:
2 | #import "Headers/RCTBridge+Private.h"
3 | 

/Users/sanjaykumar/Library/Developer/Xcode/DerivedData/VideoCallApp-evcapdoyusxvykgansyblgyjxatu/Build/Products/Debug-iphonesimulator/XCFrameworkIntermediates/React-Core-prebuilt/React.framework/Headers/React-umbrella.h:136:9: note: in file included from /Users/sanjaykumar/Library/Developer/Xcode/DerivedData/VideoCallApp-evcapdoyusxvykgansyblgyjxatu/Build/Products/Debug-iphonesimulator/XCFrameworkIntermediates/React-Core-prebuilt/React.framework/Headers/React-umbrella.h:136:
134 | #import <React/RCTModuleMethod.h>
135 | #import <React/RCTModuloAnimatedNode.h>
136 | #import <React/RCTMultipartDataTask.h>
    |         `- note: in file included from /Users/sanjaykumar/Library/Developer/Xcode/DerivedData/VideoCallApp-evcapdoyusxvykgansyblgyjxatu/Build/Products/Debug-iphonesimulator/XCFrameworkIntermediates/React-Core-prebuilt/React.framework/Headers/React-umbrella.h:136:
137 | #import <React/RCTMultipartStreamReader.h>
138 | #import <React/RCTMultiplicationAnimatedNode.h>

/Users/sanjaykumar/Library/Developer/Xcode/DerivedData/VideoCallApp-evcapdoyusxvykgansyblgyjxatu/Build/Products/Debug-iphonesimulator/XCFrameworkIntermediates/React-Core-prebuilt/React.framework/Headers/RCTMultipartDataTask.h:15:18: warning: pointer is missing a nullability type specifier (_Nonnull, _Nullable, or _Null_unspecified)
13 | typedef void (^RCTMultipartDataTaskCallback)(
14 |     NSInteger statusCode,
15 |     NSDictionary *headers,
   |                  |- warning: pointer is missing a nullability type specifier (_Nonnull, _Nullable, or _Null_unspecified)
   |                  |- note: insert '_Nullable' if the pointer may be null
   |                  `- note: insert '_Nonnull' if the pointer should never be null
16 |     NSData *content,
17 |     NSError *error,

<module-includes>:1:9: note: in file included from <module-includes>:1:
1 | #import "Headers/React-umbrella.h"
  |         `- note: in file included from <module-includes>:1:
2 | #import "Headers/RCTBridge+Private.h"
3 | 

/Users/sanjaykumar/Library/Developer/Xcode/DerivedData/VideoCallApp-evcapdoyusxvykgansyblgyjxatu/Build/Products/Debug-iphonesimulator/XCFrameworkIntermediates/React-Core-prebuilt/React.framework/Headers/React-umbrella.h:136:9: note: in file included from /Users/sanjaykumar/Library/Developer/Xcode/DerivedData/VideoCallApp-evcapdoyusxvykgansyblgyjxatu/Build/Products/Debug-iphonesimulator/XCFrameworkIntermediates/React-Core-prebuilt/React.framework/Headers/React-umbrella.h:136:
134 | #import <React/RCTModuleMethod.h>
135 | #import <React/RCTModuloAnimatedNode.h>
136 | #import <React/RCTMultipartDataTask.h>
    |         `- note: in file included from /Users/sanjaykumar/Library/Developer/Xcode/DerivedData/VideoCallApp-evcapdoyusxvykgansyblgyjxatu/Build/Products/Debug-iphonesimulator/XCFrameworkIntermediates/React-Core-prebuilt/React.framework/Headers/React-umbrella.h:136:
137 | #import <React/RCTMultipartStreamReader.h>
138 | #import <React/RCTMultiplicationAnimatedNode.h>

/Users/sanjaykumar/Library/Developer/Xcode/DerivedData/VideoCallApp-evcapdoyusxvykgansyblgyjxatu/Build/Products/Debug-iphonesimulator/XCFrameworkIntermediates/React-Core-prebuilt/React.framework/Headers/RCTMultipartDataTask.h:26:65: warning: block pointer is missing a nullability type specifier (_Nonnull, _Nullable, or _Null_unspecified)
24 |  * to use the original request unchanged.
25 |  */
26 | RCT_EXTERN void RCTSetCustomMultipartDataTaskRequestInterceptor(RCTMultipartDataTaskRequestInterceptor /*interceptor*/);
   |                                                                 |- warning: block pointer is missing a nullability type specifier (_Nonnull, _Nullable, or _Null_unspecified)
   |                                                                 |- note: insert '_Nullable' if the block pointer may be null
   |                                                                 `- note: insert '_Nonnull' if the block pointer should never be null
27 | 
28 | @interface RCTMultipartDataTask : NSObject

<module-includes>:1:9: note: in file included from <module-includes>:1:
1 | #import "Headers/React-umbrella.h"
  |         `- note: in file included from <module-includes>:1:
2 | #import "Headers/RCTBridge+Private.h"
3 | 

/Users/sanjaykumar/Library/Developer/Xcode/DerivedData/VideoCallApp-evcapdoyusxvykgansyblgyjxatu/Build/Products/Debug-iphonesimulator/XCFrameworkIntermediates/React-Core-prebuilt/React.framework/Headers/React-umbrella.h:136:9: note: in file included from /Users/sanjaykumar/Library/Developer/Xcode/DerivedData/VideoCallApp-evcapdoyusxvykgansyblgyjxatu/Build/Products/Debug-iphonesimulator/XCFrameworkIntermediates/React-Core-prebuilt/React.framework/Headers/React-umbrella.h:136:
134 | #import <React/RCTModuleMethod.h>
135 | #import <React/RCTModuloAnimatedNode.h>
136 | #import <React/RCTMultipartDataTask.h>
    |         `- note: in file included from /Users/sanjaykumar/Library/Developer/Xcode/DerivedData/VideoCallApp-evcapdoyusxvykgansyblgyjxatu/Build/Products/Debug-iphonesimulator/XCFrameworkIntermediates/React-Core-prebuilt/React.framework/Headers/React-umbrella.h:136:
137 | #import <React/RCTMultipartStreamReader.h>
138 | #import <React/RCTMultiplicationAnimatedNode.h>

/Users/sanjaykumar/Library/Developer/Xcode/DerivedData/VideoCallApp-evcapdoyusxvykgansyblgyjxatu/Build/Products/Debug-iphonesimulator/XCFrameworkIntermediates/React-Core-prebuilt/React.framework/Headers/RCTMultipartDataTask.h:30:4: warning: pointer is missing a nullability type specifier (_Nonnull, _Nullable, or _Null_unspecified)
28 | @interface RCTMultipartDataTask : NSObject
29 | 
30 | - (instancetype)initWithURL:(NSURL *)url
   |    |- warning: pointer is missing a nullability type specifier (_Nonnull, _Nullable, or _Null_unspecified)
   |    |- note: insert '_Nullable' if the pointer may be null
   |    `- note: insert '_Nonnull' if the pointer should never be null
31 |                 partHandler:(RCTMultipartDataTaskCallback)partHandler
32 |             progressHandler:(RCTMultipartProgressCallback)progressHandler;

<module-includes>:1:9: note: in file included from <module-includes>:1:
1 | #import "Headers/React-umbrella.h"
  |         `- note: in file included from <module-includes>:1:
2 | #import "Headers/RCTBridge+Private.h"
3 | 

/Users/sanjaykumar/Library/Developer/Xcode/DerivedData/VideoCallApp-evcapdoyusxvykgansyblgyjxatu/Build/Products/Debug-iphonesimulator/XCFrameworkIntermediates/React-Core-prebuilt/React.framework/Headers/React-umbrella.h:136:9: note: in file included from /Users/sanjaykumar/Library/Developer/Xcode/DerivedData/VideoCallApp-evcapdoyusxvykgansyblgyjxatu/Build/Products/Debug-iphonesimulator/XCFrameworkIntermediates/React-Core-prebuilt/React.framework/Headers/React-umbrella.h:136:
134 | #import <React/RCTModuleMethod.h>
135 | #import <React/RCTModuloAnimatedNode.h>
136 | #import <React/RCTMultipartDataTask.h>
    |         `- note: in file included from /Users/sanjaykumar/Library/Developer/Xcode/DerivedData/VideoCallApp-evcapdoyusxvykgansyblgyjxatu/Build/Products/Debug-iphonesimulator/XCFrameworkIntermediates/React-Core-prebuilt/React.framework/Headers/React-umbrella.h:136:
137 | #import <React/RCTMultipartStreamReader.h>
138 | #import <React/RCTMultiplicationAnimatedNode.h>

/Users/sanjaykumar/Library/Developer/Xcode/DerivedData/VideoCallApp-evcapdoyusxvykgansyblgyjxatu/Build/Products/Debug-iphonesimulator/XCFrameworkIntermediates/React-Core-prebuilt/React.framework/Headers/RCTMultipartDataTask.h:30:36: warning: pointer is missing a nullability type specifier (_Nonnull, _Nullable, or _Null_unspecified)
28 | @interface RCTMultipartDataTask : NSObject
29 | 
30 | - (instancetype)initWithURL:(NSURL *)url
   |                                    |- warning: pointer is missing a nullability type specifier (_Nonnull, _Nullable, or _Null_unspecified)
   |                                    |- note: insert '_Nullable' if the pointer may be null
   |                                    `- note: insert '_Nonnull' if the pointer should never be null
31 |                 partHandler:(RCTMultipartDataTaskCallback)partHandler
32 |             progressHandler:(RCTMultipartProgressCallback)progressHandler;

<module-includes>:1:9: note: in file included from <module-includes>:1:
1 | #import "Headers/React-umbrella.h"
  |         `- note: in file included from <module-includes>:1:
2 | #import "Headers/RCTBridge+Private.h"
3 | 

/Users/sanjaykumar/Library/Developer/Xcode/DerivedData/VideoCallApp-evcapdoyusxvykgansyblgyjxatu/Build/Products/Debug-iphonesimulator/XCFrameworkIntermediates/React-Core-prebuilt/React.framework/Headers/React-umbrella.h:136:9: note: in file included from /Users/sanjaykumar/Library/Developer/Xcode/DerivedData/VideoCallApp-evcapdoyusxvykgansyblgyjxatu/Build/Products/Debug-iphonesimulator/XCFrameworkIntermediates/React-Core-prebuilt/React.framework/Headers/React-umbrella.h:136:
134 | #import <React/RCTModuleMethod.h>
135 | #import <React/RCTModuloAnimatedNode.h>
136 | #import <React/RCTMultipartDataTask.h>
    |         `- note: in file included from /Users/sanjaykumar/Library/Developer/Xcode/DerivedData/VideoCallApp-evcapdoyusxvykgansyblgyjxatu/Build/Products/Debug-iphonesimulator/XCFrameworkIntermediates/React-Core-prebuilt/React.framework/Headers/React-umbrella.h:136:
137 | #import <React/RCTMultipartStreamReader.h>
138 | #import <React/RCTMultiplicationAnimatedNode.h>

/Users/sanjaykumar/Library/Developer/Xcode/DerivedData/VideoCallApp-evcapdoyusxvykgansyblgyjxatu/Build/Products/Debug-iphonesimulator/XCFrameworkIntermediates/React-Core-prebuilt/React.framework/Headers/RCTMultipartDataTask.h:31:30: warning: block pointer is missing a nullability type specifier (_Nonnull, _Nullable, or _Null_unspecified)
29 | 
30 | - (instancetype)initWithURL:(NSURL *)url
31 |                 partHandler:(RCTMultipartDataTaskCallback)partHandler
   |                              |- warning: block pointer is missing a nullability type specifier (_Nonnull, _Nullable, or _Null_unspecified)
   |                              |- note: insert '_Nullable' if the block pointer may be null
   |                              `- note: insert '_Nonnull' if the block pointer should never be null
32 |             progressHandler:(RCTMultipartProgressCallback)progressHandler;
33 | 

<module-includes>:1:9: note: in file included from <module-includes>:1:
1 | #import "Headers/React-umbrella.h"
  |         `- note: in file included from <module-includes>:1:
2 | #import "Headers/RCTBridge+Private.h"
3 | 

/Users/sanjaykumar/Library/Developer/Xcode/DerivedData/VideoCallApp-evcapdoyusxvykgansyblgyjxatu/Build/Products/Debug-iphonesimulator/XCFrameworkIntermediates/React-Core-prebuilt/React.framework/Headers/React-umbrella.h:136:9: note: in file included from /Users/sanjaykumar/Library/Developer/Xcode/DerivedData/VideoCallApp-evcapdoyusxvykgansyblgyjxatu/Build/Products/Debug-iphonesimulator/XCFrameworkIntermediates/React-Core-prebuilt/React.framework/Headers/React-umbrella.h:136:
134 | #import <React/RCTModuleMethod.h>
135 | #import <React/RCTModuloAnimatedNode.h>
136 | #import <React/RCTMultipartDataTask.h>
    |         `- note: in file included from /Users/sanjaykumar/Library/Developer/Xcode/DerivedData/VideoCallApp-evcapdoyusxvykgansyblgyjxatu/Build/Products/Debug-iphonesimulator/XCFrameworkIntermediates/React-Core-prebuilt/React.framework/Headers/React-umbrella.h:136:
137 | #import <React/RCTMultipartStreamReader.h>
138 | #import <React/RCTMultiplicationAnimatedNode.h>

/Users/sanjaykumar/Library/Developer/Xcode/DerivedData/VideoCallApp-evcapdoyusxvykgansyblgyjxatu/Build/Products/Debug-iphonesimulator/XCFrameworkIntermediates/React-Core-prebuilt/React.framework/Headers/RCTMultipartDataTask.h:32:30: warning: block pointer is missing a nullability type specifier (_Nonnull, _Nullable, or _Null_unspecified)
30 | - (instancetype)initWithURL:(NSURL *)url
31 |                 partHandler:(RCTMultipartDataTaskCallback)partHandler
32 |             progressHandler:(RCTMultipartProgressCallback)progressHandler;
   |                              |- warning: block pointer is missing a nullability type specifier (_Nonnull, _Nullable, or _Null_unspecified)
   |                              |- note: insert '_Nullable' if the block pointer may be null
   |                              `- note: insert '_Nonnull' if the block pointer should never be null
33 | 
34 | - (void)startTask;

<module-includes>:1:9: note: in file included from <module-includes>:1:
1 | #import "Headers/React-umbrella.h"
  |         `- note: in file included from <module-includes>:1:
2 | #import "Headers/RCTBridge+Private.h"
3 | 

/Users/sanjaykumar/Library/Developer/Xcode/DerivedData/VideoCallApp-evcapdoyusxvykgansyblgyjxatu/Build/Products/Debug-iphonesimulator/XCFrameworkIntermediates/React-Core-prebuilt/React.framework/Headers/React-umbrella.h:161:9: note: in file included from /Users/sanjaykumar/Library/Developer/Xcode/DerivedData/VideoCallApp-evcapdoyusxvykgansyblgyjxatu/Build/Products/Debug-iphonesimulator/XCFrameworkIntermediates/React-Core-prebuilt/React.framework/Headers/React-umbrella.h:161:
159 | #import <React/RCTPushNotificationManager.h>
160 | #import <React/RCTPushNotificationPlugins.h>
161 | #import <React/RCTReactTaggedView.h>
    |         `- note: in file included from /Users/sanjaykumar/Library/Developer/Xcode/DerivedData/VideoCallApp-evcapdoyusxvykgansyblgyjxatu/Build/Products/Debug-iphonesimulator/XCFrameworkIntermediates/React-Core-prebuilt/React.framework/Headers/React-umbrella.h:161:
162 | #import <React/RCTReconnectingWebSocket.h>
163 | #import <React/RCTRedBox.h>

/Users/sanjaykumar/Library/Developer/Xcode/DerivedData/VideoCallApp-evcapdoyusxvykgansyblgyjxatu/Build/Products/Debug-iphonesimulator/XCFrameworkIntermediates/React-Core-prebuilt/React.framework/Headers/RCTReactTaggedView.h:29:21: warning: conflicting nullability specifier on parameter types, 'nonnull' conflicts with existing specifier 'nullable'
27 | - (NSInteger)tag;
28 | 
29 | - (BOOL)isEqual:(id)other;
   |                     `- warning: conflicting nullability specifier on parameter types, 'nonnull' conflicts with existing specifier 'nullable'
30 | - (NSUInteger)hash;
31 | 

/Applications/Xcode.app/Contents/Developer/Platforms/iPhoneSimulator.platform/Developer/SDKs/iPhoneSimulator26.5.sdk/usr/include/objc/NSObject.h:17:21: note: previous declaration is here
 15 | @protocol NSObject
 16 | 
 17 | - (BOOL)isEqual:(id)object;
    |                     `- note: previous declaration is here
 18 | @property (readonly) NSUInteger hash;
 19 | 

<module-includes>:1:9: note: in file included from <module-includes>:1:
1 | #import "Headers/React-umbrella.h"
  |         `- note: in file included from <module-includes>:1:
2 | #import "Headers/RCTBridge+Private.h"
3 | 

/Users/sanjaykumar/Library/Developer/Xcode/DerivedData/VideoCallApp-evcapdoyusxvykgansyblgyjxatu/Build/Products/Debug-iphonesimulator/XCFrameworkIntermediates/React-Core-prebuilt/React.framework/Headers/React-umbrella.h:223:9: note: in file included from /Users/sanjaykumar/Library/Developer/Xcode/DerivedData/VideoCallApp-evcapdoyusxvykgansyblgyjxatu/Build/Products/Debug-iphonesimulator/XCFrameworkIntermediates/React-Core-prebuilt/React.framework/Headers/React-umbrella.h:223:
221 | #import <React/RCTViewUtils.h>
222 | #import <React/RCTVirtualViewContainerProtocol.h>
223 | #import <React/RCTWebSocketModule.h>
    |         `- note: in file included from /Users/sanjaykumar/Library/Developer/Xcode/DerivedData/VideoCallApp-evcapdoyusxvykgansyblgyjxatu/Build/Products/Debug-iphonesimulator/XCFrameworkIntermediates/React-Core-prebuilt/React.framework/Headers/React-umbrella.h:223:
224 | #import <React/RCTWrapperViewController.h>
225 | 

11 warnings generated.
/Users/sanjaykumar/Library/Developer/Xcode/DerivedData/VideoCallApp-evcapdoyusxvykgansyblgyjxatu/Build/Products/Debug-iphonesimulator/XCFrameworkIntermediates/React-Core-prebuilt/React.framework/Headers/RCTWebSocketModule.h:23:21: warning: pointer is missing a nullability type specifier (_Nonnull, _Nullable, or _Null_unspecified)
21 | @class SRWebSocket;
22 | 
23 | typedef SRWebSocket * (^SRWebSocketProvider)(NSURLRequest *request);
   |                     |- warning: pointer is missing a nullability type specifier (_Nonnull, _Nullable, or _Null_unspecified)
   |                     |- note: insert '_Nullable' if the pointer may be null
   |                     `- note: insert '_Nonnull' if the pointer should never be null
24 | 
25 | RCT_EXTERN void RCTSetCustomSRWebSocketProvider(SRWebSocketProvider provider);

SwiftExplicitDependencyGeneratePcm x86_64 /Users/sanjaykumar/Library/Developer/Xcode/DerivedData/ModuleCache.noindex/_DarwinFoundation2-BA8U9SIO7MUMBJB9NU1QA9YZA.pcm

SwiftExplicitDependencyGeneratePcm x86_64 /Users/sanjaykumar/Library/Developer/Xcode/DerivedData/ModuleCache.noindex/_Builtin_limits-7SWYM7KPXLYBS901A2YT8C73J.pcm

SwiftExplicitDependencyGeneratePcm x86_64 /Users/sanjaykumar/Library/Developer/Xcode/DerivedData/ModuleCache.noindex/_Builtin_stdint-79Y1Y5SJ9P50G2T923BY0UHYF.pcm

SwiftExplicitDependencyGeneratePcm x86_64 /Users/sanjaykumar/Library/Developer/Xcode/DerivedData/ModuleCache.noindex/_Builtin_tgmath-D1OP9QX0JLQG3TPHC1NU9RJEQ.pcm

SwiftExplicitDependencyGeneratePcm x86_64 /Users/sanjaykumar/Library/Developer/Xcode/DerivedData/ModuleCache.noindex/sys_types-1AWFH3ALFIH33341QTNSC4PIV.pcm

SwiftExplicitDependencyGeneratePcm x86_64 /Users/sanjaykumar/Library/Developer/Xcode/DerivedData/ModuleCache.noindex/_Builtin_stdatomic-1LPC69PULFARG3YPQU1RWS6MS.pcm

SwiftExplicitDependencyGeneratePcm x86_64 /Users/sanjaykumar/Library/Developer/Xcode/DerivedData/ModuleCache.noindex/_DarwinFoundation3-CS1MZJ8IVX1ZEP1DDYUQTANJW.pcm

SwiftExplicitDependencyGeneratePcm x86_64 /Users/sanjaykumar/Library/Developer/Xcode/DerivedData/ModuleCache.noindex/_Builtin_inttypes-DISOPTW450K1Z8DL77LKR1TXG.pcm

SwiftExplicitDependencyGeneratePcm x86_64 /Users/sanjaykumar/Library/Developer/Xcode/DerivedData/ModuleCache.noindex/_Builtin_intrinsics-9UC5SWL6NXXOR4CX1JYOYK89W.pcm

SwiftExplicitDependencyGeneratePcm x86_64 /Users/sanjaykumar/Library/Developer/Xcode/DerivedData/ModuleCache.noindex/Darwin-8G3SM541EODGYRUZ51SOS50L6.pcm

SwiftExplicitDependencyGeneratePcm arm64 /Users/sanjaykumar/Library/Developer/Xcode/DerivedData/VideoCallApp-evcapdoyusxvykgansyblgyjxatu/Build/Intermediates.noindex/SwiftExplicitPrecompiledModules/React_RCTAppDelegate-8H92BNLGH12O3D3ELCE6HCN8C.pcm
<module-includes>:1:9: note: in file included from <module-includes>:1:
 1 | #import "React_RCTAppDelegate/RCTAppDelegate.h"
   |         `- note: in file included from <module-includes>:1:
 2 | #import "React_RCTAppDelegate/RCTAppSetupUtils.h"
 3 | #import "React_RCTAppDelegate/RCTDefaultReactNativeFactoryDelegate.h"

/Users/sanjaykumar/Desktop/Newfolder/VideoCallApp/ios/Pods/React-Core-prebuilt/Headers/React_RCTAppDelegate/RCTAppDelegate.h:9:9: note: in file included from /Users/sanjaykumar/Desktop/Newfolder/VideoCallApp/ios/Pods/React-Core-prebuilt/Headers/React_RCTAppDelegate/RCTAppDelegate.h:9:
 7 | 
 8 | #import <UIKit/UIKit.h>
 9 | #import "RCTDefaultReactNativeFactoryDelegate.h"
   |         `- note: in file included from /Users/sanjaykumar/Desktop/Newfolder/VideoCallApp/ios/Pods/React-Core-prebuilt/Headers/React_RCTAppDelegate/RCTAppDelegate.h:9:
10 | #import "RCTReactNativeFactory.h"
11 | #import "RCTRootViewFactory.h"

/Users/sanjaykumar/Desktop/Newfolder/VideoCallApp/ios/Pods/React-Core-prebuilt/Headers/React_RCTAppDelegate/RCTDefaultReactNativeFactoryDelegate.h:9:9: note: in file included from /Users/sanjaykumar/Desktop/Newfolder/VideoCallApp/ios/Pods/React-Core-prebuilt/Headers/React_RCTAppDelegate/RCTDefaultReactNativeFactoryDelegate.h:9:
 7 | 
 8 | #import <UIKit/UIKit.h>
 9 | #import "RCTReactNativeFactory.h"
   |         `- note: in file included from /Users/sanjaykumar/Desktop/Newfolder/VideoCallApp/ios/Pods/React-Core-prebuilt/Headers/React_RCTAppDelegate/RCTDefaultReactNativeFactoryDelegate.h:9:
10 | 
11 | NS_ASSUME_NONNULL_BEGIN

/Users/sanjaykumar/Desktop/Newfolder/VideoCallApp/ios/Pods/React-Core-prebuilt/Headers/React_RCTAppDelegate/RCTReactNativeFactory.h:14:9: note: in file included from /Users/sanjaykumar/Desktop/Newfolder/VideoCallApp/ios/Pods/React-Core-prebuilt/Headers/React_RCTAppDelegate/RCTReactNativeFactory.h:14:
12 | #import "RCTJSRuntimeConfiguratorProtocol.h"
13 | #import "RCTRootViewFactory.h"
14 | #import "RCTUIConfiguratorProtocol.h"
   |         `- note: in file included from /Users/sanjaykumar/Desktop/Newfolder/VideoCallApp/ios/Pods/React-Core-prebuilt/Headers/React_RCTAppDelegate/RCTReactNativeFactory.h:14:
15 | 
16 | #if defined(__cplusplus) // Don't conform to protocols requiring C++ when it's not defined.

1 warning generated.
/Users/sanjaykumar/Desktop/Newfolder/VideoCallApp/ios/Pods/React-Core-prebuilt/Headers/React_RCTAppDelegate/RCTUIConfiguratorProtocol.h:40:28: warning: 'RCTRootView' is deprecated: This API will be removed along with the legacy architecture.
38 |  * @parameter: rootView - The root view to customize.
39 |  */
40 | - (void)customizeRootView:(RCTRootView *)rootView;
   |                            `- warning: 'RCTRootView' is deprecated: This API will be removed along with the legacy architecture.
41 | 
42 | /**

/Users/sanjaykumar/Library/Developer/Xcode/DerivedData/VideoCallApp-evcapdoyusxvykgansyblgyjxatu/Build/Products/Debug-iphonesimulator/XCFrameworkIntermediates/React-Core-prebuilt/React.framework/Headers/RCTRootView.h:52:1: note: 'RCTRootView' has been explicitly marked deprecated here
 50 | #pragma clang diagnostic push
 51 | #pragma clang diagnostic warning "-Wdeprecated"
 52 | __deprecated_msg("This API will be removed along with the legacy architecture.") @interface RCTRootView : UIView
    | `- note: 'RCTRootView' has been explicitly marked deprecated here
 53 | 
 54 | /**

/Applications/Xcode.app/Contents/Developer/Platforms/iPhoneSimulator.platform/Developer/SDKs/iPhoneSimulator26.5.sdk/usr/include/sys/cdefs.h:227:48: note: expanded from macro '__deprecated_msg'
 225 | #if __has_extension(attribute_deprecated_with_message) || \
 226 |         (defined(__GNUC__) && ((__GNUC__ >= 5) || ((__GNUC__ == 4) && (__GNUC_MINOR__ >= 5))))
 227 | 	#define __deprecated_msg(_msg) __attribute__((__deprecated__(_msg)))
     |                                                `- note: expanded from macro '__deprecated_msg'
 228 | #else
 229 | 	#define __deprecated_msg(_msg) __attribute__((__deprecated__))

LinkAssetCatalog /Users/sanjaykumar/Desktop/Newfolder/VideoCallApp/ios/VideoCallApp/Images.xcassets (in target 'VideoCallApp' from project 'VideoCallApp')
    cd /Users/sanjaykumar/Desktop/Newfolder/VideoCallApp/ios
    builtin-linkAssetCatalog --thinned /Users/sanjaykumar/Library/Developer/Xcode/DerivedData/VideoCallApp-evcapdoyusxvykgansyblgyjxatu/Build/Intermediates.noindex/VideoCallApp.build/Debug-iphonesimulator/VideoCallApp.build/assetcatalog_output/thinned --thinned-dependencies /Users/sanjaykumar/Library/Developer/Xcode/DerivedData/VideoCallApp-evcapdoyusxvykgansyblgyjxatu/Build/Intermediates.noindex/VideoCallApp.build/Debug-iphonesimulator/VideoCallApp.build/assetcatalog_dependencies_thinned --thinned-info-plist-content /Users/sanjaykumar/Library/Developer/Xcode/DerivedData/VideoCallApp-evcapdoyusxvykgansyblgyjxatu/Build/Intermediates.noindex/VideoCallApp.build/Debug-iphonesimulator/VideoCallApp.build/assetcatalog_generated_info.plist_thinned --unthinned /Users/sanjaykumar/Library/Developer/Xcode/DerivedData/VideoCallApp-evcapdoyusxvykgansyblgyjxatu/Build/Intermediates.noindex/VideoCallApp.build/Debug-iphonesimulator/VideoCallApp.build/assetcatalog_output/unthinned --unthinned-dependencies /Users/sanjaykumar/Library/Developer/Xcode/DerivedData/VideoCallApp-evcapdoyusxvykgansyblgyjxatu/Build/Intermediates.noindex/VideoCallApp.build/Debug-iphonesimulator/VideoCallApp.build/assetcatalog_dependencies_unthinned --unthinned-info-plist-content /Users/sanjaykumar/Library/Developer/Xcode/DerivedData/VideoCallApp-evcapdoyusxvykgansyblgyjxatu/Build/Intermediates.noindex/VideoCallApp.build/Debug-iphonesimulator/VideoCallApp.build/assetcatalog_generated_info.plist_unthinned --output /Users/sanjaykumar/Library/Developer/Xcode/DerivedData/VideoCallApp-evcapdoyusxvykgansyblgyjxatu/Build/Products/Debug-iphonesimulator/VideoCallApp.app --plist-output /Users/sanjaykumar/Library/Developer/Xcode/DerivedData/VideoCallApp-evcapdoyusxvykgansyblgyjxatu/Build/Intermediates.noindex/VideoCallApp.build/Debug-iphonesimulator/VideoCallApp.build/assetcatalog_generated_info.plist

SwiftEmitModule normal arm64 Emitting\ module\ for\ VideoCallApp (in target 'VideoCallApp' from project 'VideoCallApp')
EmitSwiftModule normal arm64 (in target 'VideoCallApp' from project 'VideoCallApp')
    cd /Users/sanjaykumar/Desktop/Newfolder/VideoCallApp/ios
    

SwiftCompile normal arm64 Compiling\ AppDelegate.swift /Users/sanjaykumar/Desktop/Newfolder/VideoCallApp/ios/VideoCallApp/AppDelegate.swift (in target 'VideoCallApp' from project 'VideoCallApp')
SwiftCompile normal arm64 /Users/sanjaykumar/Desktop/Newfolder/VideoCallApp/ios/VideoCallApp/AppDelegate.swift (in target 'VideoCallApp' from project 'VideoCallApp')
    cd /Users/sanjaykumar/Desktop/Newfolder/VideoCallApp/ios
    

SwiftCompile normal arm64 Compiling\ GeneratedAssetSymbols.swift /Users/sanjaykumar/Library/Developer/Xcode/DerivedData/VideoCallApp-evcapdoyusxvykgansyblgyjxatu/Build/Intermediates.noindex/VideoCallApp.build/Debug-iphonesimulator/VideoCallApp.build/DerivedSources/GeneratedAssetSymbols.swift (in target 'VideoCallApp' from project 'VideoCallApp')

SwiftCompile normal arm64 /Users/sanjaykumar/Library/Developer/Xcode/DerivedData/VideoCallApp-evcapdoyusxvykgansyblgyjxatu/Build/Intermediates.noindex/VideoCallApp.build/Debug-iphonesimulator/VideoCallApp.build/DerivedSources/GeneratedAssetSymbols.swift (in target 'VideoCallApp' from project 'VideoCallApp')
    cd /Users/sanjaykumar/Desktop/Newfolder/VideoCallApp/ios
    

SwiftExplicitDependencyGeneratePcm x86_64 /Users/sanjaykumar/Library/Developer/Xcode/DerivedData/ModuleCache.noindex/ObjectiveC-6EWSAF8CTGY5I086NZDX7GE3T.pcm

SwiftExplicitDependencyGeneratePcm x86_64 /Users/sanjaykumar/Library/Developer/Xcode/DerivedData/ModuleCache.noindex/MachO-CHD55TVOC3M1ZTNYUAU7VFEJW.pcm

SwiftExplicitDependencyGeneratePcm x86_64 /Users/sanjaykumar/Library/Developer/Xcode/DerivedData/ModuleCache.noindex/simd-49BG8ZL2AUG3M7Z8PY3N0GJVX.pcm

LinkStoryboards (in target 'VideoCallApp' from project 'VideoCallApp')
    cd /Users/sanjaykumar/Desktop/Newfolder/VideoCallApp/ios
    /Applications/Xcode.app/Contents/Developer/usr/bin/ibtool --errors --warnings --notices --module VideoCallApp --target-device iphone --target-device ipad --minimum-deployment-target 15.1 --output-format human-readable-text --link /Users/sanjaykumar/Library/Developer/Xcode/DerivedData/VideoCallApp-evcapdoyusxvykgansyblgyjxatu/Build/Products/Debug-iphonesimulator/VideoCallApp.app /Users/sanjaykumar/Library/Developer/Xcode/DerivedData/VideoCallApp-evcapdoyusxvykgansyblgyjxatu/Build/Intermediates.noindex/VideoCallApp.build/Debug-iphonesimulator/VideoCallApp.build/LaunchScreen.storyboardc

ProcessInfoPlistFile /Users/sanjaykumar/Library/Developer/Xcode/DerivedData/VideoCallApp-evcapdoyusxvykgansyblgyjxatu/Build/Products/Debug-iphonesimulator/VideoCallApp.app/Info.plist /Users/sanjaykumar/Desktop/Newfolder/VideoCallApp/ios/VideoCallApp/Info.plist (in target 'VideoCallApp' from project 'VideoCallApp')
    cd /Users/sanjaykumar/Desktop/Newfolder/VideoCallApp/ios
    builtin-infoPlistUtility /Users/sanjaykumar/Desktop/Newfolder/VideoCallApp/ios/VideoCallApp/Info.plist -producttype com.apple.product-type.application -genpkginfo /Users/sanjaykumar/Library/Developer/Xcode/DerivedData/VideoCallApp-evcapdoyusxvykgansyblgyjxatu/Build/Products/Debug-iphonesimulator/VideoCallApp.app/PkgInfo -expandbuildsettings -format binary -platform iphonesimulator -additionalcontentfile /Users/sanjaykumar/Library/Developer/Xcode/DerivedData/VideoCallApp-evcapdoyusxvykgansyblgyjxatu/Build/Intermediates.noindex/VideoCallApp.build/Debug-iphonesimulator/VideoCallApp.build/LaunchScreen-SBPartialInfo.plist -additionalcontentfile /Users/sanjaykumar/Library/Developer/Xcode/DerivedData/VideoCallApp-evcapdoyusxvykgansyblgyjxatu/Build/Intermediates.noindex/VideoCallApp.build/Debug-iphonesimulator/VideoCallApp.build/assetcatalog_generated_info.plist -o /Users/sanjaykumar/Library/Developer/Xcode/DerivedData/VideoCallApp-evcapdoyusxvykgansyblgyjxatu/Build/Products/Debug-iphonesimulator/VideoCallApp.app/Info.plist
warning: The value for NSLocationWhenInUseUsageDescription must be a non-empty string. (in target 'VideoCallApp' from project 'VideoCallApp')

SwiftExplicitDependencyGeneratePcm x86_64 /Users/sanjaykumar/Library/Developer/Xcode/DerivedData/ModuleCache.noindex/os_object-BAVTSRED0DP19QO4QWXAKTABT.pcm

SwiftExplicitDependencyGeneratePcm x86_64 /Users/sanjaykumar/Library/Developer/Xcode/DerivedData/ModuleCache.noindex/os_workgroup-9YOF4Y8PXBFBQPZHBN79XZOX0.pcm

SwiftDriverJobDiscovery normal arm64 Emitting module for VideoCallApp (in target 'VideoCallApp' from project 'VideoCallApp')

SwiftDriver\ Compilation\ Requirements VideoCallApp normal arm64 com.apple.xcode.tools.swift.compiler (in target 'VideoCallApp' from project 'VideoCallApp')
    cd /Users/sanjaykumar/Desktop/Newfolder/VideoCallApp/ios
    builtin-Swift-Compilation-Requirements -- /Applications/Xcode.app/Contents/Developer/Toolchains/XcodeDefault.xctoolchain/usr/bin/swiftc -module-name VideoCallApp -Onone @/Users/sanjaykumar/Library/Developer/Xcode/DerivedData/VideoCallApp-evcapdoyusxvykgansyblgyjxatu/Build/Intermediates.noindex/VideoCallApp.build/Debug-iphonesimulator/VideoCallApp.build/Objects-normal/arm64/VideoCallApp.SwiftFileList -DDEBUG -D COCOAPODS -Xcc -fmodule-map-file\=/Users/sanjaykumar/Library/Developer/Xcode/DerivedData/VideoCallApp-evcapdoyusxvykgansyblgyjxatu/Build/Products/Debug-iphonesimulator/SwiftUIIntrospect/SwiftUIIntrospect.modulemap -Xcc -fmodule-map-file\=/Users/sanjaykumar/Library/Developer/Xcode/DerivedData/VideoCallApp-evcapdoyusxvykgansyblgyjxatu/Build/Products/Debug-iphonesimulator/react-native-bottom-tabs/react_native_bottom_tabs.modulemap -Xcc -fmodule-map-file\=/Users/sanjaykumar/Desktop/Newfolder/VideoCallApp/ios/Pods/Headers/Public/ReactAppDependencyProvider/ReactAppDependencyProvider.modulemap -Xcc -fmodule-map-file\=/Users/sanjaykumar/Desktop/Newfolder/VideoCallApp/ios/Pods/Headers/Public/ReactCodegen/ReactCodegen.modulemap -Xcc -Wno-incomplete-umbrella -Xcc -fmodule-map-file\=/Users/sanjaykumar/Desktop/Newfolder/VideoCallApp/ios/Pods/React-Core-prebuilt/Headers/module.modulemap -enable-bare-slash-regex -enable-experimental-feature DebugDescriptionMacro -sdk /Applications/Xcode.app/Contents/Developer/Platforms/iPhoneSimulator.platform/Developer/SDKs/iPhoneSimulator26.5.sdk -target arm64-apple-ios15.1-simulator -g -module-cache-path /Users/sanjaykumar/Library/Developer/Xcode/DerivedData/ModuleCache.noindex -Xfrontend -serialize-debugging-options -enable-testing -index-store-path /Users/sanjaykumar/Library/Developer/Xcode/DerivedData/VideoCallApp-evcapdoyusxvykgansyblgyjxatu/Index.noindex/DataStore -Xcc -D_LIBCPP_HARDENING_MODE\=_LIBCPP_HARDENING_MODE_DEBUG -swift-version 5 -I /Users/sanjaykumar/Library/Developer/Xcode/DerivedData/VideoCallApp-evcapdoyusxvykgansyblgyjxatu/Build/Products/Debug-iphonesimulator -I /Users/sanjaykumar/Library/Developer/Xcode/DerivedData/VideoCallApp-evcapdoyusxvykgansyblgyjxatu/Build/Products/Debug-iphonesimulator/SwiftUIIntrospect -I /Users/sanjaykumar/Library/Developer/Xcode/DerivedData/VideoCallApp-evcapdoyusxvykgansyblgyjxatu/Build/Products/Debug-iphonesimulator/react-native-bottom-tabs -F /Users/sanjaykumar/Library/Developer/Xcode/DerivedData/VideoCallApp-evcapdoyusxvykgansyblgyjxatu/Build/Products/Debug-iphonesimulator -F /Users/sanjaykumar/Desktop/Newfolder/VideoCallApp/ios/Pods/React-Core-prebuilt -F /Users/sanjaykumar/Desktop/Newfolder/VideoCallApp/ios/Pods/ReactNativeDependencies/framework/packages/react-native -F /Users/sanjaykumar/Desktop/Newfolder/VideoCallApp/ios/Pods/hermes-engine/destroot/Library/Frameworks/universal -F /Users/sanjaykumar/Library/Developer/Xcode/DerivedData/VideoCallApp-evcapdoyusxvykgansyblgyjxatu/Build/Products/Debug-iphonesimulator/XCFrameworkIntermediates/React-Core-prebuilt -F /Users/sanjaykumar/Library/Developer/Xcode/DerivedData/VideoCallApp-evcapdoyusxvykgansyblgyjxatu/Build/Products/Debug-iphonesimulator/XCFrameworkIntermediates/ReactNativeDependencies -F /Users/sanjaykumar/Library/Developer/Xcode/DerivedData/VideoCallApp-evcapdoyusxvykgansyblgyjxatu/Build/Products/Debug-iphonesimulator/XCFrameworkIntermediates/hermes-engine/Pre-built -c -j10 -enable-batch-mode -incremental -Xcc -ivfsstatcache -Xcc /Users/sanjaykumar/Library/Developer/Xcode/DerivedData/SDKStatCaches.noindex/iphonesimulator26.5-23F81a-6cfe768891a92b912361537c460fe42b.sdkstatcache -output-file-map /Users/sanjaykumar/Library/Developer/Xcode/DerivedData/VideoCallApp-evcapdoyusxvykgansyblgyjxatu/Build/Intermediates.noindex/VideoCallApp.build/Debug-iphonesimulator/VideoCallApp.build/Objects-normal/arm64/VideoCallApp-OutputFileMap.json -use-frontend-parseable-output -save-temps -no-color-diagnostics -explicit-module-build -module-cache-path /Users/sanjaykumar/Library/Developer/Xcode/DerivedData/VideoCallApp-evcapdoyusxvykgansyblgyjxatu/Build/Intermediates.noindex/SwiftExplicitPrecompiledModules -clang-scanner-module-cache-path /Users/sanjaykumar/Library/Developer/Xcode/DerivedData/ModuleCache.noindex -sdk-module-cache-path /Users/sanjaykumar/Library/Developer/Xcode/DerivedData/ModuleCache.noindex -serialize-diagnostics -emit-dependencies -emit-module -emit-module-path /Users/sanjaykumar/Library/Developer/Xcode/DerivedData/VideoCallApp-evcapdoyusxvykgansyblgyjxatu/Build/Intermediates.noindex/VideoCallApp.build/Debug-iphonesimulator/VideoCallApp.build/Objects-normal/arm64/VideoCallApp.swiftmodule -validate-clang-modules-once -clang-build-session-file /Users/sanjaykumar/Library/Developer/Xcode/DerivedData/ModuleCache.noindex/Session.modulevalidation -Xcc -I/Users/sanjaykumar/Library/Developer/Xcode/DerivedData/VideoCallApp-evcapdoyusxvykgansyblgyjxatu/Build/Intermediates.noindex/VideoCallApp.build/Debug-iphonesimulator/VideoCallApp.build/swift-overrides.hmap -emit-const-values -Xfrontend -const-gather-protocols-file -Xfrontend /Users/sanjaykumar/Library/Developer/Xcode/DerivedData/VideoCallApp-evcapdoyusxvykgansyblgyjxatu/Build/Intermediates.noindex/VideoCallApp.build/Debug-iphonesimulator/VideoCallApp.build/Objects-normal/arm64/VideoCallApp_const_extract_protocols.json -Xcc -iquote -Xcc /Users/sanjaykumar/Library/Developer/Xcode/DerivedData/VideoCallApp-evcapdoyusxvykgansyblgyjxatu/Build/Intermediates.noindex/VideoCallApp.build/Debug-iphonesimulator/VideoCallApp.build/VideoCallApp-generated-files.hmap -Xcc -I/Users/sanjaykumar/Library/Developer/Xcode/DerivedData/VideoCallApp-evcapdoyusxvykgansyblgyjxatu/Build/Intermediates.noindex/VideoCallApp.build/Debug-iphonesimulator/VideoCallApp.build/VideoCallApp-own-target-headers.hmap -Xcc -I/Users/sanjaykumar/Library/Developer/Xcode/DerivedData/VideoCallApp-evcapdoyusxvykgansyblgyjxatu/Build/Intermediates.noindex/VideoCallApp.build/Debug-iphonesimulator/VideoCallApp.build/VideoCallApp-all-non-framework-target-headers.hmap -Xcc -ivfsoverlay -Xcc /Users/sanjaykumar/Library/Developer/Xcode/DerivedData/VideoCallApp-evcapdoyusxvykgansyblgyjxatu/Build/Intermediates.noindex/VideoCallApp.build/Debug-iphonesimulator/VideoCallApp-5cfc4fada1c9a598ee8695cfec64d2f6-VFS-iphonesimulator/all-product-headers.yaml -Xcc -iquote -Xcc /Users/sanjaykumar/Library/Developer/Xcode/DerivedData/VideoCallApp-evcapdoyusxvykgansyblgyjxatu/Build/Intermediates.noindex/VideoCallApp.build/Debug-iphonesimulator/VideoCallApp.build/VideoCallApp-project-headers.hmap -Xcc -I/Users/sanjaykumar/Library/Developer/Xcode/DerivedData/VideoCallApp-evcapdoyusxvykgansyblgyjxatu/Build/Products/Debug-iphonesimulator/include -Xcc -I/Users/sanjaykumar/Desktop/Newfolder/VideoCallApp/ios/Pods/Headers/Public -Xcc -I/Users/sanjaykumar/Desktop/Newfolder/VideoCallApp/ios/Pods/Headers/Public/RCTSwiftUIWrapper -Xcc -I/Users/sanjaykumar/Desktop/Newfolder/VideoCallApp/ios/Pods/Headers/Public/RCTTypeSafety -Xcc -I/Users/sanjaykumar/Desktop/Newfolder/VideoCallApp/ios/Pods/Headers/Public/React-Core-prebuilt -Xcc -I/Users/sanjaykumar/Desktop/Newfolder/VideoCallApp/ios/Pods/Headers/Public/React-CoreModules -Xcc -I/Users/sanjaykumar/Desktop/Newfolder/VideoCallApp/ios/Pods/Headers/Public/React-Fabric -Xcc -I/Users/sanjaykumar/Desktop/Newfolder/VideoCallApp/ios/Pods/Headers/Public/React-FabricComponents -Xcc -I/Users/sanjaykumar/Desktop/Newfolder/VideoCallApp/ios/Pods/Headers/Public/React-FabricImage -Xcc -I/Users/sanjaykumar/Desktop/Newfolder/VideoCallApp/ios/Pods/Headers/Public/React-ImageManager -Xcc -I/Users/sanjaykumar/Desktop/Newfolder/VideoCallApp/ios/Pods/Headers/Public/React-Mapbuffer -Xcc -I/Users/sanjaykumar/Desktop/Newfolder/VideoCallApp/ios/Pods/Headers/Public/React-NativeModulesApple -Xcc -I/Users/sanjaykumar/Desktop/Newfolder/VideoCallApp/ios/Pods/Headers/Public/React-RCTAnimatedModuleProvider -Xcc -I/Users/sanjaykumar/Desktop/Newfolder/VideoCallApp/ios/Pods/Headers/Public/React-RCTAnimation -Xcc -I/Users/sanjaykumar/Desktop/Newfolder/VideoCallApp/ios/Pods/Headers/Public/React-RCTAppDelegate -Xcc -I/Users/sanjaykumar/Desktop/Newfolder/VideoCallApp/ios/Pods/Headers/Public/React-RCTBlob -Xcc -I/Users/sanjaykumar/Desktop/Newfolder/VideoCallApp/ios/Pods/Headers/Public/React-RCTFBReactNativeSpec -Xcc -I/Users/sanjaykumar/Desktop/Newfolder/VideoCallApp/ios/Pods/Headers/Public/React-RCTFabric -Xcc -I/Users/sanjaykumar/Desktop/Newfolder/VideoCallApp/ios/Pods/Headers/Public/React-RCTImage -Xcc -I/Users/sanjaykumar/Desktop/Newfolder/VideoCallApp/ios/Pods/Headers/Public/React-RCTSettings -Xcc -I/Users/sanjaykumar/Desktop/Newfolder/VideoCallApp/ios/Pods/Headers/Public/React-RCTText -Xcc -I/Users/sanjaykumar/Desktop/Newfolder/VideoCallApp/ios/Pods/Headers/Public/React-RCTVibration -Xcc -I/Users/sanjaykumar/Desktop/Newfolder/VideoCallApp/ios/Pods/Headers/Public/React-RuntimeApple -Xcc -I/Users/sanjaykumar/Desktop/Newfolder/VideoCallApp/ios/Pods/Headers/Public/React-RuntimeCore -Xcc -I/Users/sanjaykumar/Desktop/Newfolder/VideoCallApp/ios/Pods/Headers/Public/React-RuntimeHermes -Xcc -I/Users/sanjaykumar/Desktop/Newfolder/VideoCallApp/ios/Pods/Headers/Public/React-bridging -Xcc -I/Users/sanjaykumar/Desktop/Newfolder/VideoCallApp/ios/Pods/Headers/Public/React-callinvoker -Xcc -I/Users/sanjaykumar/Desktop/Newfolder/VideoCallApp/ios/Pods/Headers/Public/React-cxxreact -Xcc -I/Users/sanjaykumar/Desktop/Newfolder/VideoCallApp/ios/Pods/Headers/Public/React-cxxstableapi -Xcc -I/Users/sanjaykumar/Desktop/Newfolder/VideoCallApp/ios/Pods/Headers/Public/React-debug -Xcc -I/Users/sanjaykumar/Desktop/Newfolder/VideoCallApp/ios/Pods/Headers/Public/React-defaultsnativemodule -Xcc -I/Users/sanjaykumar/Desktop/Newfolder/VideoCallApp/ios/Pods/Headers/Public/React-domnativemodule -Xcc -I/Users/sanjaykumar/Desktop/Newfolder/VideoCallApp/ios/Pods/Headers/Public/React-featureflags -Xcc -I/Users/sanjaykumar/Desktop/Newfolder/VideoCallApp/ios/Pods/Headers/Public/React-featureflagsnativemodule -Xcc -I/Users/sanjaykumar/Desktop/Newfolder/VideoCallApp/ios/Pods/Headers/Public/React-graphics -Xcc -I/Users/sanjaykumar/Desktop/Newfolder/VideoCallApp/ios/Pods/Headers/Public/React-hermes -Xcc -I/Users/sanjaykumar/Desktop/Newfolder/VideoCallApp/ios/Pods/Headers/Public/React-idlecallbacksnativemodule -Xcc -I/Users/sanjaykumar/Desktop/Newfolder/VideoCallApp/ios/Pods/Headers/Public/React-intersectionobservernativemodule -Xcc -I/Users/sanjaykumar/Desktop/Newfolder/VideoCallApp/ios/Pods/Headers/Public/React-jserrorhandler -Xcc -I/Users/sanjaykumar/Desktop/Newfolder/VideoCallApp/ios/Pods/Headers/Public/React-jsi -Xcc -I/Users/sanjaykumar/Desktop/Newfolder/VideoCallApp/ios/Pods/Headers/Public/React-jsiexecutor -Xcc -I/Users/sanjaykumar/Desktop/Newfolder/VideoCallApp/ios/Pods/Headers/Public/React-jsinspector -Xcc -I/Users/sanjaykumar/Desktop/Newfolder/VideoCallApp/ios/Pods/Headers/Public/React-jsinspectorcdp -Xcc -I/Users/sanjaykumar/Desktop/Newfolder/VideoCallApp/ios/Pods/Headers/Public/React-jsinspectornetwork -Xcc -I/Users/sanjaykumar/Desktop/Newfolder/VideoCallApp/ios/Pods/Headers/Public/React-jsinspectortracing -Xcc -I/Users/sanjaykumar/Desktop/Newfolder/VideoCallApp/ios/Pods/Headers/Public/React-jsitooling -Xcc -I/Users/sanjaykumar/Desktop/Newfolder/VideoCallApp/ios/Pods/Headers/Public/React-logger -Xcc -I/Users/sanjaykumar/Desktop/Newfolder/VideoCallApp/ios/Pods/Headers/Public/React-microtasksnativemodule -Xcc -I/Users/sanjaykumar/Desktop/Newfolder/VideoCallApp/ios/Pods/Headers/Public/React-mutationobservernativemodule -Xcc -I/Users/sanjaykumar/Desktop/Newfolder/VideoCallApp/ios/Pods/Headers/Public/React-networking -Xcc -I/Users/sanjaykumar/Desktop/Newfolder/VideoCallApp/ios/Pods/Headers/Public/React-oscompat -Xcc -I/Users/sanjaykumar/Desktop/Newfolder/VideoCallApp/ios/Pods/Headers/Public/React-perflogger -Xcc -I/Users/sanjaykumar/Desktop/Newfolder/VideoCallApp/ios/Pods/Headers/Public/React-performancecdpmetrics -Xcc -I/Users/sanjaykumar/Desktop/Newfolder/VideoCallApp/ios/Pods/Headers/Public/React-performancetimeline -Xcc -I/Users/sanjaykumar/Desktop/Newfolder/VideoCallApp/ios/Pods/Headers/Public/React-rendererconsistency -Xcc -I/Users/sanjaykumar/Desktop/Newfolder/VideoCallApp/ios/Pods/Headers/Public/React-renderercss -Xcc -I/Users/sanjaykumar/Desktop/Newfolder/VideoCallApp/ios/Pods/Headers/Public/React-rendererdebug -Xcc -I/Users/sanjaykumar/Desktop/Newfolder/VideoCallApp/ios/Pods/Headers/Public/React-runtimeexecutor -Xcc -I/Users/sanjaykumar/Desktop/Newfolder/VideoCallApp/ios/Pods/Headers/Public/React-runtimescheduler -Xcc -I/Users/sanjaykumar/Desktop/Newfolder/VideoCallApp/ios/Pods/Headers/Public/React-timing -Xcc -I/Users/sanjaykumar/Desktop/Newfolder/VideoCallApp/ios/Pods/Headers/Public/React-utils -Xcc -I/Users/sanjaykumar/Desktop/Newfolder/VideoCallApp/ios/Pods/Headers/Public/React-viewtransitionnativemodule -Xcc -I/Users/sanjaykumar/Desktop/Newfolder/VideoCallApp/ios/Pods/Headers/Public/React-webperformancenativemodule -Xcc -I/Users/sanjaykumar/Desktop/Newfolder/VideoCallApp/ios/Pods/Headers/Public/ReactAppDependencyProvider -Xcc -I/Users/sanjaykumar/Desktop/Newfolder/VideoCallApp/ios/Pods/Headers/Public/ReactCodegen -Xcc -I/Users/sanjaykumar/Desktop/Newfolder/VideoCallApp/ios/Pods/Headers/Public/ReactCommon -Xcc -I/Users/sanjaykumar/Desktop/Newfolder/VideoCallApp/ios/Pods/Headers/Public/ReactNativeDependencies -Xcc -I/Users/sanjaykumar/Desktop/Newfolder/VideoCallApp/ios/Pods/Headers/Public/hermes-engine -Xcc -I/Users/sanjaykumar/Desktop/Newfolder/VideoCallApp/ios/Pods/Headers/Public/react-native-bottom-tabs -Xcc -I/Users/sanjaykumar/Desktop/Newfolder/VideoCallApp/ios/Pods/Headers/Public/react-native-safe-area-context -Xcc -I/Users/sanjaykumar/Desktop/Newfolder/VideoCallApp/ios/Pods/Headers/Private/React-Core -Xcc -I/Users/sanjaykumar/Desktop/Newfolder/VideoCallApp/ios/Pods/Headers/Private/Yoga -Xcc -I/Users/sanjaykumar/Desktop/Newfolder/VideoCallApp/ios/Pods/React-Core-prebuilt/Headers -Xcc -I/Users/sanjaykumar/Desktop/Newfolder/VideoCallApp/ios/Pods/ReactNativeDependencies/Headers -Xcc -I/Users/sanjaykumar/Library/Developer/Xcode/DerivedData/VideoCallApp-evcapdoyusxvykgansyblgyjxatu/Build/Intermediates.noindex/VideoCallApp.build/Debug-iphonesimulator/VideoCallApp.build/DerivedSources-normal/arm64 -Xcc -I/Users/sanjaykumar/Library/Developer/Xcode/DerivedData/VideoCallApp-evcapdoyusxvykgansyblgyjxatu/Build/Intermediates.noindex/VideoCallApp.build/Debug-iphonesimulator/VideoCallApp.build/DerivedSources/arm64 -Xcc -I/Users/sanjaykumar/Library/Developer/Xcode/DerivedData/VideoCallApp-evcapdoyusxvykgansyblgyjxatu/Build/Intermediates.noindex/VideoCallApp.build/Debug-iphonesimulator/VideoCallApp.build/DerivedSources -Xcc -DDEBUG\=1 -Xcc -DCOCOAPODS\=1 -emit-objc-header -emit-objc-header-path /Users/sanjaykumar/Library/Developer/Xcode/DerivedData/VideoCallApp-evcapdoyusxvykgansyblgyjxatu/Build/Intermediates.noindex/VideoCallApp.build/Debug-iphonesimulator/VideoCallApp.build/Objects-normal/arm64/VideoCallApp-Swift.h -working-directory /Users/sanjaykumar/Desktop/Newfolder/VideoCallApp/ios -experimental-emit-module-separately -disable-cmo

Copy /Users/sanjaykumar/Library/Developer/Xcode/DerivedData/VideoCallApp-evcapdoyusxvykgansyblgyjxatu/Build/Products/Debug-iphonesimulator/VideoCallApp.swiftmodule/arm64-apple-ios-simulator.abi.json /Users/sanjaykumar/Library/Developer/Xcode/DerivedData/VideoCallApp-evcapdoyusxvykgansyblgyjxatu/Build/Intermediates.noindex/VideoCallApp.build/Debug-iphonesimulator/VideoCallApp.build/Objects-normal/arm64/VideoCallApp.abi.json (in target 'VideoCallApp' from project 'VideoCallApp')
    cd /Users/sanjaykumar/Desktop/Newfolder/VideoCallApp/ios
    builtin-copy -exclude .DS_Store -exclude CVS -exclude .svn -exclude .git -exclude .hg -resolve-src-symlinks -rename /Users/sanjaykumar/Library/Developer/Xcode/DerivedData/VideoCallApp-evcapdoyusxvykgansyblgyjxatu/Build/Intermediates.noindex/VideoCallApp.build/Debug-iphonesimulator/VideoCallApp.build/Objects-normal/arm64/VideoCallApp.abi.json /Users/sanjaykumar/Library/Developer/Xcode/DerivedData/VideoCallApp-evcapdoyusxvykgansyblgyjxatu/Build/Products/Debug-iphonesimulator/VideoCallApp.swiftmodule/arm64-apple-ios-simulator.abi.json

Copy /Users/sanjaykumar/Library/Developer/Xcode/DerivedData/VideoCallApp-evcapdoyusxvykgansyblgyjxatu/Build/Products/Debug-iphonesimulator/VideoCallApp.swiftmodule/arm64-apple-ios-simulator.swiftmodule /Users/sanjaykumar/Library/Developer/Xcode/DerivedData/VideoCallApp-evcapdoyusxvykgansyblgyjxatu/Build/Intermediates.noindex/VideoCallApp.build/Debug-iphonesimulator/VideoCallApp.build/Objects-normal/arm64/VideoCallApp.swiftmodule (in target 'VideoCallApp' from project 'VideoCallApp')
    cd /Users/sanjaykumar/Desktop/Newfolder/VideoCallApp/ios
    builtin-copy -exclude .DS_Store -exclude CVS -exclude .svn -exclude .git -exclude .hg -resolve-src-symlinks -rename /Users/sanjaykumar/Library/Developer/Xcode/DerivedData/VideoCallApp-evcapdoyusxvykgansyblgyjxatu/Build/Intermediates.noindex/VideoCallApp.build/Debug-iphonesimulator/VideoCallApp.build/Objects-normal/arm64/VideoCallApp.swiftmodule /Users/sanjaykumar/Library/Developer/Xcode/DerivedData/VideoCallApp-evcapdoyusxvykgansyblgyjxatu/Build/Products/Debug-iphonesimulator/VideoCallApp.swiftmodule/arm64-apple-ios-simulator.swiftmodule

Copy /Users/sanjaykumar/Library/Developer/Xcode/DerivedData/VideoCallApp-evcapdoyusxvykgansyblgyjxatu/Build/Products/Debug-iphonesimulator/VideoCallApp.swiftmodule/arm64-apple-ios-simulator.swiftdoc /Users/sanjaykumar/Library/Developer/Xcode/DerivedData/VideoCallApp-evcapdoyusxvykgansyblgyjxatu/Build/Intermediates.noindex/VideoCallApp.build/Debug-iphonesimulator/VideoCallApp.build/Objects-normal/arm64/VideoCallApp.swiftdoc (in target 'VideoCallApp' from project 'VideoCallApp')
    cd /Users/sanjaykumar/Desktop/Newfolder/VideoCallApp/ios
    builtin-copy -exclude .DS_Store -exclude CVS -exclude .svn -exclude .git -exclude .hg -resolve-src-symlinks -rename /Users/sanjaykumar/Library/Developer/Xcode/DerivedData/VideoCallApp-evcapdoyusxvykgansyblgyjxatu/Build/Intermediates.noindex/VideoCallApp.build/Debug-iphonesimulator/VideoCallApp.build/Objects-normal/arm64/VideoCallApp.swiftdoc /Users/sanjaykumar/Library/Developer/Xcode/DerivedData/VideoCallApp-evcapdoyusxvykgansyblgyjxatu/Build/Products/Debug-iphonesimulator/VideoCallApp.swiftmodule/arm64-apple-ios-simulator.swiftdoc

Copy /Users/sanjaykumar/Library/Developer/Xcode/DerivedData/VideoCallApp-evcapdoyusxvykgansyblgyjxatu/Build/Products/Debug-iphonesimulator/VideoCallApp.swiftmodule/Project/arm64-apple-ios-simulator.swiftsourceinfo /Users/sanjaykumar/Library/Developer/Xcode/DerivedData/VideoCallApp-evcapdoyusxvykgansyblgyjxatu/Build/Intermediates.noindex/VideoCallApp.build/Debug-iphonesimulator/VideoCallApp.build/Objects-normal/arm64/VideoCallApp.swiftsourceinfo (in target 'VideoCallApp' from project 'VideoCallApp')
    cd /Users/sanjaykumar/Desktop/Newfolder/VideoCallApp/ios
    builtin-copy -exclude .DS_Store -exclude CVS -exclude .svn -exclude .git -exclude .hg -resolve-src-symlinks -rename /Users/sanjaykumar/Library/Developer/Xcode/DerivedData/VideoCallApp-evcapdoyusxvykgansyblgyjxatu/Build/Intermediates.noindex/VideoCallApp.build/Debug-iphonesimulator/VideoCallApp.build/Objects-normal/arm64/VideoCallApp.swiftsourceinfo /Users/sanjaykumar/Library/Developer/Xcode/DerivedData/VideoCallApp-evcapdoyusxvykgansyblgyjxatu/Build/Products/Debug-iphonesimulator/VideoCallApp.swiftmodule/Project/arm64-apple-ios-simulator.swiftsourceinfo

SwiftDriverJobDiscovery normal arm64 Compiling GeneratedAssetSymbols.swift (in target 'VideoCallApp' from project 'VideoCallApp')

SwiftDriverJobDiscovery normal arm64 Compiling AppDelegate.swift (in target 'VideoCallApp' from project 'VideoCallApp')

SwiftDriver\ Compilation VideoCallApp normal arm64 com.apple.xcode.tools.swift.compiler (in target 'VideoCallApp' from project 'VideoCallApp')
    cd /Users/sanjaykumar/Desktop/Newfolder/VideoCallApp/ios
    builtin-Swift-Compilation -- /Applications/Xcode.app/Contents/Developer/Toolchains/XcodeDefault.xctoolchain/usr/bin/swiftc -module-name VideoCallApp -Onone @/Users/sanjaykumar/Library/Developer/Xcode/DerivedData/VideoCallApp-evcapdoyusxvykgansyblgyjxatu/Build/Intermediates.noindex/VideoCallApp.build/Debug-iphonesimulator/VideoCallApp.build/Objects-normal/arm64/VideoCallApp.SwiftFileList -DDEBUG -D COCOAPODS -Xcc -fmodule-map-file\=/Users/sanjaykumar/Library/Developer/Xcode/DerivedData/VideoCallApp-evcapdoyusxvykgansyblgyjxatu/Build/Products/Debug-iphonesimulator/SwiftUIIntrospect/SwiftUIIntrospect.modulemap -Xcc -fmodule-map-file\=/Users/sanjaykumar/Library/Developer/Xcode/DerivedData/VideoCallApp-evcapdoyusxvykgansyblgyjxatu/Build/Products/Debug-iphonesimulator/react-native-bottom-tabs/react_native_bottom_tabs.modulemap -Xcc -fmodule-map-file\=/Users/sanjaykumar/Desktop/Newfolder/VideoCallApp/ios/Pods/Headers/Public/ReactAppDependencyProvider/ReactAppDependencyProvider.modulemap -Xcc -fmodule-map-file\=/Users/sanjaykumar/Desktop/Newfolder/VideoCallApp/ios/Pods/Headers/Public/ReactCodegen/ReactCodegen.modulemap -Xcc -Wno-incomplete-umbrella -Xcc -fmodule-map-file\=/Users/sanjaykumar/Desktop/Newfolder/VideoCallApp/ios/Pods/React-Core-prebuilt/Headers/module.modulemap -enable-bare-slash-regex -enable-experimental-feature DebugDescriptionMacro -sdk /Applications/Xcode.app/Contents/Developer/Platforms/iPhoneSimulator.platform/Developer/SDKs/iPhoneSimulator26.5.sdk -target arm64-apple-ios15.1-simulator -g -module-cache-path /Users/sanjaykumar/Library/Developer/Xcode/DerivedData/ModuleCache.noindex -Xfrontend -serialize-debugging-options -enable-testing -index-store-path /Users/sanjaykumar/Library/Developer/Xcode/DerivedData/VideoCallApp-evcapdoyusxvykgansyblgyjxatu/Index.noindex/DataStore -Xcc -D_LIBCPP_HARDENING_MODE\=_LIBCPP_HARDENING_MODE_DEBUG -swift-version 5 -I /Users/sanjaykumar/Library/Developer/Xcode/DerivedData/VideoCallApp-evcapdoyusxvykgansyblgyjxatu/Build/Products/Debug-iphonesimulator -I /Users/sanjaykumar/Library/Developer/Xcode/DerivedData/VideoCallApp-evcapdoyusxvykgansyblgyjxatu/Build/Products/Debug-iphonesimulator/SwiftUIIntrospect -I /Users/sanjaykumar/Library/Developer/Xcode/DerivedData/VideoCallApp-evcapdoyusxvykgansyblgyjxatu/Build/Products/Debug-iphonesimulator/react-native-bottom-tabs -F /Users/sanjaykumar/Library/Developer/Xcode/DerivedData/VideoCallApp-evcapdoyusxvykgansyblgyjxatu/Build/Products/Debug-iphonesimulator -F /Users/sanjaykumar/Desktop/Newfolder/VideoCallApp/ios/Pods/React-Core-prebuilt -F /Users/sanjaykumar/Desktop/Newfolder/VideoCallApp/ios/Pods/ReactNativeDependencies/framework/packages/react-native -F /Users/sanjaykumar/Desktop/Newfolder/VideoCallApp/ios/Pods/hermes-engine/destroot/Library/Frameworks/universal -F /Users/sanjaykumar/Library/Developer/Xcode/DerivedData/VideoCallApp-evcapdoyusxvykgansyblgyjxatu/Build/Products/Debug-iphonesimulator/XCFrameworkIntermediates/React-Core-prebuilt -F /Users/sanjaykumar/Library/Developer/Xcode/DerivedData/VideoCallApp-evcapdoyusxvykgansyblgyjxatu/Build/Products/Debug-iphonesimulator/XCFrameworkIntermediates/ReactNativeDependencies -F /Users/sanjaykumar/Library/Developer/Xcode/DerivedData/VideoCallApp-evcapdoyusxvykgansyblgyjxatu/Build/Products/Debug-iphonesimulator/XCFrameworkIntermediates/hermes-engine/Pre-built -c -j10 -enable-batch-mode -incremental -Xcc -ivfsstatcache -Xcc /Users/sanjaykumar/Library/Developer/Xcode/DerivedData/SDKStatCaches.noindex/iphonesimulator26.5-23F81a-6cfe768891a92b912361537c460fe42b.sdkstatcache -output-file-map /Users/sanjaykumar/Library/Developer/Xcode/DerivedData/VideoCallApp-evcapdoyusxvykgansyblgyjxatu/Build/Intermediates.noindex/VideoCallApp.build/Debug-iphonesimulator/VideoCallApp.build/Objects-normal/arm64/VideoCallApp-OutputFileMap.json -use-frontend-parseable-output -save-temps -no-color-diagnostics -explicit-module-build -module-cache-path /Users/sanjaykumar/Library/Developer/Xcode/DerivedData/VideoCallApp-evcapdoyusxvykgansyblgyjxatu/Build/Intermediates.noindex/SwiftExplicitPrecompiledModules -clang-scanner-module-cache-path /Users/sanjaykumar/Library/Developer/Xcode/DerivedData/ModuleCache.noindex -sdk-module-cache-path /Users/sanjaykumar/Library/Developer/Xcode/DerivedData/ModuleCache.noindex -serialize-diagnostics -emit-dependencies -emit-module -emit-module-path /Users/sanjaykumar/Library/Developer/Xcode/DerivedData/VideoCallApp-evcapdoyusxvykgansyblgyjxatu/Build/Intermediates.noindex/VideoCallApp.build/Debug-iphonesimulator/VideoCallApp.build/Objects-normal/arm64/VideoCallApp.swiftmodule -validate-clang-modules-once -clang-build-session-file /Users/sanjaykumar/Library/Developer/Xcode/DerivedData/ModuleCache.noindex/Session.modulevalidation -Xcc -I/Users/sanjaykumar/Library/Developer/Xcode/DerivedData/VideoCallApp-evcapdoyusxvykgansyblgyjxatu/Build/Intermediates.noindex/VideoCallApp.build/Debug-iphonesimulator/VideoCallApp.build/swift-overrides.hmap -emit-const-values -Xfrontend -const-gather-protocols-file -Xfrontend /Users/sanjaykumar/Library/Developer/Xcode/DerivedData/VideoCallApp-evcapdoyusxvykgansyblgyjxatu/Build/Intermediates.noindex/VideoCallApp.build/Debug-iphonesimulator/VideoCallApp.build/Objects-normal/arm64/VideoCallApp_const_extract_protocols.json -Xcc -iquote -Xcc /Users/sanjaykumar/Library/Developer/Xcode/DerivedData/VideoCallApp-evcapdoyusxvykgansyblgyjxatu/Build/Intermediates.noindex/VideoCallApp.build/Debug-iphonesimulator/VideoCallApp.build/VideoCallApp-generated-files.hmap -Xcc -I/Users/sanjaykumar/Library/Developer/Xcode/DerivedData/VideoCallApp-evcapdoyusxvykgansyblgyjxatu/Build/Intermediates.noindex/VideoCallApp.build/Debug-iphonesimulator/VideoCallApp.build/VideoCallApp-own-target-headers.hmap -Xcc -I/Users/sanjaykumar/Library/Developer/Xcode/DerivedData/VideoCallApp-evcapdoyusxvykgansyblgyjxatu/Build/Intermediates.noindex/VideoCallApp.build/Debug-iphonesimulator/VideoCallApp.build/VideoCallApp-all-non-framework-target-headers.hmap -Xcc -ivfsoverlay -Xcc /Users/sanjaykumar/Library/Developer/Xcode/DerivedData/VideoCallApp-evcapdoyusxvykgansyblgyjxatu/Build/Intermediates.noindex/VideoCallApp.build/Debug-iphonesimulator/VideoCallApp-5cfc4fada1c9a598ee8695cfec64d2f6-VFS-iphonesimulator/all-product-headers.yaml -Xcc -iquote -Xcc /Users/sanjaykumar/Library/Developer/Xcode/DerivedData/VideoCallApp-evcapdoyusxvykgansyblgyjxatu/Build/Intermediates.noindex/VideoCallApp.build/Debug-iphonesimulator/VideoCallApp.build/VideoCallApp-project-headers.hmap -Xcc -I/Users/sanjaykumar/Library/Developer/Xcode/DerivedData/VideoCallApp-evcapdoyusxvykgansyblgyjxatu/Build/Products/Debug-iphonesimulator/include -Xcc -I/Users/sanjaykumar/Desktop/Newfolder/VideoCallApp/ios/Pods/Headers/Public -Xcc -I/Users/sanjaykumar/Desktop/Newfolder/VideoCallApp/ios/Pods/Headers/Public/RCTSwiftUIWrapper -Xcc -I/Users/sanjaykumar/Desktop/Newfolder/VideoCallApp/ios/Pods/Headers/Public/RCTTypeSafety -Xcc -I/Users/sanjaykumar/Desktop/Newfolder/VideoCallApp/ios/Pods/Headers/Public/React-Core-prebuilt -Xcc -I/Users/sanjaykumar/Desktop/Newfolder/VideoCallApp/ios/Pods/Headers/Public/React-CoreModules -Xcc -I/Users/sanjaykumar/Desktop/Newfolder/VideoCallApp/ios/Pods/Headers/Public/React-Fabric -Xcc -I/Users/sanjaykumar/Desktop/Newfolder/VideoCallApp/ios/Pods/Headers/Public/React-FabricComponents -Xcc -I/Users/sanjaykumar/Desktop/Newfolder/VideoCallApp/ios/Pods/Headers/Public/React-FabricImage -Xcc -I/Users/sanjaykumar/Desktop/Newfolder/VideoCallApp/ios/Pods/Headers/Public/React-ImageManager -Xcc -I/Users/sanjaykumar/Desktop/Newfolder/VideoCallApp/ios/Pods/Headers/Public/React-Mapbuffer -Xcc -I/Users/sanjaykumar/Desktop/Newfolder/VideoCallApp/ios/Pods/Headers/Public/React-NativeModulesApple -Xcc -I/Users/sanjaykumar/Desktop/Newfolder/VideoCallApp/ios/Pods/Headers/Public/React-RCTAnimatedModuleProvider -Xcc -I/Users/sanjaykumar/Desktop/Newfolder/VideoCallApp/ios/Pods/Headers/Public/React-RCTAnimation -Xcc -I/Users/sanjaykumar/Desktop/Newfolder/VideoCallApp/ios/Pods/Headers/Public/React-RCTAppDelegate -Xcc -I/Users/sanjaykumar/Desktop/Newfolder/VideoCallApp/ios/Pods/Headers/Public/React-RCTBlob -Xcc -I/Users/sanjaykumar/Desktop/Newfolder/VideoCallApp/ios/Pods/Headers/Public/React-RCTFBReactNativeSpec -Xcc -I/Users/sanjaykumar/Desktop/Newfolder/VideoCallApp/ios/Pods/Headers/Public/React-RCTFabric -Xcc -I/Users/sanjaykumar/Desktop/Newfolder/VideoCallApp/ios/Pods/Headers/Public/React-RCTImage -Xcc -I/Users/sanjaykumar/Desktop/Newfolder/VideoCallApp/ios/Pods/Headers/Public/React-RCTSettings -Xcc -I/Users/sanjaykumar/Desktop/Newfolder/VideoCallApp/ios/Pods/Headers/Public/React-RCTText -Xcc -I/Users/sanjaykumar/Desktop/Newfolder/VideoCallApp/ios/Pods/Headers/Public/React-RCTVibration -Xcc -I/Users/sanjaykumar/Desktop/Newfolder/VideoCallApp/ios/Pods/Headers/Public/React-RuntimeApple -Xcc -I/Users/sanjaykumar/Desktop/Newfolder/VideoCallApp/ios/Pods/Headers/Public/React-RuntimeCore -Xcc -I/Users/sanjaykumar/Desktop/Newfolder/VideoCallApp/ios/Pods/Headers/Public/React-RuntimeHermes -Xcc -I/Users/sanjaykumar/Desktop/Newfolder/VideoCallApp/ios/Pods/Headers/Public/React-bridging -Xcc -I/Users/sanjaykumar/Desktop/Newfolder/VideoCallApp/ios/Pods/Headers/Public/React-callinvoker -Xcc -I/Users/sanjaykumar/Desktop/Newfolder/VideoCallApp/ios/Pods/Headers/Public/React-cxxreact -Xcc -I/Users/sanjaykumar/Desktop/Newfolder/VideoCallApp/ios/Pods/Headers/Public/React-cxxstableapi -Xcc -I/Users/sanjaykumar/Desktop/Newfolder/VideoCallApp/ios/Pods/Headers/Public/React-debug -Xcc -I/Users/sanjaykumar/Desktop/Newfolder/VideoCallApp/ios/Pods/Headers/Public/React-defaultsnativemodule -Xcc -I/Users/sanjaykumar/Desktop/Newfolder/VideoCallApp/ios/Pods/Headers/Public/React-domnativemodule -Xcc -I/Users/sanjaykumar/Desktop/Newfolder/VideoCallApp/ios/Pods/Headers/Public/React-featureflags -Xcc -I/Users/sanjaykumar/Desktop/Newfolder/VideoCallApp/ios/Pods/Headers/Public/React-featureflagsnativemodule -Xcc -I/Users/sanjaykumar/Desktop/Newfolder/VideoCallApp/ios/Pods/Headers/Public/React-graphics -Xcc -I/Users/sanjaykumar/Desktop/Newfolder/VideoCallApp/ios/Pods/Headers/Public/React-hermes -Xcc -I/Users/sanjaykumar/Desktop/Newfolder/VideoCallApp/ios/Pods/Headers/Public/React-idlecallbacksnativemodule -Xcc -I/Users/sanjaykumar/Desktop/Newfolder/VideoCallApp/ios/Pods/Headers/Public/React-intersectionobservernativemodule -Xcc -I/Users/sanjaykumar/Desktop/Newfolder/VideoCallApp/ios/Pods/Headers/Public/React-jserrorhandler -Xcc -I/Users/sanjaykumar/Desktop/Newfolder/VideoCallApp/ios/Pods/Headers/Public/React-jsi -Xcc -I/Users/sanjaykumar/Desktop/Newfolder/VideoCallApp/ios/Pods/Headers/Public/React-jsiexecutor -Xcc -I/Users/sanjaykumar/Desktop/Newfolder/VideoCallApp/ios/Pods/Headers/Public/React-jsinspector -Xcc -I/Users/sanjaykumar/Desktop/Newfolder/VideoCallApp/ios/Pods/Headers/Public/React-jsinspectorcdp -Xcc -I/Users/sanjaykumar/Desktop/Newfolder/VideoCallApp/ios/Pods/Headers/Public/React-jsinspectornetwork -Xcc -I/Users/sanjaykumar/Desktop/Newfolder/VideoCallApp/ios/Pods/Headers/Public/React-jsinspectortracing -Xcc -I/Users/sanjaykumar/Desktop/Newfolder/VideoCallApp/ios/Pods/Headers/Public/React-jsitooling -Xcc -I/Users/sanjaykumar/Desktop/Newfolder/VideoCallApp/ios/Pods/Headers/Public/React-logger -Xcc -I/Users/sanjaykumar/Desktop/Newfolder/VideoCallApp/ios/Pods/Headers/Public/React-microtasksnativemodule -Xcc -I/Users/sanjaykumar/Desktop/Newfolder/VideoCallApp/ios/Pods/Headers/Public/React-mutationobservernativemodule -Xcc -I/Users/sanjaykumar/Desktop/Newfolder/VideoCallApp/ios/Pods/Headers/Public/React-networking -Xcc -I/Users/sanjaykumar/Desktop/Newfolder/VideoCallApp/ios/Pods/Headers/Public/React-oscompat -Xcc -I/Users/sanjaykumar/Desktop/Newfolder/VideoCallApp/ios/Pods/Headers/Public/React-perflogger -Xcc -I/Users/sanjaykumar/Desktop/Newfolder/VideoCallApp/ios/Pods/Headers/Public/React-performancecdpmetrics -Xcc -I/Users/sanjaykumar/Desktop/Newfolder/VideoCallApp/ios/Pods/Headers/Public/React-performancetimeline -Xcc -I/Users/sanjaykumar/Desktop/Newfolder/VideoCallApp/ios/Pods/Headers/Public/React-rendererconsistency -Xcc -I/Users/sanjaykumar/Desktop/Newfolder/VideoCallApp/ios/Pods/Headers/Public/React-renderercss -Xcc -I/Users/sanjaykumar/Desktop/Newfolder/VideoCallApp/ios/Pods/Headers/Public/React-rendererdebug -Xcc -I/Users/sanjaykumar/Desktop/Newfolder/VideoCallApp/ios/Pods/Headers/Public/React-runtimeexecutor -Xcc -I/Users/sanjaykumar/Desktop/Newfolder/VideoCallApp/ios/Pods/Headers/Public/React-runtimescheduler -Xcc -I/Users/sanjaykumar/Desktop/Newfolder/VideoCallApp/ios/Pods/Headers/Public/React-timing -Xcc -I/Users/sanjaykumar/Desktop/Newfolder/VideoCallApp/ios/Pods/Headers/Public/React-utils -Xcc -I/Users/sanjaykumar/Desktop/Newfolder/VideoCallApp/ios/Pods/Headers/Public/React-viewtransitionnativemodule -Xcc -I/Users/sanjaykumar/Desktop/Newfolder/VideoCallApp/ios/Pods/Headers/Public/React-webperformancenativemodule -Xcc -I/Users/sanjaykumar/Desktop/Newfolder/VideoCallApp/ios/Pods/Headers/Public/ReactAppDependencyProvider -Xcc -I/Users/sanjaykumar/Desktop/Newfolder/VideoCallApp/ios/Pods/Headers/Public/ReactCodegen -Xcc -I/Users/sanjaykumar/Desktop/Newfolder/VideoCallApp/ios/Pods/Headers/Public/ReactCommon -Xcc -I/Users/sanjaykumar/Desktop/Newfolder/VideoCallApp/ios/Pods/Headers/Public/ReactNativeDependencies -Xcc -I/Users/sanjaykumar/Desktop/Newfolder/VideoCallApp/ios/Pods/Headers/Public/hermes-engine -Xcc -I/Users/sanjaykumar/Desktop/Newfolder/VideoCallApp/ios/Pods/Headers/Public/react-native-bottom-tabs -Xcc -I/Users/sanjaykumar/Desktop/Newfolder/VideoCallApp/ios/Pods/Headers/Public/react-native-safe-area-context -Xcc -I/Users/sanjaykumar/Desktop/Newfolder/VideoCallApp/ios/Pods/Headers/Private/React-Core -Xcc -I/Users/sanjaykumar/Desktop/Newfolder/VideoCallApp/ios/Pods/Headers/Private/Yoga -Xcc -I/Users/sanjaykumar/Desktop/Newfolder/VideoCallApp/ios/Pods/React-Core-prebuilt/Headers -Xcc -I/Users/sanjaykumar/Desktop/Newfolder/VideoCallApp/ios/Pods/ReactNativeDependencies/Headers -Xcc -I/Users/sanjaykumar/Library/Developer/Xcode/DerivedData/VideoCallApp-evcapdoyusxvykgansyblgyjxatu/Build/Intermediates.noindex/VideoCallApp.build/Debug-iphonesimulator/VideoCallApp.build/DerivedSources-normal/arm64 -Xcc -I/Users/sanjaykumar/Library/Developer/Xcode/DerivedData/VideoCallApp-evcapdoyusxvykgansyblgyjxatu/Build/Intermediates.noindex/VideoCallApp.build/Debug-iphonesimulator/VideoCallApp.build/DerivedSources/arm64 -Xcc -I/Users/sanjaykumar/Library/Developer/Xcode/DerivedData/VideoCallApp-evcapdoyusxvykgansyblgyjxatu/Build/Intermediates.noindex/VideoCallApp.build/Debug-iphonesimulator/VideoCallApp.build/DerivedSources -Xcc -DDEBUG\=1 -Xcc -DCOCOAPODS\=1 -emit-objc-header -emit-objc-header-path /Users/sanjaykumar/Library/Developer/Xcode/DerivedData/VideoCallApp-evcapdoyusxvykgansyblgyjxatu/Build/Intermediates.noindex/VideoCallApp.build/Debug-iphonesimulator/VideoCallApp.build/Objects-normal/arm64/VideoCallApp-Swift.h -working-directory /Users/sanjaykumar/Desktop/Newfolder/VideoCallApp/ios -experimental-emit-module-separately -disable-cmo

SwiftExplicitDependencyGeneratePcm x86_64 /Users/sanjaykumar/Library/Developer/Xcode/DerivedData/ModuleCache.noindex/Dispatch-3JD1KYMC8SMJG3B7ISB9GS0OS.pcm

SwiftExplicitDependencyGeneratePcm x86_64 /Users/sanjaykumar/Library/Developer/Xcode/DerivedData/ModuleCache.noindex/XPC-33C2970J4QFQQF4WLM7NQVX0Q.pcm

SwiftExplicitDependencyGeneratePcm x86_64 /Users/sanjaykumar/Library/Developer/Xcode/DerivedData/ModuleCache.noindex/CoreFoundation-12UQSFZM8V93H3PUX7UK53FG1.pcm

SwiftExplicitDependencyGeneratePcm x86_64 /Users/sanjaykumar/Library/Developer/Xcode/DerivedData/ModuleCache.noindex/os-4QBDCEJ1IAIZ9E85SWZ44PVRE.pcm

SwiftExplicitDependencyGeneratePcm x86_64 /Users/sanjaykumar/Library/Developer/Xcode/DerivedData/ModuleCache.noindex/CFNetwork-8UDBH3H7A0ALQ7PHH3TJDHVUA.pcm

SwiftExplicitDependencyGeneratePcm x86_64 /Users/sanjaykumar/Library/Developer/Xcode/DerivedData/ModuleCache.noindex/Security-DYZS0C5GYLO9QA99H4YX5JSRJ.pcm

SwiftExplicitDependencyGeneratePcm x86_64 /Users/sanjaykumar/Library/Developer/Xcode/DerivedData/ModuleCache.noindex/CoreGraphics-CBKF9798CRQAT74YE8PV17C0U.pcm

SwiftExplicitDependencyGeneratePcm x86_64 /Users/sanjaykumar/Library/Developer/Xcode/DerivedData/ModuleCache.noindex/Spatial-8NPIB28NHZODHXH1Y2YPK3XGQ.pcm

SwiftExplicitDependencyGeneratePcm x86_64 /Users/sanjaykumar/Library/Developer/Xcode/DerivedData/ModuleCache.noindex/Foundation-B7I9YUEX6Y3T463PFM593VC2V.pcm

SwiftExplicitDependencyGeneratePcm x86_64 /Users/sanjaykumar/Library/Developer/Xcode/DerivedData/ModuleCache.noindex/ImageIO-7CPZ9ETJHW988UUCTSU5GWGT6.pcm

SwiftExplicitDependencyGeneratePcm x86_64 /Users/sanjaykumar/Library/Developer/Xcode/DerivedData/ModuleCache.noindex/CoreText-BZZ4NJNVVCST3NZXB9UP8QLDT.pcm

SwiftExplicitDependencyGeneratePcm x86_64 /Users/sanjaykumar/Library/Developer/Xcode/DerivedData/VideoCallApp-evcapdoyusxvykgansyblgyjxatu/Build/Intermediates.noindex/SwiftExplicitPrecompiledModules/yoga-6R6CGZAMK7POMHPDVZYXDOUSJ.pcm

SwiftExplicitDependencyGeneratePcm x86_64 /Users/sanjaykumar/Library/Developer/Xcode/DerivedData/ModuleCache.noindex/UserNotifications-2VY2FJESTUXKMLTUVNYSSAI27.pcm

SwiftExplicitDependencyGeneratePcm x86_64 /Users/sanjaykumar/Library/Developer/Xcode/DerivedData/ModuleCache.noindex/UIUtilities-4FF23DTM1ZTPT5I8ZMYJZAWAI.pcm

SwiftExplicitDependencyGeneratePcm x86_64 /Users/sanjaykumar/Library/Developer/Xcode/DerivedData/ModuleCache.noindex/IOSurface-5NTUGOIQURPDMFX9VMOM70FH4.pcm

SwiftExplicitDependencyGeneratePcm x86_64 /Users/sanjaykumar/Library/Developer/Xcode/DerivedData/ModuleCache.noindex/DataDetection-DKEVVY3B8E3C7WACT52OKX37E.pcm

SwiftExplicitDependencyGeneratePcm x86_64 /Users/sanjaykumar/Library/Developer/Xcode/DerivedData/ModuleCache.noindex/OpenGLES-8NXNCD9FV9SXHKTQHHMY5HX25.pcm

SwiftExplicitDependencyGeneratePcm x86_64 /Users/sanjaykumar/Library/Developer/Xcode/DerivedData/ModuleCache.noindex/FileProvider-5FEF2DIHU4U3LN6S7JTLBG5CU.pcm

SwiftExplicitDependencyGeneratePcm x86_64 /Users/sanjaykumar/Library/Developer/Xcode/DerivedData/ModuleCache.noindex/UniformTypeIdentifiers-DSKWT35CXZWB1FEPRRL1519ZY.pcm

SwiftExplicitDependencyGeneratePcm x86_64 /Users/sanjaykumar/Library/Developer/Xcode/DerivedData/ModuleCache.noindex/CoreData-5JC4G4D4N4VH2SE2U92YNM45F.pcm

SwiftExplicitDependencyGeneratePcm x86_64 /Users/sanjaykumar/Library/Developer/Xcode/DerivedData/ModuleCache.noindex/Symbols-5E1AJKFIODMK163KY16442XB1.pcm

SwiftExplicitDependencyGeneratePcm x86_64 /Users/sanjaykumar/Library/Developer/Xcode/DerivedData/ModuleCache.noindex/CoreTransferable-8026AODO19U3WFUK6NCQRFJMB.pcm

SwiftExplicitDependencyGeneratePcm x86_64 /Users/sanjaykumar/Library/Developer/Xcode/DerivedData/ModuleCache.noindex/OSLog-2XZBO8WMPBT0VVVV4P30QCF47.pcm

SwiftExplicitDependencyGeneratePcm x86_64 /Users/sanjaykumar/Library/Developer/Xcode/DerivedData/ModuleCache.noindex/Accessibility-26VBMENT580WYV0WJ1UEFOX43.pcm

SwiftExplicitDependencyGeneratePcm x86_64 /Users/sanjaykumar/Library/Developer/Xcode/DerivedData/ModuleCache.noindex/Metal-8F95KNIK9NQBHAXA7MLWCMNFJ.pcm

SwiftExplicitDependencyGeneratePcm x86_64 /Users/sanjaykumar/Library/Developer/Xcode/DerivedData/ModuleCache.noindex/CoreVideo-CO5JK9EDMRWEY7AJ612P2JWXB.pcm

SwiftExplicitDependencyGeneratePcm x86_64 /Users/sanjaykumar/Library/Developer/Xcode/DerivedData/ModuleCache.noindex/QuartzCore-84DCZLVVWCPSMPHBPQ78IBJSP.pcm

SwiftExplicitDependencyGeneratePcm x86_64 /Users/sanjaykumar/Library/Developer/Xcode/DerivedData/ModuleCache.noindex/CoreImage-E335MGFI0CLIUVIWS9XV8GRGY.pcm

SwiftExplicitDependencyGeneratePcm x86_64 /Users/sanjaykumar/Library/Developer/Xcode/DerivedData/ModuleCache.noindex/Accelerate-3WOY0FJJMPBMNH1EIHVUL0SXE.pcm

SwiftExplicitDependencyGeneratePcm x86_64 /Users/sanjaykumar/Library/Developer/Xcode/DerivedData/ModuleCache.noindex/SwiftUICore-2KOM8KW0V4O8OV4QA7F2DBUAD.pcm

SwiftExplicitDependencyGeneratePcm x86_64 /Users/sanjaykumar/Library/Developer/Xcode/DerivedData/ModuleCache.noindex/UIKit-1KKFCWXV4A3R3YV36L5X2YLMS.pcm

SwiftExplicitDependencyGeneratePcm x86_64 /Users/sanjaykumar/Library/Developer/Xcode/DerivedData/VideoCallApp-evcapdoyusxvykgansyblgyjxatu/Build/Intermediates.noindex/SwiftExplicitPrecompiledModules/ReactAppDependencyProvider-38D3YLZD5VKHNO2RNZUP0HJ7W.pcm

SwiftExplicitDependencyGeneratePcm x86_64 /Users/sanjaykumar/Library/Developer/Xcode/DerivedData/ModuleCache.noindex/SwiftUI-CO2RC554V40KS2LRBLXWLEY1K.pcm

SwiftExplicitDependencyGeneratePcm x86_64 /Users/sanjaykumar/Library/Developer/Xcode/DerivedData/VideoCallApp-evcapdoyusxvykgansyblgyjxatu/Build/Intermediates.noindex/SwiftExplicitPrecompiledModules/React-BL60WQDVESLX7KPHRYIHOUJ3B.pcm
<module-includes>:1:9: note: in file included from <module-includes>:1:
1 | #import "Headers/React-umbrella.h"
  |         `- note: in file included from <module-includes>:1:
2 | #import "Headers/RCTBridge+Private.h"
3 | 

/Users/sanjaykumar/Library/Developer/Xcode/DerivedData/VideoCallApp-evcapdoyusxvykgansyblgyjxatu/Build/Products/Debug-iphonesimulator/XCFrameworkIntermediates/React-Core-prebuilt/React.framework/Headers/React-umbrella.h:84:9: note: in file included from /Users/sanjaykumar/Library/Developer/Xcode/DerivedData/VideoCallApp-evcapdoyusxvykgansyblgyjxatu/Build/Products/Debug-iphonesimulator/XCFrameworkIntermediates/React-Core-prebuilt/React.framework/Headers/React-umbrella.h:84:
 82 | #import <React/RCTGIFImageDecoder.h>
 83 | #import <React/RCTGenericDelegateSplitter.h>
 84 | #import <React/RCTHTTPRequestHandler.h>
    |         `- note: in file included from /Users/sanjaykumar/Library/Developer/Xcode/DerivedData/VideoCallApp-evcapdoyusxvykgansyblgyjxatu/Build/Products/Debug-iphonesimulator/XCFrameworkIntermediates/React-Core-prebuilt/React.framework/Headers/React-umbrella.h:84:
 85 | #import <React/RCTHermesInstanceFactory.h>
 86 | #import <React/RCTI18nManager.h>

/Users/sanjaykumar/Library/Developer/Xcode/DerivedData/VideoCallApp-evcapdoyusxvykgansyblgyjxatu/Build/Products/Debug-iphonesimulator/XCFrameworkIntermediates/React-Core-prebuilt/React.framework/Headers/RCTHTTPRequestHandler.h:16:63: warning: block pointer is missing a nullability type specifier (_Nonnull, _Nullable, or _Null_unspecified)
14 |  * app.
15 |  */
16 | RCT_EXTERN void RCTSetCustomNSURLSessionConfigurationProvider(NSURLSessionConfigurationProvider /*provider*/);
   |                                                               |- warning: block pointer is missing a nullability type specifier (_Nonnull, _Nullable, or _Null_unspecified)
   |                                                               |- note: insert '_Nullable' if the block pointer may be null
   |                                                               `- note: insert '_Nonnull' if the block pointer should never be null
17 | 
18 | typedef NSURLRequest *_Nullable (^RCTHTTPRequestInterceptor)(NSURLRequest *request);

<module-includes>:1:9: note: in file included from <module-includes>:1:
1 | #import "Headers/React-umbrella.h"
  |         `- note: in file included from <module-includes>:1:
2 | #import "Headers/RCTBridge+Private.h"
3 | 

/Users/sanjaykumar/Library/Developer/Xcode/DerivedData/VideoCallApp-evcapdoyusxvykgansyblgyjxatu/Build/Products/Debug-iphonesimulator/XCFrameworkIntermediates/React-Core-prebuilt/React.framework/Headers/React-umbrella.h:84:9: note: in file included from /Users/sanjaykumar/Library/Developer/Xcode/DerivedData/VideoCallApp-evcapdoyusxvykgansyblgyjxatu/Build/Products/Debug-iphonesimulator/XCFrameworkIntermediates/React-Core-prebuilt/React.framework/Headers/React-umbrella.h:84:
 82 | #import <React/RCTGIFImageDecoder.h>
 83 | #import <React/RCTGenericDelegateSplitter.h>
 84 | #import <React/RCTHTTPRequestHandler.h>
    |         `- note: in file included from /Users/sanjaykumar/Library/Developer/Xcode/DerivedData/VideoCallApp-evcapdoyusxvykgansyblgyjxatu/Build/Products/Debug-iphonesimulator/XCFrameworkIntermediates/React-Core-prebuilt/React.framework/Headers/React-umbrella.h:84:
 85 | #import <React/RCTHermesInstanceFactory.h>
 86 | #import <React/RCTI18nManager.h>

/Users/sanjaykumar/Library/Developer/Xcode/DerivedData/VideoCallApp-evcapdoyusxvykgansyblgyjxatu/Build/Products/Debug-iphonesimulator/XCFrameworkIntermediates/React-Core-prebuilt/React.framework/Headers/RCTHTTPRequestHandler.h:18:75: warning: pointer is missing a nullability type specifier (_Nonnull, _Nullable, or _Null_unspecified)
16 | RCT_EXTERN void RCTSetCustomNSURLSessionConfigurationProvider(NSURLSessionConfigurationProvider /*provider*/);
17 | 
18 | typedef NSURLRequest *_Nullable (^RCTHTTPRequestInterceptor)(NSURLRequest *request);
   |                                                                           |- warning: pointer is missing a nullability type specifier (_Nonnull, _Nullable, or _Null_unspecified)
   |                                                                           |- note: insert '_Nullable' if the pointer may be null
   |                                                                           `- note: insert '_Nonnull' if the pointer should never be null
19 | /**
20 |  * The block provided via this function can inspect/modify HTTP requests before

<module-includes>:1:9: note: in file included from <module-includes>:1:
1 | #import "Headers/React-umbrella.h"
  |         `- note: in file included from <module-includes>:1:
2 | #import "Headers/RCTBridge+Private.h"
3 | 

/Users/sanjaykumar/Library/Developer/Xcode/DerivedData/VideoCallApp-evcapdoyusxvykgansyblgyjxatu/Build/Products/Debug-iphonesimulator/XCFrameworkIntermediates/React-Core-prebuilt/React.framework/Headers/React-umbrella.h:84:9: note: in file included from /Users/sanjaykumar/Library/Developer/Xcode/DerivedData/VideoCallApp-evcapdoyusxvykgansyblgyjxatu/Build/Products/Debug-iphonesimulator/XCFrameworkIntermediates/React-Core-prebuilt/React.framework/Headers/React-umbrella.h:84:
 82 | #import <React/RCTGIFImageDecoder.h>
 83 | #import <React/RCTGenericDelegateSplitter.h>
 84 | #import <React/RCTHTTPRequestHandler.h>
    |         `- note: in file included from /Users/sanjaykumar/Library/Developer/Xcode/DerivedData/VideoCallApp-evcapdoyusxvykgansyblgyjxatu/Build/Products/Debug-iphonesimulator/XCFrameworkIntermediates/React-Core-prebuilt/React.framework/Headers/React-umbrella.h:84:
 85 | #import <React/RCTHermesInstanceFactory.h>
 86 | #import <React/RCTI18nManager.h>

/Users/sanjaykumar/Library/Developer/Xcode/DerivedData/VideoCallApp-evcapdoyusxvykgansyblgyjxatu/Build/Products/Debug-iphonesimulator/XCFrameworkIntermediates/React-Core-prebuilt/React.framework/Headers/RCTHTTPRequestHandler.h:24:52: warning: block pointer is missing a nullability type specifier (_Nonnull, _Nullable, or _Null_unspecified)
22 |  * original request unchanged.
23 |  */
24 | RCT_EXTERN void RCTSetCustomHTTPRequestInterceptor(RCTHTTPRequestInterceptor /*interceptor*/);
   |                                                    |- warning: block pointer is missing a nullability type specifier (_Nonnull, _Nullable, or _Null_unspecified)
   |                                                    |- note: insert '_Nullable' if the block pointer may be null
   |                                                    `- note: insert '_Nonnull' if the block pointer should never be null
25 | 
26 | /**

<module-includes>:1:9: note: in file included from <module-includes>:1:
1 | #import "Headers/React-umbrella.h"
  |         `- note: in file included from <module-includes>:1:
2 | #import "Headers/RCTBridge+Private.h"
3 | 

/Users/sanjaykumar/Library/Developer/Xcode/DerivedData/VideoCallApp-evcapdoyusxvykgansyblgyjxatu/Build/Products/Debug-iphonesimulator/XCFrameworkIntermediates/React-Core-prebuilt/React.framework/Headers/React-umbrella.h:136:9: note: in file included from /Users/sanjaykumar/Library/Developer/Xcode/DerivedData/VideoCallApp-evcapdoyusxvykgansyblgyjxatu/Build/Products/Debug-iphonesimulator/XCFrameworkIntermediates/React-Core-prebuilt/React.framework/Headers/React-umbrella.h:136:
134 | #import <React/RCTModuleMethod.h>
135 | #import <React/RCTModuloAnimatedNode.h>
136 | #import <React/RCTMultipartDataTask.h>
    |         `- note: in file included from /Users/sanjaykumar/Library/Developer/Xcode/DerivedData/VideoCallApp-evcapdoyusxvykgansyblgyjxatu/Build/Products/Debug-iphonesimulator/XCFrameworkIntermediates/React-Core-prebuilt/React.framework/Headers/React-umbrella.h:136:
137 | #import <React/RCTMultipartStreamReader.h>
138 | #import <React/RCTMultiplicationAnimatedNode.h>

/Users/sanjaykumar/Library/Developer/Xcode/DerivedData/VideoCallApp-evcapdoyusxvykgansyblgyjxatu/Build/Products/Debug-iphonesimulator/XCFrameworkIntermediates/React-Core-prebuilt/React.framework/Headers/RCTMultipartDataTask.h:15:18: warning: pointer is missing a nullability type specifier (_Nonnull, _Nullable, or _Null_unspecified)
13 | typedef void (^RCTMultipartDataTaskCallback)(
14 |     NSInteger statusCode,
15 |     NSDictionary *headers,
   |                  |- warning: pointer is missing a nullability type specifier (_Nonnull, _Nullable, or _Null_unspecified)
   |                  |- note: insert '_Nullable' if the pointer may be null
   |                  `- note: insert '_Nonnull' if the pointer should never be null
16 |     NSData *content,
17 |     NSError *error,

<module-includes>:1:9: note: in file included from <module-includes>:1:
1 | #import "Headers/React-umbrella.h"
  |         `- note: in file included from <module-includes>:1:
2 | #import "Headers/RCTBridge+Private.h"
3 | 

/Users/sanjaykumar/Library/Developer/Xcode/DerivedData/VideoCallApp-evcapdoyusxvykgansyblgyjxatu/Build/Products/Debug-iphonesimulator/XCFrameworkIntermediates/React-Core-prebuilt/React.framework/Headers/React-umbrella.h:136:9: note: in file included from /Users/sanjaykumar/Library/Developer/Xcode/DerivedData/VideoCallApp-evcapdoyusxvykgansyblgyjxatu/Build/Products/Debug-iphonesimulator/XCFrameworkIntermediates/React-Core-prebuilt/React.framework/Headers/React-umbrella.h:136:
134 | #import <React/RCTModuleMethod.h>
135 | #import <React/RCTModuloAnimatedNode.h>
136 | #import <React/RCTMultipartDataTask.h>
    |         `- note: in file included from /Users/sanjaykumar/Library/Developer/Xcode/DerivedData/VideoCallApp-evcapdoyusxvykgansyblgyjxatu/Build/Products/Debug-iphonesimulator/XCFrameworkIntermediates/React-Core-prebuilt/React.framework/Headers/React-umbrella.h:136:
137 | #import <React/RCTMultipartStreamReader.h>
138 | #import <React/RCTMultiplicationAnimatedNode.h>

/Users/sanjaykumar/Library/Developer/Xcode/DerivedData/VideoCallApp-evcapdoyusxvykgansyblgyjxatu/Build/Products/Debug-iphonesimulator/XCFrameworkIntermediates/React-Core-prebuilt/React.framework/Headers/RCTMultipartDataTask.h:26:65: warning: block pointer is missing a nullability type specifier (_Nonnull, _Nullable, or _Null_unspecified)
24 |  * to use the original request unchanged.
25 |  */
26 | RCT_EXTERN void RCTSetCustomMultipartDataTaskRequestInterceptor(RCTMultipartDataTaskRequestInterceptor /*interceptor*/);
   |                                                                 |- warning: block pointer is missing a nullability type specifier (_Nonnull, _Nullable, or _Null_unspecified)
   |                                                                 |- note: insert '_Nullable' if the block pointer may be null
   |                                                                 `- note: insert '_Nonnull' if the block pointer should never be null
27 | 
28 | @interface RCTMultipartDataTask : NSObject

<module-includes>:1:9: note: in file included from <module-includes>:1:
1 | #import "Headers/React-umbrella.h"
  |         `- note: in file included from <module-includes>:1:
2 | #import "Headers/RCTBridge+Private.h"
3 | 

/Users/sanjaykumar/Library/Developer/Xcode/DerivedData/VideoCallApp-evcapdoyusxvykgansyblgyjxatu/Build/Products/Debug-iphonesimulator/XCFrameworkIntermediates/React-Core-prebuilt/React.framework/Headers/React-umbrella.h:136:9: note: in file included from /Users/sanjaykumar/Library/Developer/Xcode/DerivedData/VideoCallApp-evcapdoyusxvykgansyblgyjxatu/Build/Products/Debug-iphonesimulator/XCFrameworkIntermediates/React-Core-prebuilt/React.framework/Headers/React-umbrella.h:136:
134 | #import <React/RCTModuleMethod.h>
135 | #import <React/RCTModuloAnimatedNode.h>
136 | #import <React/RCTMultipartDataTask.h>
    |         `- note: in file included from /Users/sanjaykumar/Library/Developer/Xcode/DerivedData/VideoCallApp-evcapdoyusxvykgansyblgyjxatu/Build/Products/Debug-iphonesimulator/XCFrameworkIntermediates/React-Core-prebuilt/React.framework/Headers/React-umbrella.h:136:
137 | #import <React/RCTMultipartStreamReader.h>
138 | #import <React/RCTMultiplicationAnimatedNode.h>

/Users/sanjaykumar/Library/Developer/Xcode/DerivedData/VideoCallApp-evcapdoyusxvykgansyblgyjxatu/Build/Products/Debug-iphonesimulator/XCFrameworkIntermediates/React-Core-prebuilt/React.framework/Headers/RCTMultipartDataTask.h:30:4: warning: pointer is missing a nullability type specifier (_Nonnull, _Nullable, or _Null_unspecified)
28 | @interface RCTMultipartDataTask : NSObject
29 | 
30 | - (instancetype)initWithURL:(NSURL *)url
   |    |- warning: pointer is missing a nullability type specifier (_Nonnull, _Nullable, or _Null_unspecified)
   |    |- note: insert '_Nullable' if the pointer may be null
   |    `- note: insert '_Nonnull' if the pointer should never be null
31 |                 partHandler:(RCTMultipartDataTaskCallback)partHandler
32 |             progressHandler:(RCTMultipartProgressCallback)progressHandler;

<module-includes>:1:9: note: in file included from <module-includes>:1:
1 | #import "Headers/React-umbrella.h"
  |         `- note: in file included from <module-includes>:1:
2 | #import "Headers/RCTBridge+Private.h"
3 | 

/Users/sanjaykumar/Library/Developer/Xcode/DerivedData/VideoCallApp-evcapdoyusxvykgansyblgyjxatu/Build/Products/Debug-iphonesimulator/XCFrameworkIntermediates/React-Core-prebuilt/React.framework/Headers/React-umbrella.h:136:9: note: in file included from /Users/sanjaykumar/Library/Developer/Xcode/DerivedData/VideoCallApp-evcapdoyusxvykgansyblgyjxatu/Build/Products/Debug-iphonesimulator/XCFrameworkIntermediates/React-Core-prebuilt/React.framework/Headers/React-umbrella.h:136:
134 | #import <React/RCTModuleMethod.h>
135 | #import <React/RCTModuloAnimatedNode.h>
136 | #import <React/RCTMultipartDataTask.h>
    |         `- note: in file included from /Users/sanjaykumar/Library/Developer/Xcode/DerivedData/VideoCallApp-evcapdoyusxvykgansyblgyjxatu/Build/Products/Debug-iphonesimulator/XCFrameworkIntermediates/React-Core-prebuilt/React.framework/Headers/React-umbrella.h:136:
137 | #import <React/RCTMultipartStreamReader.h>
138 | #import <React/RCTMultiplicationAnimatedNode.h>

/Users/sanjaykumar/Library/Developer/Xcode/DerivedData/VideoCallApp-evcapdoyusxvykgansyblgyjxatu/Build/Products/Debug-iphonesimulator/XCFrameworkIntermediates/React-Core-prebuilt/React.framework/Headers/RCTMultipartDataTask.h:30:36: warning: pointer is missing a nullability type specifier (_Nonnull, _Nullable, or _Null_unspecified)
28 | @interface RCTMultipartDataTask : NSObject
29 | 
30 | - (instancetype)initWithURL:(NSURL *)url
   |                                    |- warning: pointer is missing a nullability type specifier (_Nonnull, _Nullable, or _Null_unspecified)
   |                                    |- note: insert '_Nullable' if the pointer may be null
   |                                    `- note: insert '_Nonnull' if the pointer should never be null
31 |                 partHandler:(RCTMultipartDataTaskCallback)partHandler
32 |             progressHandler:(RCTMultipartProgressCallback)progressHandler;

<module-includes>:1:9: note: in file included from <module-includes>:1:
1 | #import "Headers/React-umbrella.h"
  |         `- note: in file included from <module-includes>:1:
2 | #import "Headers/RCTBridge+Private.h"
3 | 

/Users/sanjaykumar/Library/Developer/Xcode/DerivedData/VideoCallApp-evcapdoyusxvykgansyblgyjxatu/Build/Products/Debug-iphonesimulator/XCFrameworkIntermediates/React-Core-prebuilt/React.framework/Headers/React-umbrella.h:136:9: note: in file included from /Users/sanjaykumar/Library/Developer/Xcode/DerivedData/VideoCallApp-evcapdoyusxvykgansyblgyjxatu/Build/Products/Debug-iphonesimulator/XCFrameworkIntermediates/React-Core-prebuilt/React.framework/Headers/React-umbrella.h:136:
134 | #import <React/RCTModuleMethod.h>
135 | #import <React/RCTModuloAnimatedNode.h>
136 | #import <React/RCTMultipartDataTask.h>
    |         `- note: in file included from /Users/sanjaykumar/Library/Developer/Xcode/DerivedData/VideoCallApp-evcapdoyusxvykgansyblgyjxatu/Build/Products/Debug-iphonesimulator/XCFrameworkIntermediates/React-Core-prebuilt/React.framework/Headers/React-umbrella.h:136:
137 | #import <React/RCTMultipartStreamReader.h>
138 | #import <React/RCTMultiplicationAnimatedNode.h>

/Users/sanjaykumar/Library/Developer/Xcode/DerivedData/VideoCallApp-evcapdoyusxvykgansyblgyjxatu/Build/Products/Debug-iphonesimulator/XCFrameworkIntermediates/React-Core-prebuilt/React.framework/Headers/RCTMultipartDataTask.h:31:30: warning: block pointer is missing a nullability type specifier (_Nonnull, _Nullable, or _Null_unspecified)
29 | 
30 | - (instancetype)initWithURL:(NSURL *)url
31 |                 partHandler:(RCTMultipartDataTaskCallback)partHandler
   |                              |- warning: block pointer is missing a nullability type specifier (_Nonnull, _Nullable, or _Null_unspecified)
   |                              |- note: insert '_Nullable' if the block pointer may be null
   |                              `- note: insert '_Nonnull' if the block pointer should never be null
32 |             progressHandler:(RCTMultipartProgressCallback)progressHandler;
33 | 

<module-includes>:1:9: note: in file included from <module-includes>:1:
1 | #import "Headers/React-umbrella.h"
  |         `- note: in file included from <module-includes>:1:
2 | #import "Headers/RCTBridge+Private.h"
3 | 

/Users/sanjaykumar/Library/Developer/Xcode/DerivedData/VideoCallApp-evcapdoyusxvykgansyblgyjxatu/Build/Products/Debug-iphonesimulator/XCFrameworkIntermediates/React-Core-prebuilt/React.framework/Headers/React-umbrella.h:136:9: note: in file included from /Users/sanjaykumar/Library/Developer/Xcode/DerivedData/VideoCallApp-evcapdoyusxvykgansyblgyjxatu/Build/Products/Debug-iphonesimulator/XCFrameworkIntermediates/React-Core-prebuilt/React.framework/Headers/React-umbrella.h:136:
134 | #import <React/RCTModuleMethod.h>
135 | #import <React/RCTModuloAnimatedNode.h>
136 | #import <React/RCTMultipartDataTask.h>
    |         `- note: in file included from /Users/sanjaykumar/Library/Developer/Xcode/DerivedData/VideoCallApp-evcapdoyusxvykgansyblgyjxatu/Build/Products/Debug-iphonesimulator/XCFrameworkIntermediates/React-Core-prebuilt/React.framework/Headers/React-umbrella.h:136:
137 | #import <React/RCTMultipartStreamReader.h>
138 | #import <React/RCTMultiplicationAnimatedNode.h>

/Users/sanjaykumar/Library/Developer/Xcode/DerivedData/VideoCallApp-evcapdoyusxvykgansyblgyjxatu/Build/Products/Debug-iphonesimulator/XCFrameworkIntermediates/React-Core-prebuilt/React.framework/Headers/RCTMultipartDataTask.h:32:30: warning: block pointer is missing a nullability type specifier (_Nonnull, _Nullable, or _Null_unspecified)
30 | - (instancetype)initWithURL:(NSURL *)url
31 |                 partHandler:(RCTMultipartDataTaskCallback)partHandler
32 |             progressHandler:(RCTMultipartProgressCallback)progressHandler;
   |                              |- warning: block pointer is missing a nullability type specifier (_Nonnull, _Nullable, or _Null_unspecified)
   |                              |- note: insert '_Nullable' if the block pointer may be null
   |                              `- note: insert '_Nonnull' if the block pointer should never be null
33 | 
34 | - (void)startTask;

<module-includes>:1:9: note: in file included from <module-includes>:1:
1 | #import "Headers/React-umbrella.h"
  |         `- note: in file included from <module-includes>:1:
2 | #import "Headers/RCTBridge+Private.h"
3 | 

/Users/sanjaykumar/Library/Developer/Xcode/DerivedData/VideoCallApp-evcapdoyusxvykgansyblgyjxatu/Build/Products/Debug-iphonesimulator/XCFrameworkIntermediates/React-Core-prebuilt/React.framework/Headers/React-umbrella.h:161:9: note: in file included from /Users/sanjaykumar/Library/Developer/Xcode/DerivedData/VideoCallApp-evcapdoyusxvykgansyblgyjxatu/Build/Products/Debug-iphonesimulator/XCFrameworkIntermediates/React-Core-prebuilt/React.framework/Headers/React-umbrella.h:161:
159 | #import <React/RCTPushNotificationManager.h>
160 | #import <React/RCTPushNotificationPlugins.h>
161 | #import <React/RCTReactTaggedView.h>
    |         `- note: in file included from /Users/sanjaykumar/Library/Developer/Xcode/DerivedData/VideoCallApp-evcapdoyusxvykgansyblgyjxatu/Build/Products/Debug-iphonesimulator/XCFrameworkIntermediates/React-Core-prebuilt/React.framework/Headers/React-umbrella.h:161:
162 | #import <React/RCTReconnectingWebSocket.h>
163 | #import <React/RCTRedBox.h>

/Users/sanjaykumar/Library/Developer/Xcode/DerivedData/VideoCallApp-evcapdoyusxvykgansyblgyjxatu/Build/Products/Debug-iphonesimulator/XCFrameworkIntermediates/React-Core-prebuilt/React.framework/Headers/RCTReactTaggedView.h:29:21: warning: conflicting nullability specifier on parameter types, 'nonnull' conflicts with existing specifier 'nullable'
27 | - (NSInteger)tag;
28 | 
29 | - (BOOL)isEqual:(id)other;
   |                     `- warning: conflicting nullability specifier on parameter types, 'nonnull' conflicts with existing specifier 'nullable'
30 | - (NSUInteger)hash;
31 | 

/Applications/Xcode.app/Contents/Developer/Platforms/iPhoneSimulator.platform/Developer/SDKs/iPhoneSimulator26.5.sdk/usr/include/objc/NSObject.h:17:21: note: previous declaration is here
 15 | @protocol NSObject
 16 | 
 17 | - (BOOL)isEqual:(id)object;
    |                     `- note: previous declaration is here
 18 | @property (readonly) NSUInteger hash;
 19 | 

<module-includes>:1:9: note: in file included from <module-includes>:1:
1 | #import "Headers/React-umbrella.h"
  |         `- note: in file included from <module-includes>:1:
2 | #import "Headers/RCTBridge+Private.h"
3 | 

/Users/sanjaykumar/Library/Developer/Xcode/DerivedData/VideoCallApp-evcapdoyusxvykgansyblgyjxatu/Build/Products/Debug-iphonesimulator/XCFrameworkIntermediates/React-Core-prebuilt/React.framework/Headers/React-umbrella.h:223:9: note: in file included from /Users/sanjaykumar/Library/Developer/Xcode/DerivedData/VideoCallApp-evcapdoyusxvykgansyblgyjxatu/Build/Products/Debug-iphonesimulator/XCFrameworkIntermediates/React-Core-prebuilt/React.framework/Headers/React-umbrella.h:223:
221 | #import <React/RCTViewUtils.h>
222 | #import <React/RCTVirtualViewContainerProtocol.h>
223 | #import <React/RCTWebSocketModule.h>
    |         `- note: in file included from /Users/sanjaykumar/Library/Developer/Xcode/DerivedData/VideoCallApp-evcapdoyusxvykgansyblgyjxatu/Build/Products/Debug-iphonesimulator/XCFrameworkIntermediates/React-Core-prebuilt/React.framework/Headers/React-umbrella.h:223:
224 | #import <React/RCTWrapperViewController.h>
225 | 

11 warnings generated.
/Users/sanjaykumar/Library/Developer/Xcode/DerivedData/VideoCallApp-evcapdoyusxvykgansyblgyjxatu/Build/Products/Debug-iphonesimulator/XCFrameworkIntermediates/React-Core-prebuilt/React.framework/Headers/RCTWebSocketModule.h:23:21: warning: pointer is missing a nullability type specifier (_Nonnull, _Nullable, or _Null_unspecified)
21 | @class SRWebSocket;
22 | 
23 | typedef SRWebSocket * (^SRWebSocketProvider)(NSURLRequest *request);
   |                     |- warning: pointer is missing a nullability type specifier (_Nonnull, _Nullable, or _Null_unspecified)
   |                     |- note: insert '_Nullable' if the pointer may be null
   |                     `- note: insert '_Nonnull' if the pointer should never be null
24 | 
25 | RCT_EXTERN void RCTSetCustomSRWebSocketProvider(SRWebSocketProvider provider);

SwiftExplicitDependencyGeneratePcm x86_64 /Users/sanjaykumar/Library/Developer/Xcode/DerivedData/VideoCallApp-evcapdoyusxvykgansyblgyjxatu/Build/Intermediates.noindex/SwiftExplicitPrecompiledModules/React_RCTAppDelegate-1FFHMVHL5CBRB2VEM17PPL92B.pcm
<module-includes>:1:9: note: in file included from <module-includes>:1:
 1 | #import "React_RCTAppDelegate/RCTAppDelegate.h"
   |         `- note: in file included from <module-includes>:1:
 2 | #import "React_RCTAppDelegate/RCTAppSetupUtils.h"
 3 | #import "React_RCTAppDelegate/RCTDefaultReactNativeFactoryDelegate.h"

/Users/sanjaykumar/Desktop/Newfolder/VideoCallApp/ios/Pods/React-Core-prebuilt/Headers/React_RCTAppDelegate/RCTAppDelegate.h:9:9: note: in file included from /Users/sanjaykumar/Desktop/Newfolder/VideoCallApp/ios/Pods/React-Core-prebuilt/Headers/React_RCTAppDelegate/RCTAppDelegate.h:9:
 7 | 
 8 | #import <UIKit/UIKit.h>
 9 | #import "RCTDefaultReactNativeFactoryDelegate.h"
   |         `- note: in file included from /Users/sanjaykumar/Desktop/Newfolder/VideoCallApp/ios/Pods/React-Core-prebuilt/Headers/React_RCTAppDelegate/RCTAppDelegate.h:9:
10 | #import "RCTReactNativeFactory.h"
11 | #import "RCTRootViewFactory.h"

/Users/sanjaykumar/Desktop/Newfolder/VideoCallApp/ios/Pods/React-Core-prebuilt/Headers/React_RCTAppDelegate/RCTDefaultReactNativeFactoryDelegate.h:9:9: note: in file included from /Users/sanjaykumar/Desktop/Newfolder/VideoCallApp/ios/Pods/React-Core-prebuilt/Headers/React_RCTAppDelegate/RCTDefaultReactNativeFactoryDelegate.h:9:
 7 | 
 8 | #import <UIKit/UIKit.h>
 9 | #import "RCTReactNativeFactory.h"
   |         `- note: in file included from /Users/sanjaykumar/Desktop/Newfolder/VideoCallApp/ios/Pods/React-Core-prebuilt/Headers/React_RCTAppDelegate/RCTDefaultReactNativeFactoryDelegate.h:9:
10 | 
11 | NS_ASSUME_NONNULL_BEGIN

/Users/sanjaykumar/Desktop/Newfolder/VideoCallApp/ios/Pods/React-Core-prebuilt/Headers/React_RCTAppDelegate/RCTReactNativeFactory.h:14:9: note: in file included from /Users/sanjaykumar/Desktop/Newfolder/VideoCallApp/ios/Pods/React-Core-prebuilt/Headers/React_RCTAppDelegate/RCTReactNativeFactory.h:14:
12 | #import "RCTJSRuntimeConfiguratorProtocol.h"
13 | #import "RCTRootViewFactory.h"
14 | #import "RCTUIConfiguratorProtocol.h"
   |         `- note: in file included from /Users/sanjaykumar/Desktop/Newfolder/VideoCallApp/ios/Pods/React-Core-prebuilt/Headers/React_RCTAppDelegate/RCTReactNativeFactory.h:14:
15 | 
16 | #if defined(__cplusplus) // Don't conform to protocols requiring C++ when it's not defined.

1 warning generated.
/Users/sanjaykumar/Desktop/Newfolder/VideoCallApp/ios/Pods/React-Core-prebuilt/Headers/React_RCTAppDelegate/RCTUIConfiguratorProtocol.h:40:28: warning: 'RCTRootView' is deprecated: This API will be removed along with the legacy architecture.
38 |  * @parameter: rootView - The root view to customize.
39 |  */
40 | - (void)customizeRootView:(RCTRootView *)rootView;
   |                            `- warning: 'RCTRootView' is deprecated: This API will be removed along with the legacy architecture.
41 | 
42 | /**

/Users/sanjaykumar/Library/Developer/Xcode/DerivedData/VideoCallApp-evcapdoyusxvykgansyblgyjxatu/Build/Products/Debug-iphonesimulator/XCFrameworkIntermediates/React-Core-prebuilt/React.framework/Headers/RCTRootView.h:52:1: note: 'RCTRootView' has been explicitly marked deprecated here
 50 | #pragma clang diagnostic push
 51 | #pragma clang diagnostic warning "-Wdeprecated"
 52 | __deprecated_msg("This API will be removed along with the legacy architecture.") @interface RCTRootView : UIView
    | `- note: 'RCTRootView' has been explicitly marked deprecated here
 53 | 
 54 | /**

/Applications/Xcode.app/Contents/Developer/Platforms/iPhoneSimulator.platform/Developer/SDKs/iPhoneSimulator26.5.sdk/usr/include/sys/cdefs.h:227:48: note: expanded from macro '__deprecated_msg'
 225 | #if __has_extension(attribute_deprecated_with_message) || \
 226 |         (defined(__GNUC__) && ((__GNUC__ >= 5) || ((__GNUC__ == 4) && (__GNUC_MINOR__ >= 5))))
 227 | 	#define __deprecated_msg(_msg) __attribute__((__deprecated__(_msg)))
     |                                                `- note: expanded from macro '__deprecated_msg'
 228 | #else
 229 | 	#define __deprecated_msg(_msg) __attribute__((__deprecated__))

SwiftEmitModule normal x86_64 Emitting\ module\ for\ VideoCallApp (in target 'VideoCallApp' from project 'VideoCallApp')

EmitSwiftModule normal x86_64 (in target 'VideoCallApp' from project 'VideoCallApp')
    cd /Users/sanjaykumar/Desktop/Newfolder/VideoCallApp/ios
    

SwiftCompile normal x86_64 Compiling\ GeneratedAssetSymbols.swift /Users/sanjaykumar/Library/Developer/Xcode/DerivedData/VideoCallApp-evcapdoyusxvykgansyblgyjxatu/Build/Intermediates.noindex/VideoCallApp.build/Debug-iphonesimulator/VideoCallApp.build/DerivedSources/GeneratedAssetSymbols.swift (in target 'VideoCallApp' from project 'VideoCallApp')
SwiftCompile normal x86_64 /Users/sanjaykumar/Library/Developer/Xcode/DerivedData/VideoCallApp-evcapdoyusxvykgansyblgyjxatu/Build/Intermediates.noindex/VideoCallApp.build/Debug-iphonesimulator/VideoCallApp.build/DerivedSources/GeneratedAssetSymbols.swift (in target 'VideoCallApp' from project 'VideoCallApp')
    cd /Users/sanjaykumar/Desktop/Newfolder/VideoCallApp/ios
    

SwiftCompile normal x86_64 Compiling\ AppDelegate.swift /Users/sanjaykumar/Desktop/Newfolder/VideoCallApp/ios/VideoCallApp/AppDelegate.swift (in target 'VideoCallApp' from project 'VideoCallApp')
SwiftCompile normal x86_64 /Users/sanjaykumar/Desktop/Newfolder/VideoCallApp/ios/VideoCallApp/AppDelegate.swift (in target 'VideoCallApp' from project 'VideoCallApp')
    cd /Users/sanjaykumar/Desktop/Newfolder/VideoCallApp/ios
    

SwiftDriverJobDiscovery normal x86_64 Emitting module for VideoCallApp (in target 'VideoCallApp' from project 'VideoCallApp')

SwiftDriver\ Compilation\ Requirements VideoCallApp normal x86_64 com.apple.xcode.tools.swift.compiler (in target 'VideoCallApp' from project 'VideoCallApp')
    cd /Users/sanjaykumar/Desktop/Newfolder/VideoCallApp/ios
    builtin-Swift-Compilation-Requirements -- /Applications/Xcode.app/Contents/Developer/Toolchains/XcodeDefault.xctoolchain/usr/bin/swiftc -module-name VideoCallApp -Onone @/Users/sanjaykumar/Library/Developer/Xcode/DerivedData/VideoCallApp-evcapdoyusxvykgansyblgyjxatu/Build/Intermediates.noindex/VideoCallApp.build/Debug-iphonesimulator/VideoCallApp.build/Objects-normal/x86_64/VideoCallApp.SwiftFileList -DDEBUG -D COCOAPODS -Xcc -fmodule-map-file\=/Users/sanjaykumar/Library/Developer/Xcode/DerivedData/VideoCallApp-evcapdoyusxvykgansyblgyjxatu/Build/Products/Debug-iphonesimulator/SwiftUIIntrospect/SwiftUIIntrospect.modulemap -Xcc -fmodule-map-file\=/Users/sanjaykumar/Library/Developer/Xcode/DerivedData/VideoCallApp-evcapdoyusxvykgansyblgyjxatu/Build/Products/Debug-iphonesimulator/react-native-bottom-tabs/react_native_bottom_tabs.modulemap -Xcc -fmodule-map-file\=/Users/sanjaykumar/Desktop/Newfolder/VideoCallApp/ios/Pods/Headers/Public/ReactAppDependencyProvider/ReactAppDependencyProvider.modulemap -Xcc -fmodule-map-file\=/Users/sanjaykumar/Desktop/Newfolder/VideoCallApp/ios/Pods/Headers/Public/ReactCodegen/ReactCodegen.modulemap -Xcc -Wno-incomplete-umbrella -Xcc -fmodule-map-file\=/Users/sanjaykumar/Desktop/Newfolder/VideoCallApp/ios/Pods/React-Core-prebuilt/Headers/module.modulemap -enable-bare-slash-regex -enable-experimental-feature DebugDescriptionMacro -sdk /Applications/Xcode.app/Contents/Developer/Platforms/iPhoneSimulator.platform/Developer/SDKs/iPhoneSimulator26.5.sdk -target x86_64-apple-ios15.1-simulator -g -module-cache-path /Users/sanjaykumar/Library/Developer/Xcode/DerivedData/ModuleCache.noindex -Xfrontend -serialize-debugging-options -enable-testing -index-store-path /Users/sanjaykumar/Library/Developer/Xcode/DerivedData/VideoCallApp-evcapdoyusxvykgansyblgyjxatu/Index.noindex/DataStore -Xcc -D_LIBCPP_HARDENING_MODE\=_LIBCPP_HARDENING_MODE_DEBUG -swift-version 5 -I /Users/sanjaykumar/Library/Developer/Xcode/DerivedData/VideoCallApp-evcapdoyusxvykgansyblgyjxatu/Build/Products/Debug-iphonesimulator -I /Users/sanjaykumar/Library/Developer/Xcode/DerivedData/VideoCallApp-evcapdoyusxvykgansyblgyjxatu/Build/Products/Debug-iphonesimulator/SwiftUIIntrospect -I /Users/sanjaykumar/Library/Developer/Xcode/DerivedData/VideoCallApp-evcapdoyusxvykgansyblgyjxatu/Build/Products/Debug-iphonesimulator/react-native-bottom-tabs -F /Users/sanjaykumar/Library/Developer/Xcode/DerivedData/VideoCallApp-evcapdoyusxvykgansyblgyjxatu/Build/Products/Debug-iphonesimulator -F /Users/sanjaykumar/Desktop/Newfolder/VideoCallApp/ios/Pods/React-Core-prebuilt -F /Users/sanjaykumar/Desktop/Newfolder/VideoCallApp/ios/Pods/ReactNativeDependencies/framework/packages/react-native -F /Users/sanjaykumar/Desktop/Newfolder/VideoCallApp/ios/Pods/hermes-engine/destroot/Library/Frameworks/universal -F /Users/sanjaykumar/Library/Developer/Xcode/DerivedData/VideoCallApp-evcapdoyusxvykgansyblgyjxatu/Build/Products/Debug-iphonesimulator/XCFrameworkIntermediates/React-Core-prebuilt -F /Users/sanjaykumar/Library/Developer/Xcode/DerivedData/VideoCallApp-evcapdoyusxvykgansyblgyjxatu/Build/Products/Debug-iphonesimulator/XCFrameworkIntermediates/ReactNativeDependencies -F /Users/sanjaykumar/Library/Developer/Xcode/DerivedData/VideoCallApp-evcapdoyusxvykgansyblgyjxatu/Build/Products/Debug-iphonesimulator/XCFrameworkIntermediates/hermes-engine/Pre-built -c -j10 -enable-batch-mode -incremental -Xcc -ivfsstatcache -Xcc /Users/sanjaykumar/Library/Developer/Xcode/DerivedData/SDKStatCaches.noindex/iphonesimulator26.5-23F81a-6cfe768891a92b912361537c460fe42b.sdkstatcache -output-file-map /Users/sanjaykumar/Library/Developer/Xcode/DerivedData/VideoCallApp-evcapdoyusxvykgansyblgyjxatu/Build/Intermediates.noindex/VideoCallApp.build/Debug-iphonesimulator/VideoCallApp.build/Objects-normal/x86_64/VideoCallApp-OutputFileMap.json -use-frontend-parseable-output -save-temps -no-color-diagnostics -explicit-module-build -module-cache-path /Users/sanjaykumar/Library/Developer/Xcode/DerivedData/VideoCallApp-evcapdoyusxvykgansyblgyjxatu/Build/Intermediates.noindex/SwiftExplicitPrecompiledModules -clang-scanner-module-cache-path /Users/sanjaykumar/Library/Developer/Xcode/DerivedData/ModuleCache.noindex -sdk-module-cache-path /Users/sanjaykumar/Library/Developer/Xcode/DerivedData/ModuleCache.noindex -serialize-diagnostics -emit-dependencies -emit-module -emit-module-path /Users/sanjaykumar/Library/Developer/Xcode/DerivedData/VideoCallApp-evcapdoyusxvykgansyblgyjxatu/Build/Intermediates.noindex/VideoCallApp.build/Debug-iphonesimulator/VideoCallApp.build/Objects-normal/x86_64/VideoCallApp.swiftmodule -validate-clang-modules-once -clang-build-session-file /Users/sanjaykumar/Library/Developer/Xcode/DerivedData/ModuleCache.noindex/Session.modulevalidation -Xcc -I/Users/sanjaykumar/Library/Developer/Xcode/DerivedData/VideoCallApp-evcapdoyusxvykgansyblgyjxatu/Build/Intermediates.noindex/VideoCallApp.build/Debug-iphonesimulator/VideoCallApp.build/swift-overrides.hmap -emit-const-values -Xfrontend -const-gather-protocols-file -Xfrontend /Users/sanjaykumar/Library/Developer/Xcode/DerivedData/VideoCallApp-evcapdoyusxvykgansyblgyjxatu/Build/Intermediates.noindex/VideoCallApp.build/Debug-iphonesimulator/VideoCallApp.build/Objects-normal/x86_64/VideoCallApp_const_extract_protocols.json -Xcc -iquote -Xcc /Users/sanjaykumar/Library/Developer/Xcode/DerivedData/VideoCallApp-evcapdoyusxvykgansyblgyjxatu/Build/Intermediates.noindex/VideoCallApp.build/Debug-iphonesimulator/VideoCallApp.build/VideoCallApp-generated-files.hmap -Xcc -I/Users/sanjaykumar/Library/Developer/Xcode/DerivedData/VideoCallApp-evcapdoyusxvykgansyblgyjxatu/Build/Intermediates.noindex/VideoCallApp.build/Debug-iphonesimulator/VideoCallApp.build/VideoCallApp-own-target-headers.hmap -Xcc -I/Users/sanjaykumar/Library/Developer/Xcode/DerivedData/VideoCallApp-evcapdoyusxvykgansyblgyjxatu/Build/Intermediates.noindex/VideoCallApp.build/Debug-iphonesimulator/VideoCallApp.build/VideoCallApp-all-non-framework-target-headers.hmap -Xcc -ivfsoverlay -Xcc /Users/sanjaykumar/Library/Developer/Xcode/DerivedData/VideoCallApp-evcapdoyusxvykgansyblgyjxatu/Build/Intermediates.noindex/VideoCallApp.build/Debug-iphonesimulator/VideoCallApp-5cfc4fada1c9a598ee8695cfec64d2f6-VFS-iphonesimulator/all-product-headers.yaml -Xcc -iquote -Xcc /Users/sanjaykumar/Library/Developer/Xcode/DerivedData/VideoCallApp-evcapdoyusxvykgansyblgyjxatu/Build/Intermediates.noindex/VideoCallApp.build/Debug-iphonesimulator/VideoCallApp.build/VideoCallApp-project-headers.hmap -Xcc -I/Users/sanjaykumar/Library/Developer/Xcode/DerivedData/VideoCallApp-evcapdoyusxvykgansyblgyjxatu/Build/Products/Debug-iphonesimulator/include -Xcc -I/Users/sanjaykumar/Desktop/Newfolder/VideoCallApp/ios/Pods/Headers/Public -Xcc -I/Users/sanjaykumar/Desktop/Newfolder/VideoCallApp/ios/Pods/Headers/Public/RCTSwiftUIWrapper -Xcc -I/Users/sanjaykumar/Desktop/Newfolder/VideoCallApp/ios/Pods/Headers/Public/RCTTypeSafety -Xcc -I/Users/sanjaykumar/Desktop/Newfolder/VideoCallApp/ios/Pods/Headers/Public/React-Core-prebuilt -Xcc -I/Users/sanjaykumar/Desktop/Newfolder/VideoCallApp/ios/Pods/Headers/Public/React-CoreModules -Xcc -I/Users/sanjaykumar/Desktop/Newfolder/VideoCallApp/ios/Pods/Headers/Public/React-Fabric -Xcc -I/Users/sanjaykumar/Desktop/Newfolder/VideoCallApp/ios/Pods/Headers/Public/React-FabricComponents -Xcc -I/Users/sanjaykumar/Desktop/Newfolder/VideoCallApp/ios/Pods/Headers/Public/React-FabricImage -Xcc -I/Users/sanjaykumar/Desktop/Newfolder/VideoCallApp/ios/Pods/Headers/Public/React-ImageManager -Xcc -I/Users/sanjaykumar/Desktop/Newfolder/VideoCallApp/ios/Pods/Headers/Public/React-Mapbuffer -Xcc -I/Users/sanjaykumar/Desktop/Newfolder/VideoCallApp/ios/Pods/Headers/Public/React-NativeModulesApple -Xcc -I/Users/sanjaykumar/Desktop/Newfolder/VideoCallApp/ios/Pods/Headers/Public/React-RCTAnimatedModuleProvider -Xcc -I/Users/sanjaykumar/Desktop/Newfolder/VideoCallApp/ios/Pods/Headers/Public/React-RCTAnimation -Xcc -I/Users/sanjaykumar/Desktop/Newfolder/VideoCallApp/ios/Pods/Headers/Public/React-RCTAppDelegate -Xcc -I/Users/sanjaykumar/Desktop/Newfolder/VideoCallApp/ios/Pods/Headers/Public/React-RCTBlob -Xcc -I/Users/sanjaykumar/Desktop/Newfolder/VideoCallApp/ios/Pods/Headers/Public/React-RCTFBReactNativeSpec -Xcc -I/Users/sanjaykumar/Desktop/Newfolder/VideoCallApp/ios/Pods/Headers/Public/React-RCTFabric -Xcc -I/Users/sanjaykumar/Desktop/Newfolder/VideoCallApp/ios/Pods/Headers/Public/React-RCTImage -Xcc -I/Users/sanjaykumar/Desktop/Newfolder/VideoCallApp/ios/Pods/Headers/Public/React-RCTSettings -Xcc -I/Users/sanjaykumar/Desktop/Newfolder/VideoCallApp/ios/Pods/Headers/Public/React-RCTText -Xcc -I/Users/sanjaykumar/Desktop/Newfolder/VideoCallApp/ios/Pods/Headers/Public/React-RCTVibration -Xcc -I/Users/sanjaykumar/Desktop/Newfolder/VideoCallApp/ios/Pods/Headers/Public/React-RuntimeApple -Xcc -I/Users/sanjaykumar/Desktop/Newfolder/VideoCallApp/ios/Pods/Headers/Public/React-RuntimeCore -Xcc -I/Users/sanjaykumar/Desktop/Newfolder/VideoCallApp/ios/Pods/Headers/Public/React-RuntimeHermes -Xcc -I/Users/sanjaykumar/Desktop/Newfolder/VideoCallApp/ios/Pods/Headers/Public/React-bridging -Xcc -I/Users/sanjaykumar/Desktop/Newfolder/VideoCallApp/ios/Pods/Headers/Public/React-callinvoker -Xcc -I/Users/sanjaykumar/Desktop/Newfolder/VideoCallApp/ios/Pods/Headers/Public/React-cxxreact -Xcc -I/Users/sanjaykumar/Desktop/Newfolder/VideoCallApp/ios/Pods/Headers/Public/React-cxxstableapi -Xcc -I/Users/sanjaykumar/Desktop/Newfolder/VideoCallApp/ios/Pods/Headers/Public/React-debug -Xcc -I/Users/sanjaykumar/Desktop/Newfolder/VideoCallApp/ios/Pods/Headers/Public/React-defaultsnativemodule -Xcc -I/Users/sanjaykumar/Desktop/Newfolder/VideoCallApp/ios/Pods/Headers/Public/React-domnativemodule -Xcc -I/Users/sanjaykumar/Desktop/Newfolder/VideoCallApp/ios/Pods/Headers/Public/React-featureflags -Xcc -I/Users/sanjaykumar/Desktop/Newfolder/VideoCallApp/ios/Pods/Headers/Public/React-featureflagsnativemodule -Xcc -I/Users/sanjaykumar/Desktop/Newfolder/VideoCallApp/ios/Pods/Headers/Public/React-graphics -Xcc -I/Users/sanjaykumar/Desktop/Newfolder/VideoCallApp/ios/Pods/Headers/Public/React-hermes -Xcc -I/Users/sanjaykumar/Desktop/Newfolder/VideoCallApp/ios/Pods/Headers/Public/React-idlecallbacksnativemodule -Xcc -I/Users/sanjaykumar/Desktop/Newfolder/VideoCallApp/ios/Pods/Headers/Public/React-intersectionobservernativemodule -Xcc -I/Users/sanjaykumar/Desktop/Newfolder/VideoCallApp/ios/Pods/Headers/Public/React-jserrorhandler -Xcc -I/Users/sanjaykumar/Desktop/Newfolder/VideoCallApp/ios/Pods/Headers/Public/React-jsi -Xcc -I/Users/sanjaykumar/Desktop/Newfolder/VideoCallApp/ios/Pods/Headers/Public/React-jsiexecutor -Xcc -I/Users/sanjaykumar/Desktop/Newfolder/VideoCallApp/ios/Pods/Headers/Public/React-jsinspector -Xcc -I/Users/sanjaykumar/Desktop/Newfolder/VideoCallApp/ios/Pods/Headers/Public/React-jsinspectorcdp -Xcc -I/Users/sanjaykumar/Desktop/Newfolder/VideoCallApp/ios/Pods/Headers/Public/React-jsinspectornetwork -Xcc -I/Users/sanjaykumar/Desktop/Newfolder/VideoCallApp/ios/Pods/Headers/Public/React-jsinspectortracing -Xcc -I/Users/sanjaykumar/Desktop/Newfolder/VideoCallApp/ios/Pods/Headers/Public/React-jsitooling -Xcc -I/Users/sanjaykumar/Desktop/Newfolder/VideoCallApp/ios/Pods/Headers/Public/React-logger -Xcc -I/Users/sanjaykumar/Desktop/Newfolder/VideoCallApp/ios/Pods/Headers/Public/React-microtasksnativemodule -Xcc -I/Users/sanjaykumar/Desktop/Newfolder/VideoCallApp/ios/Pods/Headers/Public/React-mutationobservernativemodule -Xcc -I/Users/sanjaykumar/Desktop/Newfolder/VideoCallApp/ios/Pods/Headers/Public/React-networking -Xcc -I/Users/sanjaykumar/Desktop/Newfolder/VideoCallApp/ios/Pods/Headers/Public/React-oscompat -Xcc -I/Users/sanjaykumar/Desktop/Newfolder/VideoCallApp/ios/Pods/Headers/Public/React-perflogger -Xcc -I/Users/sanjaykumar/Desktop/Newfolder/VideoCallApp/ios/Pods/Headers/Public/React-performancecdpmetrics -Xcc -I/Users/sanjaykumar/Desktop/Newfolder/VideoCallApp/ios/Pods/Headers/Public/React-performancetimeline -Xcc -I/Users/sanjaykumar/Desktop/Newfolder/VideoCallApp/ios/Pods/Headers/Public/React-rendererconsistency -Xcc -I/Users/sanjaykumar/Desktop/Newfolder/VideoCallApp/ios/Pods/Headers/Public/React-renderercss -Xcc -I/Users/sanjaykumar/Desktop/Newfolder/VideoCallApp/ios/Pods/Headers/Public/React-rendererdebug -Xcc -I/Users/sanjaykumar/Desktop/Newfolder/VideoCallApp/ios/Pods/Headers/Public/React-runtimeexecutor -Xcc -I/Users/sanjaykumar/Desktop/Newfolder/VideoCallApp/ios/Pods/Headers/Public/React-runtimescheduler -Xcc -I/Users/sanjaykumar/Desktop/Newfolder/VideoCallApp/ios/Pods/Headers/Public/React-timing -Xcc -I/Users/sanjaykumar/Desktop/Newfolder/VideoCallApp/ios/Pods/Headers/Public/React-utils -Xcc -I/Users/sanjaykumar/Desktop/Newfolder/VideoCallApp/ios/Pods/Headers/Public/React-viewtransitionnativemodule -Xcc -I/Users/sanjaykumar/Desktop/Newfolder/VideoCallApp/ios/Pods/Headers/Public/React-webperformancenativemodule -Xcc -I/Users/sanjaykumar/Desktop/Newfolder/VideoCallApp/ios/Pods/Headers/Public/ReactAppDependencyProvider -Xcc -I/Users/sanjaykumar/Desktop/Newfolder/VideoCallApp/ios/Pods/Headers/Public/ReactCodegen -Xcc -I/Users/sanjaykumar/Desktop/Newfolder/VideoCallApp/ios/Pods/Headers/Public/ReactCommon -Xcc -I/Users/sanjaykumar/Desktop/Newfolder/VideoCallApp/ios/Pods/Headers/Public/ReactNativeDependencies -Xcc -I/Users/sanjaykumar/Desktop/Newfolder/VideoCallApp/ios/Pods/Headers/Public/hermes-engine -Xcc -I/Users/sanjaykumar/Desktop/Newfolder/VideoCallApp/ios/Pods/Headers/Public/react-native-bottom-tabs -Xcc -I/Users/sanjaykumar/Desktop/Newfolder/VideoCallApp/ios/Pods/Headers/Public/react-native-safe-area-context -Xcc -I/Users/sanjaykumar/Desktop/Newfolder/VideoCallApp/ios/Pods/Headers/Private/React-Core -Xcc -I/Users/sanjaykumar/Desktop/Newfolder/VideoCallApp/ios/Pods/Headers/Private/Yoga -Xcc -I/Users/sanjaykumar/Desktop/Newfolder/VideoCallApp/ios/Pods/React-Core-prebuilt/Headers -Xcc -I/Users/sanjaykumar/Desktop/Newfolder/VideoCallApp/ios/Pods/ReactNativeDependencies/Headers -Xcc -I/Users/sanjaykumar/Library/Developer/Xcode/DerivedData/VideoCallApp-evcapdoyusxvykgansyblgyjxatu/Build/Intermediates.noindex/VideoCallApp.build/Debug-iphonesimulator/VideoCallApp.build/DerivedSources-normal/x86_64 -Xcc -I/Users/sanjaykumar/Library/Developer/Xcode/DerivedData/VideoCallApp-evcapdoyusxvykgansyblgyjxatu/Build/Intermediates.noindex/VideoCallApp.build/Debug-iphonesimulator/VideoCallApp.build/DerivedSources/x86_64 -Xcc -I/Users/sanjaykumar/Library/Developer/Xcode/DerivedData/VideoCallApp-evcapdoyusxvykgansyblgyjxatu/Build/Intermediates.noindex/VideoCallApp.build/Debug-iphonesimulator/VideoCallApp.build/DerivedSources -Xcc -DDEBUG\=1 -Xcc -DCOCOAPODS\=1 -emit-objc-header -emit-objc-header-path /Users/sanjaykumar/Library/Developer/Xcode/DerivedData/VideoCallApp-evcapdoyusxvykgansyblgyjxatu/Build/Intermediates.noindex/VideoCallApp.build/Debug-iphonesimulator/VideoCallApp.build/Objects-normal/x86_64/VideoCallApp-Swift.h -working-directory /Users/sanjaykumar/Desktop/Newfolder/VideoCallApp/ios -experimental-emit-module-separately -disable-cmo

SwiftMergeGeneratedHeaders /Users/sanjaykumar/Library/Developer/Xcode/DerivedData/VideoCallApp-evcapdoyusxvykgansyblgyjxatu/Build/Intermediates.noindex/VideoCallApp.build/Debug-iphonesimulator/VideoCallApp.build/DerivedSources/VideoCallApp-Swift.h /Users/sanjaykumar/Library/Developer/Xcode/DerivedData/VideoCallApp-evcapdoyusxvykgansyblgyjxatu/Build/Intermediates.noindex/VideoCallApp.build/Debug-iphonesimulator/VideoCallApp.build/Objects-normal/arm64/VideoCallApp-Swift.h /Users/sanjaykumar/Library/Developer/Xcode/DerivedData/VideoCallApp-evcapdoyusxvykgansyblgyjxatu/Build/Intermediates.noindex/VideoCallApp.build/Debug-iphonesimulator/VideoCallApp.build/Objects-normal/x86_64/VideoCallApp-Swift.h (in target 'VideoCallApp' from project 'VideoCallApp')
    cd /Users/sanjaykumar/Desktop/Newfolder/VideoCallApp/ios
    builtin-swiftHeaderTool -arch arm64 /Users/sanjaykumar/Library/Developer/Xcode/DerivedData/VideoCallApp-evcapdoyusxvykgansyblgyjxatu/Build/Intermediates.noindex/VideoCallApp.build/Debug-iphonesimulator/VideoCallApp.build/Objects-normal/arm64/VideoCallApp-Swift.h -arch x86_64 /Users/sanjaykumar/Library/Developer/Xcode/DerivedData/VideoCallApp-evcapdoyusxvykgansyblgyjxatu/Build/Intermediates.noindex/VideoCallApp.build/Debug-iphonesimulator/VideoCallApp.build/Objects-normal/x86_64/VideoCallApp-Swift.h -o /Users/sanjaykumar/Library/Developer/Xcode/DerivedData/VideoCallApp-evcapdoyusxvykgansyblgyjxatu/Build/Intermediates.noindex/VideoCallApp.build/Debug-iphonesimulator/VideoCallApp.build/DerivedSources/VideoCallApp-Swift.h

Copy /Users/sanjaykumar/Library/Developer/Xcode/DerivedData/VideoCallApp-evcapdoyusxvykgansyblgyjxatu/Build/Products/Debug-iphonesimulator/VideoCallApp.swiftmodule/x86_64-apple-ios-simulator.swiftmodule /Users/sanjaykumar/Library/Developer/Xcode/DerivedData/VideoCallApp-evcapdoyusxvykgansyblgyjxatu/Build/Intermediates.noindex/VideoCallApp.build/Debug-iphonesimulator/VideoCallApp.build/Objects-normal/x86_64/VideoCallApp.swiftmodule (in target 'VideoCallApp' from project 'VideoCallApp')
    cd /Users/sanjaykumar/Desktop/Newfolder/VideoCallApp/ios
    builtin-copy -exclude .DS_Store -exclude CVS -exclude .svn -exclude .git -exclude .hg -resolve-src-symlinks -rename /Users/sanjaykumar/Library/Developer/Xcode/DerivedData/VideoCallApp-evcapdoyusxvykgansyblgyjxatu/Build/Intermediates.noindex/VideoCallApp.build/Debug-iphonesimulator/VideoCallApp.build/Objects-normal/x86_64/VideoCallApp.swiftmodule /Users/sanjaykumar/Library/Developer/Xcode/DerivedData/VideoCallApp-evcapdoyusxvykgansyblgyjxatu/Build/Products/Debug-iphonesimulator/VideoCallApp.swiftmodule/x86_64-apple-ios-simulator.swiftmodule

Copy /Users/sanjaykumar/Library/Developer/Xcode/DerivedData/VideoCallApp-evcapdoyusxvykgansyblgyjxatu/Build/Products/Debug-iphonesimulator/VideoCallApp.swiftmodule/x86_64-apple-ios-simulator.swiftdoc /Users/sanjaykumar/Library/Developer/Xcode/DerivedData/VideoCallApp-evcapdoyusxvykgansyblgyjxatu/Build/Intermediates.noindex/VideoCallApp.build/Debug-iphonesimulator/VideoCallApp.build/Objects-normal/x86_64/VideoCallApp.swiftdoc (in target 'VideoCallApp' from project 'VideoCallApp')
    cd /Users/sanjaykumar/Desktop/Newfolder/VideoCallApp/ios
    builtin-copy -exclude .DS_Store -exclude CVS -exclude .svn -exclude .git -exclude .hg -resolve-src-symlinks -rename /Users/sanjaykumar/Library/Developer/Xcode/DerivedData/VideoCallApp-evcapdoyusxvykgansyblgyjxatu/Build/Intermediates.noindex/VideoCallApp.build/Debug-iphonesimulator/VideoCallApp.build/Objects-normal/x86_64/VideoCallApp.swiftdoc /Users/sanjaykumar/Library/Developer/Xcode/DerivedData/VideoCallApp-evcapdoyusxvykgansyblgyjxatu/Build/Products/Debug-iphonesimulator/VideoCallApp.swiftmodule/x86_64-apple-ios-simulator.swiftdoc

Copy /Users/sanjaykumar/Library/Developer/Xcode/DerivedData/VideoCallApp-evcapdoyusxvykgansyblgyjxatu/Build/Products/Debug-iphonesimulator/VideoCallApp.swiftmodule/Project/x86_64-apple-ios-simulator.swiftsourceinfo /Users/sanjaykumar/Library/Developer/Xcode/DerivedData/VideoCallApp-evcapdoyusxvykgansyblgyjxatu/Build/Intermediates.noindex/VideoCallApp.build/Debug-iphonesimulator/VideoCallApp.build/Objects-normal/x86_64/VideoCallApp.swiftsourceinfo (in target 'VideoCallApp' from project 'VideoCallApp')
    cd /Users/sanjaykumar/Desktop/Newfolder/VideoCallApp/ios
    builtin-copy -exclude .DS_Store -exclude CVS -exclude .svn -exclude .git -exclude .hg -resolve-src-symlinks -rename /Users/sanjaykumar/Library/Developer/Xcode/DerivedData/VideoCallApp-evcapdoyusxvykgansyblgyjxatu/Build/Intermediates.noindex/VideoCallApp.build/Debug-iphonesimulator/VideoCallApp.build/Objects-normal/x86_64/VideoCallApp.swiftsourceinfo /Users/sanjaykumar/Library/Developer/Xcode/DerivedData/VideoCallApp-evcapdoyusxvykgansyblgyjxatu/Build/Products/Debug-iphonesimulator/VideoCallApp.swiftmodule/Project/x86_64-apple-ios-simulator.swiftsourceinfo

Copy /Users/sanjaykumar/Library/Developer/Xcode/DerivedData/VideoCallApp-evcapdoyusxvykgansyblgyjxatu/Build/Products/Debug-iphonesimulator/VideoCallApp.swiftmodule/x86_64-apple-ios-simulator.abi.json /Users/sanjaykumar/Library/Developer/Xcode/DerivedData/VideoCallApp-evcapdoyusxvykgansyblgyjxatu/Build/Intermediates.noindex/VideoCallApp.build/Debug-iphonesimulator/VideoCallApp.build/Objects-normal/x86_64/VideoCallApp.abi.json (in target 'VideoCallApp' from project 'VideoCallApp')
    cd /Users/sanjaykumar/Desktop/Newfolder/VideoCallApp/ios
    builtin-copy -exclude .DS_Store -exclude CVS -exclude .svn -exclude .git -exclude .hg -resolve-src-symlinks -rename /Users/sanjaykumar/Library/Developer/Xcode/DerivedData/VideoCallApp-evcapdoyusxvykgansyblgyjxatu/Build/Intermediates.noindex/VideoCallApp.build/Debug-iphonesimulator/VideoCallApp.build/Objects-normal/x86_64/VideoCallApp.abi.json /Users/sanjaykumar/Library/Developer/Xcode/DerivedData/VideoCallApp-evcapdoyusxvykgansyblgyjxatu/Build/Products/Debug-iphonesimulator/VideoCallApp.swiftmodule/x86_64-apple-ios-simulator.abi.json

ScanDependencies /Users/sanjaykumar/Library/Developer/Xcode/DerivedData/VideoCallApp-evcapdoyusxvykgansyblgyjxatu/Build/Intermediates.noindex/VideoCallApp.build/Debug-iphonesimulator/VideoCallApp.build/Objects-normal/x86_64/VideoCallApp_vers.o /Users/sanjaykumar/Library/Developer/Xcode/DerivedData/VideoCallApp-evcapdoyusxvykgansyblgyjxatu/Build/Intermediates.noindex/VideoCallApp.build/Debug-iphonesimulator/VideoCallApp.build/DerivedSources/VideoCallApp_vers.c normal x86_64 c com.apple.compilers.llvm.clang.1_0.compiler (in target 'VideoCallApp' from project 'VideoCallApp')
    cd /Users/sanjaykumar/Desktop/Newfolder/VideoCallApp/ios
    
    Using response file: /Users/sanjaykumar/Library/Developer/Xcode/DerivedData/VideoCallApp-evcapdoyusxvykgansyblgyjxatu/Build/Intermediates.noindex/VideoCallApp.build/Debug-iphonesimulator/VideoCallApp.build/Objects-normal/x86_64/7187679823f38a2a940e0043cdf9d637-common-args.resp
    
    builtin-ScanDependencies -o /Users/sanjaykumar/Library/Developer/Xcode/DerivedData/VideoCallApp-evcapdoyusxvykgansyblgyjxatu/Build/Intermediates.noindex/VideoCallApp.build/Debug-iphonesimulator/VideoCallApp.build/Objects-normal/x86_64/VideoCallApp_vers.o.scan -- /Applications/Xcode.app/Contents/Developer/Toolchains/XcodeDefault.xctoolchain/usr/bin/clang -x c -ivfsstatcache /Users/sanjaykumar/Library/Developer/Xcode/DerivedData/SDKStatCaches.noindex/iphonesimulator26.5-23F81a-6cfe768891a92b912361537c460fe42b.sdkstatcache -target x86_64-apple-ios15.1-simulator -fmessage-length\=0 -fdiagnostics-show-note-include-stack -fmacro-backtrace-limit\=0 -fno-color-diagnostics -fmodules-prune-interval\=86400 -fmodules-prune-after\=345600 -fbuild-session-file\=/Users/sanjaykumar/Library/Developer/Xcode/DerivedData/ModuleCache.noindex/Session.modulevalidation -fmodules-validate-once-per-build-session -Wnon-modular-include-in-framework-module -Werror\=non-modular-include-in-framework-module -Wno-trigraphs -Wno-missing-field-initializers -Wno-missing-prototypes -Werror\=return-type -Wunreachable-code -Werror\=deprecated-objc-isa-usage -Werror\=objc-root-class -Wno-missing-braces -Wparentheses -Wswitch -Wunused-function -Wno-unused-label -Wno-unused-parameter -Wunused-variable -Wunused-value -Wempty-body -Wuninitialized -Wconditional-uninitialized -Wno-unknown-pragmas -Wno-shadow -Wno-four-char-constants -Wno-conversion -Wconstant-conversion -Wint-conversion -Wbool-conversion -Wenum-conversion -Wno-float-conversion -Wnon-literal-null-conversion -Wobjc-literal-conversion -Wshorten-64-to-32 -Wpointer-sign -Wno-newline-eof -Wno-implicit-fallthrough -isysroot /Applications/Xcode.app/Contents/Developer/Platforms/iPhoneSimulator.platform/Developer/SDKs/iPhoneSimulator26.5.sdk -fstrict-aliasing -Wdeprecated-declarations -Wno-sign-conversion -Winfinite-recursion -Wcomma -Wblock-capture-autoreleasing -Wstrict-prototypes -Wno-semicolon-before-method-body -index-store-path /Users/sanjaykumar/Library/Developer/Xcode/DerivedData/VideoCallApp-evcapdoyusxvykgansyblgyjxatu/Index.noindex/DataStore -Wno-comma -Wno-shorten-64-to-32 @/Users/sanjaykumar/Library/Developer/Xcode/DerivedData/VideoCallApp-evcapdoyusxvykgansyblgyjxatu/Build/Intermediates.noindex/VideoCallApp.build/Debug-iphonesimulator/VideoCallApp.build/Objects-normal/x86_64/7187679823f38a2a940e0043cdf9d637-common-args.resp -MMD -MT dependencies -MF /Users/sanjaykumar/Library/Developer/Xcode/DerivedData/VideoCallApp-evcapdoyusxvykgansyblgyjxatu/Build/Intermediates.noindex/VideoCallApp.build/Debug-iphonesimulator/VideoCallApp.build/Objects-normal/x86_64/VideoCallApp_vers.d --serialize-diagnostics /Users/sanjaykumar/Library/Developer/Xcode/DerivedData/VideoCallApp-evcapdoyusxvykgansyblgyjxatu/Build/Intermediates.noindex/VideoCallApp.build/Debug-iphonesimulator/VideoCallApp.build/Objects-normal/x86_64/VideoCallApp_vers.dia -c /Users/sanjaykumar/Library/Developer/Xcode/DerivedData/VideoCallApp-evcapdoyusxvykgansyblgyjxatu/Build/Intermediates.noindex/VideoCallApp.build/Debug-iphonesimulator/VideoCallApp.build/DerivedSources/VideoCallApp_vers.c -o /Users/sanjaykumar/Library/Developer/Xcode/DerivedData/VideoCallApp-evcapdoyusxvykgansyblgyjxatu/Build/Intermediates.noindex/VideoCallApp.build/Debug-iphonesimulator/VideoCallApp.build/Objects-normal/x86_64/VideoCallApp_vers.o -index-unit-output-path /VideoCallApp.build/Debug-iphonesimulator/VideoCallApp.build/Objects-normal/x86_64/VideoCallApp_vers.o

ScanDependencies /Users/sanjaykumar/Library/Developer/Xcode/DerivedData/VideoCallApp-evcapdoyusxvykgansyblgyjxatu/Build/Intermediates.noindex/VideoCallApp.build/Debug-iphonesimulator/VideoCallApp.build/Objects-normal/arm64/VideoCallApp_vers.o /Users/sanjaykumar/Library/Developer/Xcode/DerivedData/VideoCallApp-evcapdoyusxvykgansyblgyjxatu/Build/Intermediates.noindex/VideoCallApp.build/Debug-iphonesimulator/VideoCallApp.build/DerivedSources/VideoCallApp_vers.c normal arm64 c com.apple.compilers.llvm.clang.1_0.compiler (in target 'VideoCallApp' from project 'VideoCallApp')
    cd /Users/sanjaykumar/Desktop/Newfolder/VideoCallApp/ios
    
    Using response file: /Users/sanjaykumar/Library/Developer/Xcode/DerivedData/VideoCallApp-evcapdoyusxvykgansyblgyjxatu/Build/Intermediates.noindex/VideoCallApp.build/Debug-iphonesimulator/VideoCallApp.build/Objects-normal/arm64/7187679823f38a2a940e0043cdf9d637-common-args.resp
    
    builtin-ScanDependencies -o /Users/sanjaykumar/Library/Developer/Xcode/DerivedData/VideoCallApp-evcapdoyusxvykgansyblgyjxatu/Build/Intermediates.noindex/VideoCallApp.build/Debug-iphonesimulator/VideoCallApp.build/Objects-normal/arm64/VideoCallApp_vers.o.scan -- /Applications/Xcode.app/Contents/Developer/Toolchains/XcodeDefault.xctoolchain/usr/bin/clang -x c -ivfsstatcache /Users/sanjaykumar/Library/Developer/Xcode/DerivedData/SDKStatCaches.noindex/iphonesimulator26.5-23F81a-6cfe768891a92b912361537c460fe42b.sdkstatcache -target arm64-apple-ios15.1-simulator -fmessage-length\=0 -fdiagnostics-show-note-include-stack -fmacro-backtrace-limit\=0 -fno-color-diagnostics -fmodules-prune-interval\=86400 -fmodules-prune-after\=345600 -fbuild-session-file\=/Users/sanjaykumar/Library/Developer/Xcode/DerivedData/ModuleCache.noindex/Session.modulevalidation -fmodules-validate-once-per-build-session -Wnon-modular-include-in-framework-module -Werror\=non-modular-include-in-framework-module -Wno-trigraphs -Wno-missing-field-initializers -Wno-missing-prototypes -Werror\=return-type -Wunreachable-code -Werror\=deprecated-objc-isa-usage -Werror\=objc-root-class -Wno-missing-braces -Wparentheses -Wswitch -Wunused-function -Wno-unused-label -Wno-unused-parameter -Wunused-variable -Wunused-value -Wempty-body -Wuninitialized -Wconditional-uninitialized -Wno-unknown-pragmas -Wno-shadow -Wno-four-char-constants -Wno-conversion -Wconstant-conversion -Wint-conversion -Wbool-conversion -Wenum-conversion -Wno-float-conversion -Wnon-literal-null-conversion -Wobjc-literal-conversion -Wshorten-64-to-32 -Wpointer-sign -Wno-newline-eof -Wno-implicit-fallthrough -isysroot /Applications/Xcode.app/Contents/Developer/Platforms/iPhoneSimulator.platform/Developer/SDKs/iPhoneSimulator26.5.sdk -fstrict-aliasing -Wdeprecated-declarations -Wno-sign-conversion -Winfinite-recursion -Wcomma -Wblock-capture-autoreleasing -Wstrict-prototypes -Wno-semicolon-before-method-body -index-store-path /Users/sanjaykumar/Library/Developer/Xcode/DerivedData/VideoCallApp-evcapdoyusxvykgansyblgyjxatu/Index.noindex/DataStore -Wno-comma -Wno-shorten-64-to-32 @/Users/sanjaykumar/Library/Developer/Xcode/DerivedData/VideoCallApp-evcapdoyusxvykgansyblgyjxatu/Build/Intermediates.noindex/VideoCallApp.build/Debug-iphonesimulator/VideoCallApp.build/Objects-normal/arm64/7187679823f38a2a940e0043cdf9d637-common-args.resp -MMD -MT dependencies -MF /Users/sanjaykumar/Library/Developer/Xcode/DerivedData/VideoCallApp-evcapdoyusxvykgansyblgyjxatu/Build/Intermediates.noindex/VideoCallApp.build/Debug-iphonesimulator/VideoCallApp.build/Objects-normal/arm64/VideoCallApp_vers.d --serialize-diagnostics /Users/sanjaykumar/Library/Developer/Xcode/DerivedData/VideoCallApp-evcapdoyusxvykgansyblgyjxatu/Build/Intermediates.noindex/VideoCallApp.build/Debug-iphonesimulator/VideoCallApp.build/Objects-normal/arm64/VideoCallApp_vers.dia -c /Users/sanjaykumar/Library/Developer/Xcode/DerivedData/VideoCallApp-evcapdoyusxvykgansyblgyjxatu/Build/Intermediates.noindex/VideoCallApp.build/Debug-iphonesimulator/VideoCallApp.build/DerivedSources/VideoCallApp_vers.c -o /Users/sanjaykumar/Library/Developer/Xcode/DerivedData/VideoCallApp-evcapdoyusxvykgansyblgyjxatu/Build/Intermediates.noindex/VideoCallApp.build/Debug-iphonesimulator/VideoCallApp.build/Objects-normal/arm64/VideoCallApp_vers.o -index-unit-output-path /VideoCallApp.build/Debug-iphonesimulator/VideoCallApp.build/Objects-normal/arm64/VideoCallApp_vers.o

CompileC /Users/sanjaykumar/Library/Developer/Xcode/DerivedData/VideoCallApp-evcapdoyusxvykgansyblgyjxatu/Build/Intermediates.noindex/VideoCallApp.build/Debug-iphonesimulator/VideoCallApp.build/Objects-normal/x86_64/VideoCallApp_vers.o /Users/sanjaykumar/Library/Developer/Xcode/DerivedData/VideoCallApp-evcapdoyusxvykgansyblgyjxatu/Build/Intermediates.noindex/VideoCallApp.build/Debug-iphonesimulator/VideoCallApp.build/DerivedSources/VideoCallApp_vers.c normal x86_64 c com.apple.compilers.llvm.clang.1_0.compiler (in target 'VideoCallApp' from project 'VideoCallApp')
    cd /Users/sanjaykumar/Desktop/Newfolder/VideoCallApp/ios
    
    Using response file: /Users/sanjaykumar/Library/Developer/Xcode/DerivedData/VideoCallApp-evcapdoyusxvykgansyblgyjxatu/Build/Intermediates.noindex/VideoCallApp.build/Debug-iphonesimulator/VideoCallApp.build/Objects-normal/x86_64/7187679823f38a2a940e0043cdf9d637-common-args.resp
    
    /Applications/Xcode.app/Contents/Developer/Toolchains/XcodeDefault.xctoolchain/usr/bin/clang -x c -ivfsstatcache /Users/sanjaykumar/Library/Developer/Xcode/DerivedData/SDKStatCaches.noindex/iphonesimulator26.5-23F81a-6cfe768891a92b912361537c460fe42b.sdkstatcache -target x86_64-apple-ios15.1-simulator -fmessage-length\=0 -fdiagnostics-show-note-include-stack -fmacro-backtrace-limit\=0 -fno-color-diagnostics -fmodules-prune-interval\=86400 -fmodules-prune-after\=345600 -fbuild-session-file\=/Users/sanjaykumar/Library/Developer/Xcode/DerivedData/ModuleCache.noindex/Session.modulevalidation -fmodules-validate-once-per-build-session -Wnon-modular-include-in-framework-module -Werror\=non-modular-include-in-framework-module -Wno-trigraphs -Wno-missing-field-initializers -Wno-missing-prototypes -Werror\=return-type -Wunreachable-code -Werror\=deprecated-objc-isa-usage -Werror\=objc-root-class -Wno-missing-braces -Wparentheses -Wswitch -Wunused-function -Wno-unused-label -Wno-unused-parameter -Wunused-variable -Wunused-value -Wempty-body -Wuninitialized -Wconditional-uninitialized -Wno-unknown-pragmas -Wno-shadow -Wno-four-char-constants -Wno-conversion -Wconstant-conversion -Wint-conversion -Wbool-conversion -Wenum-conversion -Wno-float-conversion -Wnon-literal-null-conversion -Wobjc-literal-conversion -Wshorten-64-to-32 -Wpointer-sign -Wno-newline-eof -Wno-implicit-fallthrough -isysroot /Applications/Xcode.app/Contents/Developer/Platforms/iPhoneSimulator.platform/Developer/SDKs/iPhoneSimulator26.5.sdk -fstrict-aliasing -Wdeprecated-declarations -Wno-sign-conversion -Winfinite-recursion -Wcomma -Wblock-capture-autoreleasing -Wstrict-prototypes -Wno-semicolon-before-method-body -index-store-path /Users/sanjaykumar/Library/Developer/Xcode/DerivedData/VideoCallApp-evcapdoyusxvykgansyblgyjxatu/Index.noindex/DataStore -Wno-comma -Wno-shorten-64-to-32 @/Users/sanjaykumar/Library/Developer/Xcode/DerivedData/VideoCallApp-evcapdoyusxvykgansyblgyjxatu/Build/Intermediates.noindex/VideoCallApp.build/Debug-iphonesimulator/VideoCallApp.build/Objects-normal/x86_64/7187679823f38a2a940e0043cdf9d637-common-args.resp -MMD -MT dependencies -MF /Users/sanjaykumar/Library/Developer/Xcode/DerivedData/VideoCallApp-evcapdoyusxvykgansyblgyjxatu/Build/Intermediates.noindex/VideoCallApp.build/Debug-iphonesimulator/VideoCallApp.build/Objects-normal/x86_64/VideoCallApp_vers.d --serialize-diagnostics /Users/sanjaykumar/Library/Developer/Xcode/DerivedData/VideoCallApp-evcapdoyusxvykgansyblgyjxatu/Build/Intermediates.noindex/VideoCallApp.build/Debug-iphonesimulator/VideoCallApp.build/Objects-normal/x86_64/VideoCallApp_vers.dia -c /Users/sanjaykumar/Library/Developer/Xcode/DerivedData/VideoCallApp-evcapdoyusxvykgansyblgyjxatu/Build/Intermediates.noindex/VideoCallApp.build/Debug-iphonesimulator/VideoCallApp.build/DerivedSources/VideoCallApp_vers.c -o /Users/sanjaykumar/Library/Developer/Xcode/DerivedData/VideoCallApp-evcapdoyusxvykgansyblgyjxatu/Build/Intermediates.noindex/VideoCallApp.build/Debug-iphonesimulator/VideoCallApp.build/Objects-normal/x86_64/VideoCallApp_vers.o -index-unit-output-path /VideoCallApp.build/Debug-iphonesimulator/VideoCallApp.build/Objects-normal/x86_64/VideoCallApp_vers.o

CompileC /Users/sanjaykumar/Library/Developer/Xcode/DerivedData/VideoCallApp-evcapdoyusxvykgansyblgyjxatu/Build/Intermediates.noindex/VideoCallApp.build/Debug-iphonesimulator/VideoCallApp.build/Objects-normal/arm64/VideoCallApp_vers.o /Users/sanjaykumar/Library/Developer/Xcode/DerivedData/VideoCallApp-evcapdoyusxvykgansyblgyjxatu/Build/Intermediates.noindex/VideoCallApp.build/Debug-iphonesimulator/VideoCallApp.build/DerivedSources/VideoCallApp_vers.c normal arm64 c com.apple.compilers.llvm.clang.1_0.compiler (in target 'VideoCallApp' from project 'VideoCallApp')
    cd /Users/sanjaykumar/Desktop/Newfolder/VideoCallApp/ios
    
    Using response file: /Users/sanjaykumar/Library/Developer/Xcode/DerivedData/VideoCallApp-evcapdoyusxvykgansyblgyjxatu/Build/Intermediates.noindex/VideoCallApp.build/Debug-iphonesimulator/VideoCallApp.build/Objects-normal/arm64/7187679823f38a2a940e0043cdf9d637-common-args.resp
    
    /Applications/Xcode.app/Contents/Developer/Toolchains/XcodeDefault.xctoolchain/usr/bin/clang -x c -ivfsstatcache /Users/sanjaykumar/Library/Developer/Xcode/DerivedData/SDKStatCaches.noindex/iphonesimulator26.5-23F81a-6cfe768891a92b912361537c460fe42b.sdkstatcache -target arm64-apple-ios15.1-simulator -fmessage-length\=0 -fdiagnostics-show-note-include-stack -fmacro-backtrace-limit\=0 -fno-color-diagnostics -fmodules-prune-interval\=86400 -fmodules-prune-after\=345600 -fbuild-session-file\=/Users/sanjaykumar/Library/Developer/Xcode/DerivedData/ModuleCache.noindex/Session.modulevalidation -fmodules-validate-once-per-build-session -Wnon-modular-include-in-framework-module -Werror\=non-modular-include-in-framework-module -Wno-trigraphs -Wno-missing-field-initializers -Wno-missing-prototypes -Werror\=return-type -Wunreachable-code -Werror\=deprecated-objc-isa-usage -Werror\=objc-root-class -Wno-missing-braces -Wparentheses -Wswitch -Wunused-function -Wno-unused-label -Wno-unused-parameter -Wunused-variable -Wunused-value -Wempty-body -Wuninitialized -Wconditional-uninitialized -Wno-unknown-pragmas -Wno-shadow -Wno-four-char-constants -Wno-conversion -Wconstant-conversion -Wint-conversion -Wbool-conversion -Wenum-conversion -Wno-float-conversion -Wnon-literal-null-conversion -Wobjc-literal-conversion -Wshorten-64-to-32 -Wpointer-sign -Wno-newline-eof -Wno-implicit-fallthrough -isysroot /Applications/Xcode.app/Contents/Developer/Platforms/iPhoneSimulator.platform/Developer/SDKs/iPhoneSimulator26.5.sdk -fstrict-aliasing -Wdeprecated-declarations -Wno-sign-conversion -Winfinite-recursion -Wcomma -Wblock-capture-autoreleasing -Wstrict-prototypes -Wno-semicolon-before-method-body -index-store-path /Users/sanjaykumar/Library/Developer/Xcode/DerivedData/VideoCallApp-evcapdoyusxvykgansyblgyjxatu/Index.noindex/DataStore -Wno-comma -Wno-shorten-64-to-32 @/Users/sanjaykumar/Library/Developer/Xcode/DerivedData/VideoCallApp-evcapdoyusxvykgansyblgyjxatu/Build/Intermediates.noindex/VideoCallApp.build/Debug-iphonesimulator/VideoCallApp.build/Objects-normal/arm64/7187679823f38a2a940e0043cdf9d637-common-args.resp -MMD -MT dependencies -MF /Users/sanjaykumar/Library/Developer/Xcode/DerivedData/VideoCallApp-evcapdoyusxvykgansyblgyjxatu/Build/Intermediates.noindex/VideoCallApp.build/Debug-iphonesimulator/VideoCallApp.build/Objects-normal/arm64/VideoCallApp_vers.d --serialize-diagnostics /Users/sanjaykumar/Library/Developer/Xcode/DerivedData/VideoCallApp-evcapdoyusxvykgansyblgyjxatu/Build/Intermediates.noindex/VideoCallApp.build/Debug-iphonesimulator/VideoCallApp.build/Objects-normal/arm64/VideoCallApp_vers.dia -c /Users/sanjaykumar/Library/Developer/Xcode/DerivedData/VideoCallApp-evcapdoyusxvykgansyblgyjxatu/Build/Intermediates.noindex/VideoCallApp.build/Debug-iphonesimulator/VideoCallApp.build/DerivedSources/VideoCallApp_vers.c -o /Users/sanjaykumar/Library/Developer/Xcode/DerivedData/VideoCallApp-evcapdoyusxvykgansyblgyjxatu/Build/Intermediates.noindex/VideoCallApp.build/Debug-iphonesimulator/VideoCallApp.build/Objects-normal/arm64/VideoCallApp_vers.o -index-unit-output-path /VideoCallApp.build/Debug-iphonesimulator/VideoCallApp.build/Objects-normal/arm64/VideoCallApp_vers.o

Ld /Users/sanjaykumar/Library/Developer/Xcode/DerivedData/VideoCallApp-evcapdoyusxvykgansyblgyjxatu/Build/Intermediates.noindex/VideoCallApp.build/Debug-iphonesimulator/VideoCallApp.build/Objects-normal/arm64/Binary/VideoCallApp.debug.dylib normal arm64 (in target 'VideoCallApp' from project 'VideoCallApp')
    cd /Users/sanjaykumar/Desktop/Newfolder/VideoCallApp/ios
    /Applications/Xcode.app/Contents/Developer/Toolchains/XcodeDefault.xctoolchain/usr/bin/clang -Xlinker -reproducible -target arm64-apple-ios15.1-simulator -dynamiclib -isysroot /Applications/Xcode.app/Contents/Developer/Platforms/iPhoneSimulator.platform/Developer/SDKs/iPhoneSimulator26.5.sdk -O0 -L/Users/sanjaykumar/Library/Developer/Xcode/DerivedData/VideoCallApp-evcapdoyusxvykgansyblgyjxatu/Build/Intermediates.noindex/EagerLinkingTBDs/Debug-iphonesimulator -L/Users/sanjaykumar/Library/Developer/Xcode/DerivedData/VideoCallApp-evcapdoyusxvykgansyblgyjxatu/Build/Products/Debug-iphonesimulator -L/Applications/Xcode.app/Contents/Developer/Platforms/iPhoneSimulator.platform/Developer/SDKs/iPhoneSimulator26.5.sdk/usr/lib/swift -L/Applications/Xcode.app/Contents/Developer/Toolchains/XcodeDefault.xctoolchain/usr/lib/swift/iphonesimulator -L/Users/sanjaykumar/Library/Developer/Xcode/DerivedData/VideoCallApp-evcapdoyusxvykgansyblgyjxatu/Build/Products/Debug-iphonesimulator/ReactAppDependencyProvider -L/Users/sanjaykumar/Library/Developer/Xcode/DerivedData/VideoCallApp-evcapdoyusxvykgansyblgyjxatu/Build/Products/Debug-iphonesimulator/ReactCodegen -L/Users/sanjaykumar/Library/Developer/Xcode/DerivedData/VideoCallApp-evcapdoyusxvykgansyblgyjxatu/Build/Products/Debug-iphonesimulator/SwiftUIIntrospect -L/Users/sanjaykumar/Library/Developer/Xcode/DerivedData/VideoCallApp-evcapdoyusxvykgansyblgyjxatu/Build/Products/Debug-iphonesimulator/react-native-bottom-tabs -L/Users/sanjaykumar/Library/Developer/Xcode/DerivedData/VideoCallApp-evcapdoyusxvykgansyblgyjxatu/Build/Products/Debug-iphonesimulator/react-native-safe-area-context -L/Applications/Xcode.app/Contents/Developer/Toolchains/XcodeDefault.xctoolchain/usr/lib/swift/iphonesimulator -L/Applications/Xcode.app/Contents/Developer/Platforms/iPhoneSimulator.platform/Developer/SDKs/iPhoneSimulator26.5.sdk/usr/lib/swift -F/Users/sanjaykumar/Library/Developer/Xcode/DerivedData/VideoCallApp-evcapdoyusxvykgansyblgyjxatu/Build/Intermediates.noindex/EagerLinkingTBDs/Debug-iphonesimulator -F/Users/sanjaykumar/Library/Developer/Xcode/DerivedData/VideoCallApp-evcapdoyusxvykgansyblgyjxatu/Build/Products/Debug-iphonesimulator -F/Users/sanjaykumar/Desktop/Newfolder/VideoCallApp/ios/Pods/React-Core-prebuilt -F/Users/sanjaykumar/Desktop/Newfolder/VideoCallApp/ios/Pods/ReactNativeDependencies/framework/packages/react-native -F/Users/sanjaykumar/Desktop/Newfolder/VideoCallApp/ios/Pods/hermes-engine/destroot/Library/Frameworks/universal -F/Users/sanjaykumar/Library/Developer/Xcode/DerivedData/VideoCallApp-evcapdoyusxvykgansyblgyjxatu/Build/Products/Debug-iphonesimulator/XCFrameworkIntermediates/React-Core-prebuilt -F/Users/sanjaykumar/Library/Developer/Xcode/DerivedData/VideoCallApp-evcapdoyusxvykgansyblgyjxatu/Build/Products/Debug-iphonesimulator/XCFrameworkIntermediates/ReactNativeDependencies -F/Users/sanjaykumar/Library/Developer/Xcode/DerivedData/VideoCallApp-evcapdoyusxvykgansyblgyjxatu/Build/Products/Debug-iphonesimulator/XCFrameworkIntermediates/hermes-engine/Pre-built -filelist /Users/sanjaykumar/Library/Developer/Xcode/DerivedData/VideoCallApp-evcapdoyusxvykgansyblgyjxatu/Build/Intermediates.noindex/VideoCallApp.build/Debug-iphonesimulator/VideoCallApp.build/Objects-normal/arm64/VideoCallApp.LinkFileList -install_name @rpath/VideoCallApp.debug.dylib -Xlinker -rpath -Xlinker /usr/lib/swift -Xlinker -rpath -Xlinker @executable_path/Frameworks -Xlinker -rpath -Xlinker @loader_path/Frameworks -Xlinker -dead_strip -Xlinker -object_path_lto -Xlinker /Users/sanjaykumar/Library/Developer/Xcode/DerivedData/VideoCallApp-evcapdoyusxvykgansyblgyjxatu/Build/Intermediates.noindex/VideoCallApp.build/Debug-iphonesimulator/VideoCallApp.build/Objects-normal/arm64/VideoCallApp_lto.o -rdynamic -Xlinker -no_deduplicate -Xlinker -objc_abi_version -Xlinker 2 -Xlinker -dependency_info -Xlinker /Users/sanjaykumar/Library/Developer/Xcode/DerivedData/VideoCallApp-evcapdoyusxvykgansyblgyjxatu/Build/Intermediates.noindex/VideoCallApp.build/Debug-iphonesimulator/VideoCallApp.build/Objects-normal/arm64/VideoCallApp_dependency_info.dat -fobjc-link-runtime -L/Applications/Xcode.app/Contents/Developer/Toolchains/XcodeDefault.xctoolchain/usr/lib/swift/iphonesimulator -L/usr/lib/swift -Xlinker -add_ast_path -Xlinker /Users/sanjaykumar/Library/Developer/Xcode/DerivedData/VideoCallApp-evcapdoyusxvykgansyblgyjxatu/Build/Intermediates.noindex/VideoCallApp.build/Debug-iphonesimulator/VideoCallApp.build/Objects-normal/arm64/VideoCallApp.swiftmodule @/Users/sanjaykumar/Library/Developer/Xcode/DerivedData/VideoCallApp-evcapdoyusxvykgansyblgyjxatu/Build/Intermediates.noindex/VideoCallApp.build/Debug-iphonesimulator/VideoCallApp.build/Objects-normal/arm64/VideoCallApp-linker-args.resp -ObjC -lReactAppDependencyProvider -lReactCodegen -lSwiftUIIntrospect -lreact-native-bottom-tabs -lreact-native-safe-area-context -framework Accelerate -framework AudioToolbox -framework CoreGraphics -framework ImageIO -framework MobileCoreServices -framework QuartzCore -framework React -framework ReactNativeDependencies -framework UIKit -framework hermesvm -ObjC -lc++ -Xlinker -alias -Xlinker _main -Xlinker ___debug_main_executable_dylib_entry_point -lPods-VideoCallApp -Xlinker -no_adhoc_codesign -o /Users/sanjaykumar/Library/Developer/Xcode/DerivedData/VideoCallApp-evcapdoyusxvykgansyblgyjxatu/Build/Intermediates.noindex/VideoCallApp.build/Debug-iphonesimulator/VideoCallApp.build/Objects-normal/arm64/Binary/VideoCallApp.debug.dylib

SwiftDriverJobDiscovery normal x86_64 Compiling GeneratedAssetSymbols.swift (in target 'VideoCallApp' from project 'VideoCallApp')

ConstructStubExecutorLinkFileList /Users/sanjaykumar/Library/Developer/Xcode/DerivedData/VideoCallApp-evcapdoyusxvykgansyblgyjxatu/Build/Intermediates.noindex/VideoCallApp.build/Debug-iphonesimulator/VideoCallApp.build/VideoCallApp-ExecutorLinkFileList-normal-arm64.txt (in target 'VideoCallApp' from project 'VideoCallApp')
    cd /Users/sanjaykumar/Desktop/Newfolder/VideoCallApp/ios
    construct-stub-executor-link-file-list /Users/sanjaykumar/Library/Developer/Xcode/DerivedData/VideoCallApp-evcapdoyusxvykgansyblgyjxatu/Build/Intermediates.noindex/VideoCallApp.build/Debug-iphonesimulator/VideoCallApp.build/Objects-normal/arm64/Binary/VideoCallApp.debug.dylib /Applications/Xcode.app/Contents/Developer/Platforms/iPhoneSimulator.platform/Developer/usr/lib/libPreviewsJITStubExecutor_no_swift_entry_point.a /Applications/Xcode.app/Contents/Developer/Platforms/iPhoneSimulator.platform/Developer/usr/lib/libPreviewsJITStubExecutor.a --output /Users/sanjaykumar/Library/Developer/Xcode/DerivedData/VideoCallApp-evcapdoyusxvykgansyblgyjxatu/Build/Intermediates.noindex/VideoCallApp.build/Debug-iphonesimulator/VideoCallApp.build/VideoCallApp-ExecutorLinkFileList-normal-arm64.txt
note: Using stub executor library with Swift entry point. (in target 'VideoCallApp' from project 'VideoCallApp')

Ld /Users/sanjaykumar/Library/Developer/Xcode/DerivedData/VideoCallApp-evcapdoyusxvykgansyblgyjxatu/Build/Intermediates.noindex/VideoCallApp.build/Debug-iphonesimulator/VideoCallApp.build/Objects-normal/arm64/Binary/VideoCallApp normal arm64 (in target 'VideoCallApp' from project 'VideoCallApp')
    cd /Users/sanjaykumar/Desktop/Newfolder/VideoCallApp/ios
    /Applications/Xcode.app/Contents/Developer/Toolchains/XcodeDefault.xctoolchain/usr/bin/clang -Xlinker -reproducible -target arm64-apple-ios15.1-simulator -isysroot /Applications/Xcode.app/Contents/Developer/Platforms/iPhoneSimulator.platform/Developer/SDKs/iPhoneSimulator26.5.sdk -O0 -L/Users/sanjaykumar/Library/Developer/Xcode/DerivedData/VideoCallApp-evcapdoyusxvykgansyblgyjxatu/Build/Products/Debug-iphonesimulator -L/Applications/Xcode.app/Contents/Developer/Platforms/iPhoneSimulator.platform/Developer/SDKs/iPhoneSimulator26.5.sdk/usr/lib/swift -L/Applications/Xcode.app/Contents/Developer/Toolchains/XcodeDefault.xctoolchain/usr/lib/swift/iphonesimulator -L/Users/sanjaykumar/Library/Developer/Xcode/DerivedData/VideoCallApp-evcapdoyusxvykgansyblgyjxatu/Build/Products/Debug-iphonesimulator/ReactAppDependencyProvider -L/Users/sanjaykumar/Library/Developer/Xcode/DerivedData/VideoCallApp-evcapdoyusxvykgansyblgyjxatu/Build/Products/Debug-iphonesimulator/ReactCodegen -L/Users/sanjaykumar/Library/Developer/Xcode/DerivedData/VideoCallApp-evcapdoyusxvykgansyblgyjxatu/Build/Products/Debug-iphonesimulator/SwiftUIIntrospect -L/Users/sanjaykumar/Library/Developer/Xcode/DerivedData/VideoCallApp-evcapdoyusxvykgansyblgyjxatu/Build/Products/Debug-iphonesimulator/react-native-bottom-tabs -L/Users/sanjaykumar/Library/Developer/Xcode/DerivedData/VideoCallApp-evcapdoyusxvykgansyblgyjxatu/Build/Products/Debug-iphonesimulator/react-native-safe-area-context -L/Applications/Xcode.app/Contents/Developer/Toolchains/XcodeDefault.xctoolchain/usr/lib/swift/iphonesimulator -L/Applications/Xcode.app/Contents/Developer/Platforms/iPhoneSimulator.platform/Developer/SDKs/iPhoneSimulator26.5.sdk/usr/lib/swift -F/Users/sanjaykumar/Library/Developer/Xcode/DerivedData/VideoCallApp-evcapdoyusxvykgansyblgyjxatu/Build/Products/Debug-iphonesimulator -F/Users/sanjaykumar/Desktop/Newfolder/VideoCallApp/ios/Pods/React-Core-prebuilt -F/Users/sanjaykumar/Desktop/Newfolder/VideoCallApp/ios/Pods/ReactNativeDependencies/framework/packages/react-native -F/Users/sanjaykumar/Desktop/Newfolder/VideoCallApp/ios/Pods/hermes-engine/destroot/Library/Frameworks/universal -F/Users/sanjaykumar/Library/Developer/Xcode/DerivedData/VideoCallApp-evcapdoyusxvykgansyblgyjxatu/Build/Products/Debug-iphonesimulator/XCFrameworkIntermediates/React-Core-prebuilt -F/Users/sanjaykumar/Library/Developer/Xcode/DerivedData/VideoCallApp-evcapdoyusxvykgansyblgyjxatu/Build/Products/Debug-iphonesimulator/XCFrameworkIntermediates/ReactNativeDependencies -F/Users/sanjaykumar/Library/Developer/Xcode/DerivedData/VideoCallApp-evcapdoyusxvykgansyblgyjxatu/Build/Products/Debug-iphonesimulator/XCFrameworkIntermediates/hermes-engine/Pre-built -Xlinker -rpath -Xlinker @executable_path -Xlinker -rpath -Xlinker /usr/lib/swift -Xlinker -rpath -Xlinker @executable_path/Frameworks -Xlinker -rpath -Xlinker @loader_path/Frameworks -rdynamic -Xlinker -no_deduplicate -Xlinker -objc_abi_version -Xlinker 2 -e ___debug_blank_executor_main -Xlinker -sectcreate -Xlinker __TEXT -Xlinker __debug_dylib -Xlinker /Users/sanjaykumar/Library/Developer/Xcode/DerivedData/VideoCallApp-evcapdoyusxvykgansyblgyjxatu/Build/Intermediates.noindex/VideoCallApp.build/Debug-iphonesimulator/VideoCallApp.build/VideoCallApp-DebugDylibPath-normal-arm64.txt -Xlinker -sectcreate -Xlinker __TEXT -Xlinker __debug_instlnm -Xlinker /Users/sanjaykumar/Library/Developer/Xcode/DerivedData/VideoCallApp-evcapdoyusxvykgansyblgyjxatu/Build/Intermediates.noindex/VideoCallApp.build/Debug-iphonesimulator/VideoCallApp.build/VideoCallApp-DebugDylibInstallName-normal-arm64.txt -Xlinker -filelist -Xlinker /Users/sanjaykumar/Library/Developer/Xcode/DerivedData/VideoCallApp-evcapdoyusxvykgansyblgyjxatu/Build/Intermediates.noindex/VideoCallApp.build/Debug-iphonesimulator/VideoCallApp.build/VideoCallApp-ExecutorLinkFileList-normal-arm64.txt -Xlinker -sectcreate -Xlinker __TEXT -Xlinker __entitlements -Xlinker /Users/sanjaykumar/Library/Developer/Xcode/DerivedData/VideoCallApp-evcapdoyusxvykgansyblgyjxatu/Build/Intermediates.noindex/VideoCallApp.build/Debug-iphonesimulator/VideoCallApp.build/VideoCallApp.app-Simulated.xcent -Xlinker -sectcreate -Xlinker __TEXT -Xlinker __ents_der -Xlinker /Users/sanjaykumar/Library/Developer/Xcode/DerivedData/VideoCallApp-evcapdoyusxvykgansyblgyjxatu/Build/Intermediates.noindex/VideoCallApp.build/Debug-iphonesimulator/VideoCallApp.build/VideoCallApp.app-Simulated.xcent.der /Users/sanjaykumar/Library/Developer/Xcode/DerivedData/VideoCallApp-evcapdoyusxvykgansyblgyjxatu/Build/Intermediates.noindex/VideoCallApp.build/Debug-iphonesimulator/VideoCallApp.build/Objects-normal/arm64/Binary/VideoCallApp.debug.dylib -Xlinker -no_adhoc_codesign -o /Users/sanjaykumar/Library/Developer/Xcode/DerivedData/VideoCallApp-evcapdoyusxvykgansyblgyjxatu/Build/Intermediates.noindex/VideoCallApp.build/Debug-iphonesimulator/VideoCallApp.build/Objects-normal/arm64/Binary/VideoCallApp

SwiftDriverJobDiscovery normal x86_64 Compiling AppDelegate.swift (in target 'VideoCallApp' from project 'VideoCallApp')

SwiftDriver\ Compilation VideoCallApp normal x86_64 com.apple.xcode.tools.swift.compiler (in target 'VideoCallApp' from project 'VideoCallApp')
    cd /Users/sanjaykumar/Desktop/Newfolder/VideoCallApp/ios
    builtin-Swift-Compilation -- /Applications/Xcode.app/Contents/Developer/Toolchains/XcodeDefault.xctoolchain/usr/bin/swiftc -module-name VideoCallApp -Onone @/Users/sanjaykumar/Library/Developer/Xcode/DerivedData/VideoCallApp-evcapdoyusxvykgansyblgyjxatu/Build/Intermediates.noindex/VideoCallApp.build/Debug-iphonesimulator/VideoCallApp.build/Objects-normal/x86_64/VideoCallApp.SwiftFileList -DDEBUG -D COCOAPODS -Xcc -fmodule-map-file\=/Users/sanjaykumar/Library/Developer/Xcode/DerivedData/VideoCallApp-evcapdoyusxvykgansyblgyjxatu/Build/Products/Debug-iphonesimulator/SwiftUIIntrospect/SwiftUIIntrospect.modulemap -Xcc -fmodule-map-file\=/Users/sanjaykumar/Library/Developer/Xcode/DerivedData/VideoCallApp-evcapdoyusxvykgansyblgyjxatu/Build/Products/Debug-iphonesimulator/react-native-bottom-tabs/react_native_bottom_tabs.modulemap -Xcc -fmodule-map-file\=/Users/sanjaykumar/Desktop/Newfolder/VideoCallApp/ios/Pods/Headers/Public/ReactAppDependencyProvider/ReactAppDependencyProvider.modulemap -Xcc -fmodule-map-file\=/Users/sanjaykumar/Desktop/Newfolder/VideoCallApp/ios/Pods/Headers/Public/ReactCodegen/ReactCodegen.modulemap -Xcc -Wno-incomplete-umbrella -Xcc -fmodule-map-file\=/Users/sanjaykumar/Desktop/Newfolder/VideoCallApp/ios/Pods/React-Core-prebuilt/Headers/module.modulemap -enable-bare-slash-regex -enable-experimental-feature DebugDescriptionMacro -sdk /Applications/Xcode.app/Contents/Developer/Platforms/iPhoneSimulator.platform/Developer/SDKs/iPhoneSimulator26.5.sdk -target x86_64-apple-ios15.1-simulator -g -module-cache-path /Users/sanjaykumar/Library/Developer/Xcode/DerivedData/ModuleCache.noindex -Xfrontend -serialize-debugging-options -enable-testing -index-store-path /Users/sanjaykumar/Library/Developer/Xcode/DerivedData/VideoCallApp-evcapdoyusxvykgansyblgyjxatu/Index.noindex/DataStore -Xcc -D_LIBCPP_HARDENING_MODE\=_LIBCPP_HARDENING_MODE_DEBUG -swift-version 5 -I /Users/sanjaykumar/Library/Developer/Xcode/DerivedData/VideoCallApp-evcapdoyusxvykgansyblgyjxatu/Build/Products/Debug-iphonesimulator -I /Users/sanjaykumar/Library/Developer/Xcode/DerivedData/VideoCallApp-evcapdoyusxvykgansyblgyjxatu/Build/Products/Debug-iphonesimulator/SwiftUIIntrospect -I /Users/sanjaykumar/Library/Developer/Xcode/DerivedData/VideoCallApp-evcapdoyusxvykgansyblgyjxatu/Build/Products/Debug-iphonesimulator/react-native-bottom-tabs -F /Users/sanjaykumar/Library/Developer/Xcode/DerivedData/VideoCallApp-evcapdoyusxvykgansyblgyjxatu/Build/Products/Debug-iphonesimulator -F /Users/sanjaykumar/Desktop/Newfolder/VideoCallApp/ios/Pods/React-Core-prebuilt -F /Users/sanjaykumar/Desktop/Newfolder/VideoCallApp/ios/Pods/ReactNativeDependencies/framework/packages/react-native -F /Users/sanjaykumar/Desktop/Newfolder/VideoCallApp/ios/Pods/hermes-engine/destroot/Library/Frameworks/universal -F /Users/sanjaykumar/Library/Developer/Xcode/DerivedData/VideoCallApp-evcapdoyusxvykgansyblgyjxatu/Build/Products/Debug-iphonesimulator/XCFrameworkIntermediates/React-Core-prebuilt -F /Users/sanjaykumar/Library/Developer/Xcode/DerivedData/VideoCallApp-evcapdoyusxvykgansyblgyjxatu/Build/Products/Debug-iphonesimulator/XCFrameworkIntermediates/ReactNativeDependencies -F /Users/sanjaykumar/Library/Developer/Xcode/DerivedData/VideoCallApp-evcapdoyusxvykgansyblgyjxatu/Build/Products/Debug-iphonesimulator/XCFrameworkIntermediates/hermes-engine/Pre-built -c -j10 -enable-batch-mode -incremental -Xcc -ivfsstatcache -Xcc /Users/sanjaykumar/Library/Developer/Xcode/DerivedData/SDKStatCaches.noindex/iphonesimulator26.5-23F81a-6cfe768891a92b912361537c460fe42b.sdkstatcache -output-file-map /Users/sanjaykumar/Library/Developer/Xcode/DerivedData/VideoCallApp-evcapdoyusxvykgansyblgyjxatu/Build/Intermediates.noindex/VideoCallApp.build/Debug-iphonesimulator/VideoCallApp.build/Objects-normal/x86_64/VideoCallApp-OutputFileMap.json -use-frontend-parseable-output -save-temps -no-color-diagnostics -explicit-module-build -module-cache-path /Users/sanjaykumar/Library/Developer/Xcode/DerivedData/VideoCallApp-evcapdoyusxvykgansyblgyjxatu/Build/Intermediates.noindex/SwiftExplicitPrecompiledModules -clang-scanner-module-cache-path /Users/sanjaykumar/Library/Developer/Xcode/DerivedData/ModuleCache.noindex -sdk-module-cache-path /Users/sanjaykumar/Library/Developer/Xcode/DerivedData/ModuleCache.noindex -serialize-diagnostics -emit-dependencies -emit-module -emit-module-path /Users/sanjaykumar/Library/Developer/Xcode/DerivedData/VideoCallApp-evcapdoyusxvykgansyblgyjxatu/Build/Intermediates.noindex/VideoCallApp.build/Debug-iphonesimulator/VideoCallApp.build/Objects-normal/x86_64/VideoCallApp.swiftmodule -validate-clang-modules-once -clang-build-session-file /Users/sanjaykumar/Library/Developer/Xcode/DerivedData/ModuleCache.noindex/Session.modulevalidation -Xcc -I/Users/sanjaykumar/Library/Developer/Xcode/DerivedData/VideoCallApp-evcapdoyusxvykgansyblgyjxatu/Build/Intermediates.noindex/VideoCallApp.build/Debug-iphonesimulator/VideoCallApp.build/swift-overrides.hmap -emit-const-values -Xfrontend -const-gather-protocols-file -Xfrontend /Users/sanjaykumar/Library/Developer/Xcode/DerivedData/VideoCallApp-evcapdoyusxvykgansyblgyjxatu/Build/Intermediates.noindex/VideoCallApp.build/Debug-iphonesimulator/VideoCallApp.build/Objects-normal/x86_64/VideoCallApp_const_extract_protocols.json -Xcc -iquote -Xcc /Users/sanjaykumar/Library/Developer/Xcode/DerivedData/VideoCallApp-evcapdoyusxvykgansyblgyjxatu/Build/Intermediates.noindex/VideoCallApp.build/Debug-iphonesimulator/VideoCallApp.build/VideoCallApp-generated-files.hmap -Xcc -I/Users/sanjaykumar/Library/Developer/Xcode/DerivedData/VideoCallApp-evcapdoyusxvykgansyblgyjxatu/Build/Intermediates.noindex/VideoCallApp.build/Debug-iphonesimulator/VideoCallApp.build/VideoCallApp-own-target-headers.hmap -Xcc -I/Users/sanjaykumar/Library/Developer/Xcode/DerivedData/VideoCallApp-evcapdoyusxvykgansyblgyjxatu/Build/Intermediates.noindex/VideoCallApp.build/Debug-iphonesimulator/VideoCallApp.build/VideoCallApp-all-non-framework-target-headers.hmap -Xcc -ivfsoverlay -Xcc /Users/sanjaykumar/Library/Developer/Xcode/DerivedData/VideoCallApp-evcapdoyusxvykgansyblgyjxatu/Build/Intermediates.noindex/VideoCallApp.build/Debug-iphonesimulator/VideoCallApp-5cfc4fada1c9a598ee8695cfec64d2f6-VFS-iphonesimulator/all-product-headers.yaml -Xcc -iquote -Xcc /Users/sanjaykumar/Library/Developer/Xcode/DerivedData/VideoCallApp-evcapdoyusxvykgansyblgyjxatu/Build/Intermediates.noindex/VideoCallApp.build/Debug-iphonesimulator/VideoCallApp.build/VideoCallApp-project-headers.hmap -Xcc -I/Users/sanjaykumar/Library/Developer/Xcode/DerivedData/VideoCallApp-evcapdoyusxvykgansyblgyjxatu/Build/Products/Debug-iphonesimulator/include -Xcc -I/Users/sanjaykumar/Desktop/Newfolder/VideoCallApp/ios/Pods/Headers/Public -Xcc -I/Users/sanjaykumar/Desktop/Newfolder/VideoCallApp/ios/Pods/Headers/Public/RCTSwiftUIWrapper -Xcc -I/Users/sanjaykumar/Desktop/Newfolder/VideoCallApp/ios/Pods/Headers/Public/RCTTypeSafety -Xcc -I/Users/sanjaykumar/Desktop/Newfolder/VideoCallApp/ios/Pods/Headers/Public/React-Core-prebuilt -Xcc -I/Users/sanjaykumar/Desktop/Newfolder/VideoCallApp/ios/Pods/Headers/Public/React-CoreModules -Xcc -I/Users/sanjaykumar/Desktop/Newfolder/VideoCallApp/ios/Pods/Headers/Public/React-Fabric -Xcc -I/Users/sanjaykumar/Desktop/Newfolder/VideoCallApp/ios/Pods/Headers/Public/React-FabricComponents -Xcc -I/Users/sanjaykumar/Desktop/Newfolder/VideoCallApp/ios/Pods/Headers/Public/React-FabricImage -Xcc -I/Users/sanjaykumar/Desktop/Newfolder/VideoCallApp/ios/Pods/Headers/Public/React-ImageManager -Xcc -I/Users/sanjaykumar/Desktop/Newfolder/VideoCallApp/ios/Pods/Headers/Public/React-Mapbuffer -Xcc -I/Users/sanjaykumar/Desktop/Newfolder/VideoCallApp/ios/Pods/Headers/Public/React-NativeModulesApple -Xcc -I/Users/sanjaykumar/Desktop/Newfolder/VideoCallApp/ios/Pods/Headers/Public/React-RCTAnimatedModuleProvider -Xcc -I/Users/sanjaykumar/Desktop/Newfolder/VideoCallApp/ios/Pods/Headers/Public/React-RCTAnimation -Xcc -I/Users/sanjaykumar/Desktop/Newfolder/VideoCallApp/ios/Pods/Headers/Public/React-RCTAppDelegate -Xcc -I/Users/sanjaykumar/Desktop/Newfolder/VideoCallApp/ios/Pods/Headers/Public/React-RCTBlob -Xcc -I/Users/sanjaykumar/Desktop/Newfolder/VideoCallApp/ios/Pods/Headers/Public/React-RCTFBReactNativeSpec -Xcc -I/Users/sanjaykumar/Desktop/Newfolder/VideoCallApp/ios/Pods/Headers/Public/React-RCTFabric -Xcc -I/Users/sanjaykumar/Desktop/Newfolder/VideoCallApp/ios/Pods/Headers/Public/React-RCTImage -Xcc -I/Users/sanjaykumar/Desktop/Newfolder/VideoCallApp/ios/Pods/Headers/Public/React-RCTSettings -Xcc -I/Users/sanjaykumar/Desktop/Newfolder/VideoCallApp/ios/Pods/Headers/Public/React-RCTText -Xcc -I/Users/sanjaykumar/Desktop/Newfolder/VideoCallApp/ios/Pods/Headers/Public/React-RCTVibration -Xcc -I/Users/sanjaykumar/Desktop/Newfolder/VideoCallApp/ios/Pods/Headers/Public/React-RuntimeApple -Xcc -I/Users/sanjaykumar/Desktop/Newfolder/VideoCallApp/ios/Pods/Headers/Public/React-RuntimeCore -Xcc -I/Users/sanjaykumar/Desktop/Newfolder/VideoCallApp/ios/Pods/Headers/Public/React-RuntimeHermes -Xcc -I/Users/sanjaykumar/Desktop/Newfolder/VideoCallApp/ios/Pods/Headers/Public/React-bridging -Xcc -I/Users/sanjaykumar/Desktop/Newfolder/VideoCallApp/ios/Pods/Headers/Public/React-callinvoker -Xcc -I/Users/sanjaykumar/Desktop/Newfolder/VideoCallApp/ios/Pods/Headers/Public/React-cxxreact -Xcc -I/Users/sanjaykumar/Desktop/Newfolder/VideoCallApp/ios/Pods/Headers/Public/React-cxxstableapi -Xcc -I/Users/sanjaykumar/Desktop/Newfolder/VideoCallApp/ios/Pods/Headers/Public/React-debug -Xcc -I/Users/sanjaykumar/Desktop/Newfolder/VideoCallApp/ios/Pods/Headers/Public/React-defaultsnativemodule -Xcc -I/Users/sanjaykumar/Desktop/Newfolder/VideoCallApp/ios/Pods/Headers/Public/React-domnativemodule -Xcc -I/Users/sanjaykumar/Desktop/Newfolder/VideoCallApp/ios/Pods/Headers/Public/React-featureflags -Xcc -I/Users/sanjaykumar/Desktop/Newfolder/VideoCallApp/ios/Pods/Headers/Public/React-featureflagsnativemodule -Xcc -I/Users/sanjaykumar/Desktop/Newfolder/VideoCallApp/ios/Pods/Headers/Public/React-graphics -Xcc -I/Users/sanjaykumar/Desktop/Newfolder/VideoCallApp/ios/Pods/Headers/Public/React-hermes -Xcc -I/Users/sanjaykumar/Desktop/Newfolder/VideoCallApp/ios/Pods/Headers/Public/React-idlecallbacksnativemodule -Xcc -I/Users/sanjaykumar/Desktop/Newfolder/VideoCallApp/ios/Pods/Headers/Public/React-intersectionobservernativemodule -Xcc -I/Users/sanjaykumar/Desktop/Newfolder/VideoCallApp/ios/Pods/Headers/Public/React-jserrorhandler -Xcc -I/Users/sanjaykumar/Desktop/Newfolder/VideoCallApp/ios/Pods/Headers/Public/React-jsi -Xcc -I/Users/sanjaykumar/Desktop/Newfolder/VideoCallApp/ios/Pods/Headers/Public/React-jsiexecutor -Xcc -I/Users/sanjaykumar/Desktop/Newfolder/VideoCallApp/ios/Pods/Headers/Public/React-jsinspector -Xcc -I/Users/sanjaykumar/Desktop/Newfolder/VideoCallApp/ios/Pods/Headers/Public/React-jsinspectorcdp -Xcc -I/Users/sanjaykumar/Desktop/Newfolder/VideoCallApp/ios/Pods/Headers/Public/React-jsinspectornetwork -Xcc -I/Users/sanjaykumar/Desktop/Newfolder/VideoCallApp/ios/Pods/Headers/Public/React-jsinspectortracing -Xcc -I/Users/sanjaykumar/Desktop/Newfolder/VideoCallApp/ios/Pods/Headers/Public/React-jsitooling -Xcc -I/Users/sanjaykumar/Desktop/Newfolder/VideoCallApp/ios/Pods/Headers/Public/React-logger -Xcc -I/Users/sanjaykumar/Desktop/Newfolder/VideoCallApp/ios/Pods/Headers/Public/React-microtasksnativemodule -Xcc -I/Users/sanjaykumar/Desktop/Newfolder/VideoCallApp/ios/Pods/Headers/Public/React-mutationobservernativemodule -Xcc -I/Users/sanjaykumar/Desktop/Newfolder/VideoCallApp/ios/Pods/Headers/Public/React-networking -Xcc -I/Users/sanjaykumar/Desktop/Newfolder/VideoCallApp/ios/Pods/Headers/Public/React-oscompat -Xcc -I/Users/sanjaykumar/Desktop/Newfolder/VideoCallApp/ios/Pods/Headers/Public/React-perflogger -Xcc -I/Users/sanjaykumar/Desktop/Newfolder/VideoCallApp/ios/Pods/Headers/Public/React-performancecdpmetrics -Xcc -I/Users/sanjaykumar/Desktop/Newfolder/VideoCallApp/ios/Pods/Headers/Public/React-performancetimeline -Xcc -I/Users/sanjaykumar/Desktop/Newfolder/VideoCallApp/ios/Pods/Headers/Public/React-rendererconsistency -Xcc -I/Users/sanjaykumar/Desktop/Newfolder/VideoCallApp/ios/Pods/Headers/Public/React-renderercss -Xcc -I/Users/sanjaykumar/Desktop/Newfolder/VideoCallApp/ios/Pods/Headers/Public/React-rendererdebug -Xcc -I/Users/sanjaykumar/Desktop/Newfolder/VideoCallApp/ios/Pods/Headers/Public/React-runtimeexecutor -Xcc -I/Users/sanjaykumar/Desktop/Newfolder/VideoCallApp/ios/Pods/Headers/Public/React-runtimescheduler -Xcc -I/Users/sanjaykumar/Desktop/Newfolder/VideoCallApp/ios/Pods/Headers/Public/React-timing -Xcc -I/Users/sanjaykumar/Desktop/Newfolder/VideoCallApp/ios/Pods/Headers/Public/React-utils -Xcc -I/Users/sanjaykumar/Desktop/Newfolder/VideoCallApp/ios/Pods/Headers/Public/React-viewtransitionnativemodule -Xcc -I/Users/sanjaykumar/Desktop/Newfolder/VideoCallApp/ios/Pods/Headers/Public/React-webperformancenativemodule -Xcc -I/Users/sanjaykumar/Desktop/Newfolder/VideoCallApp/ios/Pods/Headers/Public/ReactAppDependencyProvider -Xcc -I/Users/sanjaykumar/Desktop/Newfolder/VideoCallApp/ios/Pods/Headers/Public/ReactCodegen -Xcc -I/Users/sanjaykumar/Desktop/Newfolder/VideoCallApp/ios/Pods/Headers/Public/ReactCommon -Xcc -I/Users/sanjaykumar/Desktop/Newfolder/VideoCallApp/ios/Pods/Headers/Public/ReactNativeDependencies -Xcc -I/Users/sanjaykumar/Desktop/Newfolder/VideoCallApp/ios/Pods/Headers/Public/hermes-engine -Xcc -I/Users/sanjaykumar/Desktop/Newfolder/VideoCallApp/ios/Pods/Headers/Public/react-native-bottom-tabs -Xcc -I/Users/sanjaykumar/Desktop/Newfolder/VideoCallApp/ios/Pods/Headers/Public/react-native-safe-area-context -Xcc -I/Users/sanjaykumar/Desktop/Newfolder/VideoCallApp/ios/Pods/Headers/Private/React-Core -Xcc -I/Users/sanjaykumar/Desktop/Newfolder/VideoCallApp/ios/Pods/Headers/Private/Yoga -Xcc -I/Users/sanjaykumar/Desktop/Newfolder/VideoCallApp/ios/Pods/React-Core-prebuilt/Headers -Xcc -I/Users/sanjaykumar/Desktop/Newfolder/VideoCallApp/ios/Pods/ReactNativeDependencies/Headers -Xcc -I/Users/sanjaykumar/Library/Developer/Xcode/DerivedData/VideoCallApp-evcapdoyusxvykgansyblgyjxatu/Build/Intermediates.noindex/VideoCallApp.build/Debug-iphonesimulator/VideoCallApp.build/DerivedSources-normal/x86_64 -Xcc -I/Users/sanjaykumar/Library/Developer/Xcode/DerivedData/VideoCallApp-evcapdoyusxvykgansyblgyjxatu/Build/Intermediates.noindex/VideoCallApp.build/Debug-iphonesimulator/VideoCallApp.build/DerivedSources/x86_64 -Xcc -I/Users/sanjaykumar/Library/Developer/Xcode/DerivedData/VideoCallApp-evcapdoyusxvykgansyblgyjxatu/Build/Intermediates.noindex/VideoCallApp.build/Debug-iphonesimulator/VideoCallApp.build/DerivedSources -Xcc -DDEBUG\=1 -Xcc -DCOCOAPODS\=1 -emit-objc-header -emit-objc-header-path /Users/sanjaykumar/Library/Developer/Xcode/DerivedData/VideoCallApp-evcapdoyusxvykgansyblgyjxatu/Build/Intermediates.noindex/VideoCallApp.build/Debug-iphonesimulator/VideoCallApp.build/Objects-normal/x86_64/VideoCallApp-Swift.h -working-directory /Users/sanjaykumar/Desktop/Newfolder/VideoCallApp/ios -experimental-emit-module-separately -disable-cmo

Ld /Users/sanjaykumar/Library/Developer/Xcode/DerivedData/VideoCallApp-evcapdoyusxvykgansyblgyjxatu/Build/Intermediates.noindex/VideoCallApp.build/Debug-iphonesimulator/VideoCallApp.build/Objects-normal/x86_64/Binary/VideoCallApp.debug.dylib normal x86_64 (in target 'VideoCallApp' from project 'VideoCallApp')
    cd /Users/sanjaykumar/Desktop/Newfolder/VideoCallApp/ios
    /Applications/Xcode.app/Contents/Developer/Toolchains/XcodeDefault.xctoolchain/usr/bin/clang -Xlinker -reproducible -target x86_64-apple-ios15.1-simulator -dynamiclib -isysroot /Applications/Xcode.app/Contents/Developer/Platforms/iPhoneSimulator.platform/Developer/SDKs/iPhoneSimulator26.5.sdk -O0 -L/Users/sanjaykumar/Library/Developer/Xcode/DerivedData/VideoCallApp-evcapdoyusxvykgansyblgyjxatu/Build/Intermediates.noindex/EagerLinkingTBDs/Debug-iphonesimulator -L/Users/sanjaykumar/Library/Developer/Xcode/DerivedData/VideoCallApp-evcapdoyusxvykgansyblgyjxatu/Build/Products/Debug-iphonesimulator -L/Applications/Xcode.app/Contents/Developer/Platforms/iPhoneSimulator.platform/Developer/SDKs/iPhoneSimulator26.5.sdk/usr/lib/swift -L/Applications/Xcode.app/Contents/Developer/Toolchains/XcodeDefault.xctoolchain/usr/lib/swift/iphonesimulator -L/Users/sanjaykumar/Library/Developer/Xcode/DerivedData/VideoCallApp-evcapdoyusxvykgansyblgyjxatu/Build/Products/Debug-iphonesimulator/ReactAppDependencyProvider -L/Users/sanjaykumar/Library/Developer/Xcode/DerivedData/VideoCallApp-evcapdoyusxvykgansyblgyjxatu/Build/Products/Debug-iphonesimulator/ReactCodegen -L/Users/sanjaykumar/Library/Developer/Xcode/DerivedData/VideoCallApp-evcapdoyusxvykgansyblgyjxatu/Build/Products/Debug-iphonesimulator/SwiftUIIntrospect -L/Users/sanjaykumar/Library/Developer/Xcode/DerivedData/VideoCallApp-evcapdoyusxvykgansyblgyjxatu/Build/Products/Debug-iphonesimulator/react-native-bottom-tabs -L/Users/sanjaykumar/Library/Developer/Xcode/DerivedData/VideoCallApp-evcapdoyusxvykgansyblgyjxatu/Build/Products/Debug-iphonesimulator/react-native-safe-area-context -L/Applications/Xcode.app/Contents/Developer/Toolchains/XcodeDefault.xctoolchain/usr/lib/swift/iphonesimulator -L/Applications/Xcode.app/Contents/Developer/Platforms/iPhoneSimulator.platform/Developer/SDKs/iPhoneSimulator26.5.sdk/usr/lib/swift -F/Users/sanjaykumar/Library/Developer/Xcode/DerivedData/VideoCallApp-evcapdoyusxvykgansyblgyjxatu/Build/Intermediates.noindex/EagerLinkingTBDs/Debug-iphonesimulator -F/Users/sanjaykumar/Library/Developer/Xcode/DerivedData/VideoCallApp-evcapdoyusxvykgansyblgyjxatu/Build/Products/Debug-iphonesimulator -F/Users/sanjaykumar/Desktop/Newfolder/VideoCallApp/ios/Pods/React-Core-prebuilt -F/Users/sanjaykumar/Desktop/Newfolder/VideoCallApp/ios/Pods/ReactNativeDependencies/framework/packages/react-native -F/Users/sanjaykumar/Desktop/Newfolder/VideoCallApp/ios/Pods/hermes-engine/destroot/Library/Frameworks/universal -F/Users/sanjaykumar/Library/Developer/Xcode/DerivedData/VideoCallApp-evcapdoyusxvykgansyblgyjxatu/Build/Products/Debug-iphonesimulator/XCFrameworkIntermediates/React-Core-prebuilt -F/Users/sanjaykumar/Library/Developer/Xcode/DerivedData/VideoCallApp-evcapdoyusxvykgansyblgyjxatu/Build/Products/Debug-iphonesimulator/XCFrameworkIntermediates/ReactNativeDependencies -F/Users/sanjaykumar/Library/Developer/Xcode/DerivedData/VideoCallApp-evcapdoyusxvykgansyblgyjxatu/Build/Products/Debug-iphonesimulator/XCFrameworkIntermediates/hermes-engine/Pre-built -filelist /Users/sanjaykumar/Library/Developer/Xcode/DerivedData/VideoCallApp-evcapdoyusxvykgansyblgyjxatu/Build/Intermediates.noindex/VideoCallApp.build/Debug-iphonesimulator/VideoCallApp.build/Objects-normal/x86_64/VideoCallApp.LinkFileList -install_name @rpath/VideoCallApp.debug.dylib -Xlinker -rpath -Xlinker /usr/lib/swift -Xlinker -rpath -Xlinker @executable_path/Frameworks -Xlinker -rpath -Xlinker @loader_path/Frameworks -Xlinker -dead_strip -Xlinker -object_path_lto -Xlinker /Users/sanjaykumar/Library/Developer/Xcode/DerivedData/VideoCallApp-evcapdoyusxvykgansyblgyjxatu/Build/Intermediates.noindex/VideoCallApp.build/Debug-iphonesimulator/VideoCallApp.build/Objects-normal/x86_64/VideoCallApp_lto.o -rdynamic -Xlinker -no_deduplicate -Xlinker -objc_abi_version -Xlinker 2 -Xlinker -dependency_info -Xlinker /Users/sanjaykumar/Library/Developer/Xcode/DerivedData/VideoCallApp-evcapdoyusxvykgansyblgyjxatu/Build/Intermediates.noindex/VideoCallApp.build/Debug-iphonesimulator/VideoCallApp.build/Objects-normal/x86_64/VideoCallApp_dependency_info.dat -fobjc-link-runtime -L/Applications/Xcode.app/Contents/Developer/Toolchains/XcodeDefault.xctoolchain/usr/lib/swift/iphonesimulator -L/usr/lib/swift -Xlinker -add_ast_path -Xlinker /Users/sanjaykumar/Library/Developer/Xcode/DerivedData/VideoCallApp-evcapdoyusxvykgansyblgyjxatu/Build/Intermediates.noindex/VideoCallApp.build/Debug-iphonesimulator/VideoCallApp.build/Objects-normal/x86_64/VideoCallApp.swiftmodule @/Users/sanjaykumar/Library/Developer/Xcode/DerivedData/VideoCallApp-evcapdoyusxvykgansyblgyjxatu/Build/Intermediates.noindex/VideoCallApp.build/Debug-iphonesimulator/VideoCallApp.build/Objects-normal/x86_64/VideoCallApp-linker-args.resp -ObjC -lReactAppDependencyProvider -lReactCodegen -lSwiftUIIntrospect -lreact-native-bottom-tabs -lreact-native-safe-area-context -framework Accelerate -framework AudioToolbox -framework CoreGraphics -framework ImageIO -framework MobileCoreServices -framework QuartzCore -framework React -framework ReactNativeDependencies -framework UIKit -framework hermesvm -ObjC -lc++ -Xlinker -alias -Xlinker _main -Xlinker ___debug_main_executable_dylib_entry_point -lPods-VideoCallApp -Xlinker -no_adhoc_codesign -o /Users/sanjaykumar/Library/Developer/Xcode/DerivedData/VideoCallApp-evcapdoyusxvykgansyblgyjxatu/Build/Intermediates.noindex/VideoCallApp.build/Debug-iphonesimulator/VideoCallApp.build/Objects-normal/x86_64/Binary/VideoCallApp.debug.dylib

ConstructStubExecutorLinkFileList /Users/sanjaykumar/Library/Developer/Xcode/DerivedData/VideoCallApp-evcapdoyusxvykgansyblgyjxatu/Build/Intermediates.noindex/VideoCallApp.build/Debug-iphonesimulator/VideoCallApp.build/VideoCallApp-ExecutorLinkFileList-normal-x86_64.txt (in target 'VideoCallApp' from project 'VideoCallApp')
    cd /Users/sanjaykumar/Desktop/Newfolder/VideoCallApp/ios
    construct-stub-executor-link-file-list /Users/sanjaykumar/Library/Developer/Xcode/DerivedData/VideoCallApp-evcapdoyusxvykgansyblgyjxatu/Build/Intermediates.noindex/VideoCallApp.build/Debug-iphonesimulator/VideoCallApp.build/Objects-normal/x86_64/Binary/VideoCallApp.debug.dylib /Applications/Xcode.app/Contents/Developer/Platforms/iPhoneSimulator.platform/Developer/usr/lib/libPreviewsJITStubExecutor_no_swift_entry_point.a /Applications/Xcode.app/Contents/Developer/Platforms/iPhoneSimulator.platform/Developer/usr/lib/libPreviewsJITStubExecutor.a --output /Users/sanjaykumar/Library/Developer/Xcode/DerivedData/VideoCallApp-evcapdoyusxvykgansyblgyjxatu/Build/Intermediates.noindex/VideoCallApp.build/Debug-iphonesimulator/VideoCallApp.build/VideoCallApp-ExecutorLinkFileList-normal-x86_64.txt
note: Using stub executor library with Swift entry point. (in target 'VideoCallApp' from project 'VideoCallApp')

CreateUniversalBinary /Users/sanjaykumar/Library/Developer/Xcode/DerivedData/VideoCallApp-evcapdoyusxvykgansyblgyjxatu/Build/Products/Debug-iphonesimulator/VideoCallApp.app/VideoCallApp.debug.dylib normal arm64\ x86_64 (in target 'VideoCallApp' from project 'VideoCallApp')
    cd /Users/sanjaykumar/Desktop/Newfolder/VideoCallApp/ios
    /Applications/Xcode.app/Contents/Developer/Toolchains/XcodeDefault.xctoolchain/usr/bin/lipo -create /Users/sanjaykumar/Library/Developer/Xcode/DerivedData/VideoCallApp-evcapdoyusxvykgansyblgyjxatu/Build/Intermediates.noindex/VideoCallApp.build/Debug-iphonesimulator/VideoCallApp.build/Objects-normal/arm64/Binary/VideoCallApp.debug.dylib /Users/sanjaykumar/Library/Developer/Xcode/DerivedData/VideoCallApp-evcapdoyusxvykgansyblgyjxatu/Build/Intermediates.noindex/VideoCallApp.build/Debug-iphonesimulator/VideoCallApp.build/Objects-normal/x86_64/Binary/VideoCallApp.debug.dylib -output /Users/sanjaykumar/Library/Developer/Xcode/DerivedData/VideoCallApp-evcapdoyusxvykgansyblgyjxatu/Build/Products/Debug-iphonesimulator/VideoCallApp.app/VideoCallApp.debug.dylib

Ld /Users/sanjaykumar/Library/Developer/Xcode/DerivedData/VideoCallApp-evcapdoyusxvykgansyblgyjxatu/Build/Intermediates.noindex/VideoCallApp.build/Debug-iphonesimulator/VideoCallApp.build/Objects-normal/x86_64/Binary/VideoCallApp normal x86_64 (in target 'VideoCallApp' from project 'VideoCallApp')
    cd /Users/sanjaykumar/Desktop/Newfolder/VideoCallApp/ios
    /Applications/Xcode.app/Contents/Developer/Toolchains/XcodeDefault.xctoolchain/usr/bin/clang -Xlinker -reproducible -target x86_64-apple-ios15.1-simulator -isysroot /Applications/Xcode.app/Contents/Developer/Platforms/iPhoneSimulator.platform/Developer/SDKs/iPhoneSimulator26.5.sdk -O0 -L/Users/sanjaykumar/Library/Developer/Xcode/DerivedData/VideoCallApp-evcapdoyusxvykgansyblgyjxatu/Build/Products/Debug-iphonesimulator -L/Applications/Xcode.app/Contents/Developer/Platforms/iPhoneSimulator.platform/Developer/SDKs/iPhoneSimulator26.5.sdk/usr/lib/swift -L/Applications/Xcode.app/Contents/Developer/Toolchains/XcodeDefault.xctoolchain/usr/lib/swift/iphonesimulator -L/Users/sanjaykumar/Library/Developer/Xcode/DerivedData/VideoCallApp-evcapdoyusxvykgansyblgyjxatu/Build/Products/Debug-iphonesimulator/ReactAppDependencyProvider -L/Users/sanjaykumar/Library/Developer/Xcode/DerivedData/VideoCallApp-evcapdoyusxvykgansyblgyjxatu/Build/Products/Debug-iphonesimulator/ReactCodegen -L/Users/sanjaykumar/Library/Developer/Xcode/DerivedData/VideoCallApp-evcapdoyusxvykgansyblgyjxatu/Build/Products/Debug-iphonesimulator/SwiftUIIntrospect -L/Users/sanjaykumar/Library/Developer/Xcode/DerivedData/VideoCallApp-evcapdoyusxvykgansyblgyjxatu/Build/Products/Debug-iphonesimulator/react-native-bottom-tabs -L/Users/sanjaykumar/Library/Developer/Xcode/DerivedData/VideoCallApp-evcapdoyusxvykgansyblgyjxatu/Build/Products/Debug-iphonesimulator/react-native-safe-area-context -L/Applications/Xcode.app/Contents/Developer/Toolchains/XcodeDefault.xctoolchain/usr/lib/swift/iphonesimulator -L/Applications/Xcode.app/Contents/Developer/Platforms/iPhoneSimulator.platform/Developer/SDKs/iPhoneSimulator26.5.sdk/usr/lib/swift -F/Users/sanjaykumar/Library/Developer/Xcode/DerivedData/VideoCallApp-evcapdoyusxvykgansyblgyjxatu/Build/Products/Debug-iphonesimulator -F/Users/sanjaykumar/Desktop/Newfolder/VideoCallApp/ios/Pods/React-Core-prebuilt -F/Users/sanjaykumar/Desktop/Newfolder/VideoCallApp/ios/Pods/ReactNativeDependencies/framework/packages/react-native -F/Users/sanjaykumar/Desktop/Newfolder/VideoCallApp/ios/Pods/hermes-engine/destroot/Library/Frameworks/universal -F/Users/sanjaykumar/Library/Developer/Xcode/DerivedData/VideoCallApp-evcapdoyusxvykgansyblgyjxatu/Build/Products/Debug-iphonesimulator/XCFrameworkIntermediates/React-Core-prebuilt -F/Users/sanjaykumar/Library/Developer/Xcode/DerivedData/VideoCallApp-evcapdoyusxvykgansyblgyjxatu/Build/Products/Debug-iphonesimulator/XCFrameworkIntermediates/ReactNativeDependencies -F/Users/sanjaykumar/Library/Developer/Xcode/DerivedData/VideoCallApp-evcapdoyusxvykgansyblgyjxatu/Build/Products/Debug-iphonesimulator/XCFrameworkIntermediates/hermes-engine/Pre-built -Xlinker -rpath -Xlinker @executable_path -Xlinker -rpath -Xlinker /usr/lib/swift -Xlinker -rpath -Xlinker @executable_path/Frameworks -Xlinker -rpath -Xlinker @loader_path/Frameworks -rdynamic -Xlinker -no_deduplicate -Xlinker -objc_abi_version -Xlinker 2 -e ___debug_blank_executor_main -Xlinker -sectcreate -Xlinker __TEXT -Xlinker __debug_dylib -Xlinker /Users/sanjaykumar/Library/Developer/Xcode/DerivedData/VideoCallApp-evcapdoyusxvykgansyblgyjxatu/Build/Intermediates.noindex/VideoCallApp.build/Debug-iphonesimulator/VideoCallApp.build/VideoCallApp-DebugDylibPath-normal-x86_64.txt -Xlinker -sectcreate -Xlinker __TEXT -Xlinker __debug_instlnm -Xlinker /Users/sanjaykumar/Library/Developer/Xcode/DerivedData/VideoCallApp-evcapdoyusxvykgansyblgyjxatu/Build/Intermediates.noindex/VideoCallApp.build/Debug-iphonesimulator/VideoCallApp.build/VideoCallApp-DebugDylibInstallName-normal-x86_64.txt -Xlinker -filelist -Xlinker /Users/sanjaykumar/Library/Developer/Xcode/DerivedData/VideoCallApp-evcapdoyusxvykgansyblgyjxatu/Build/Intermediates.noindex/VideoCallApp.build/Debug-iphonesimulator/VideoCallApp.build/VideoCallApp-ExecutorLinkFileList-normal-x86_64.txt -Xlinker -sectcreate -Xlinker __TEXT -Xlinker __entitlements -Xlinker /Users/sanjaykumar/Library/Developer/Xcode/DerivedData/VideoCallApp-evcapdoyusxvykgansyblgyjxatu/Build/Intermediates.noindex/VideoCallApp.build/Debug-iphonesimulator/VideoCallApp.build/VideoCallApp.app-Simulated.xcent -Xlinker -sectcreate -Xlinker __TEXT -Xlinker __ents_der -Xlinker /Users/sanjaykumar/Library/Developer/Xcode/DerivedData/VideoCallApp-evcapdoyusxvykgansyblgyjxatu/Build/Intermediates.noindex/VideoCallApp.build/Debug-iphonesimulator/VideoCallApp.build/VideoCallApp.app-Simulated.xcent.der /Users/sanjaykumar/Library/Developer/Xcode/DerivedData/VideoCallApp-evcapdoyusxvykgansyblgyjxatu/Build/Intermediates.noindex/VideoCallApp.build/Debug-iphonesimulator/VideoCallApp.build/Objects-normal/x86_64/Binary/VideoCallApp.debug.dylib -Xlinker -no_adhoc_codesign -o /Users/sanjaykumar/Library/Developer/Xcode/DerivedData/VideoCallApp-evcapdoyusxvykgansyblgyjxatu/Build/Intermediates.noindex/VideoCallApp.build/Debug-iphonesimulator/VideoCallApp.build/Objects-normal/x86_64/Binary/VideoCallApp

GenerateDSYMFile /Users/sanjaykumar/Library/Developer/Xcode/DerivedData/VideoCallApp-evcapdoyusxvykgansyblgyjxatu/Build/Products/Debug-iphonesimulator/VideoCallApp.app.dSYM /Users/sanjaykumar/Library/Developer/Xcode/DerivedData/VideoCallApp-evcapdoyusxvykgansyblgyjxatu/Build/Products/Debug-iphonesimulator/VideoCallApp.app/VideoCallApp.debug.dylib (in target 'VideoCallApp' from project 'VideoCallApp')
    cd /Users/sanjaykumar/Desktop/Newfolder/VideoCallApp/ios
    /Applications/Xcode.app/Contents/Developer/Toolchains/XcodeDefault.xctoolchain/usr/bin/dsymutil /Users/sanjaykumar/Library/Developer/Xcode/DerivedData/VideoCallApp-evcapdoyusxvykgansyblgyjxatu/Build/Products/Debug-iphonesimulator/VideoCallApp.app/VideoCallApp.debug.dylib -o /Users/sanjaykumar/Library/Developer/Xcode/DerivedData/VideoCallApp-evcapdoyusxvykgansyblgyjxatu/Build/Products/Debug-iphonesimulator/VideoCallApp.app.dSYM

CreateUniversalBinary /Users/sanjaykumar/Library/Developer/Xcode/DerivedData/VideoCallApp-evcapdoyusxvykgansyblgyjxatu/Build/Products/Debug-iphonesimulator/VideoCallApp.app/VideoCallApp normal arm64\ x86_64 (in target 'VideoCallApp' from project 'VideoCallApp')
    cd /Users/sanjaykumar/Desktop/Newfolder/VideoCallApp/ios
    /Applications/Xcode.app/Contents/Developer/Toolchains/XcodeDefault.xctoolchain/usr/bin/lipo -create /Users/sanjaykumar/Library/Developer/Xcode/DerivedData/VideoCallApp-evcapdoyusxvykgansyblgyjxatu/Build/Intermediates.noindex/VideoCallApp.build/Debug-iphonesimulator/VideoCallApp.build/Objects-normal/arm64/Binary/VideoCallApp /Users/sanjaykumar/Library/Developer/Xcode/DerivedData/VideoCallApp-evcapdoyusxvykgansyblgyjxatu/Build/Intermediates.noindex/VideoCallApp.build/Debug-iphonesimulator/VideoCallApp.build/Objects-normal/x86_64/Binary/VideoCallApp -output /Users/sanjaykumar/Library/Developer/Xcode/DerivedData/VideoCallApp-evcapdoyusxvykgansyblgyjxatu/Build/Products/Debug-iphonesimulator/VideoCallApp.app/VideoCallApp

GenerateDSYMFile /Users/sanjaykumar/Library/Developer/Xcode/DerivedData/VideoCallApp-evcapdoyusxvykgansyblgyjxatu/Build/Products/Debug-iphonesimulator/VideoCallApp.app.dSYM /Users/sanjaykumar/Library/Developer/Xcode/DerivedData/VideoCallApp-evcapdoyusxvykgansyblgyjxatu/Build/Products/Debug-iphonesimulator/VideoCallApp.app/VideoCallApp (in target 'VideoCallApp' from project 'VideoCallApp')
    cd /Users/sanjaykumar/Desktop/Newfolder/VideoCallApp/ios
    /Applications/Xcode.app/Contents/Developer/Toolchains/XcodeDefault.xctoolchain/usr/bin/dsymutil -q /Users/sanjaykumar/Library/Developer/Xcode/DerivedData/VideoCallApp-evcapdoyusxvykgansyblgyjxatu/Build/Products/Debug-iphonesimulator/VideoCallApp.app/VideoCallApp -o /Users/sanjaykumar/Library/Developer/Xcode/DerivedData/VideoCallApp-evcapdoyusxvykgansyblgyjxatu/Build/Products/Debug-iphonesimulator/VideoCallApp.app.dSYM

PhaseScriptExecution Bundle\ React\ Native\ code\ and\ images /Users/sanjaykumar/Library/Developer/Xcode/DerivedData/VideoCallApp-evcapdoyusxvykgansyblgyjxatu/Build/Intermediates.noindex/VideoCallApp.build/Debug-iphonesimulator/VideoCallApp.build/Script-00DD1BFF1BD5951E006B06BC.sh (in target 'VideoCallApp' from project 'VideoCallApp')
    cd /Users/sanjaykumar/Desktop/Newfolder/VideoCallApp/ios
    export ACTION\=build
    export AD_HOC_CODE_SIGNING_ALLOWED\=YES
    export AGGREGATE_TRACKED_DOMAINS\=YES
    export ALLOW_BUILD_REQUEST_OVERRIDES\=NO
    export ALLOW_TARGET_PLATFORM_SPECIALIZATION\=NO
    export ALTERNATE_GROUP\=staff
    export ALTERNATE_MODE\=u+w,go-w,a+rX
    export ALTERNATE_OWNER\=sanjaykumar
    export ALTERNATIVE_DISTRIBUTION_WEB\=NO
    export ALWAYS_EMBED_SWIFT_STANDARD_LIBRARIES\=YES
    export ALWAYS_SEARCH_USER_PATHS\=NO
    export ALWAYS_USE_SEPARATE_HEADERMAPS\=NO
    export ANDROID_DEPLOYMENT_TARGET\=21.0
    export APPLICATION_EXTENSION_API_ONLY\=NO
    export APPLY_RULES_IN_COPY_FILES\=NO
    export APPLY_RULES_IN_COPY_HEADERS\=NO
    export APP_SHORTCUTS_ENABLE_FLEXIBLE_MATCHING\=YES
    export ARCHS\=arm64\ x86_64
    export ARCHS_BASE\=arm64\ x86_64
    export ARCHS_STANDARD\=arm64\ x86_64
    export ARCHS_STANDARD_32_64_BIT\=arm64\ x86_64
    export ARCHS_STANDARD_64_BIT\=arm64\ x86_64
    export ARCHS_STANDARD_INCLUDING_64_BIT\=arm64\ x86_64
    export ARCHS_UNIVERSAL_IPHONE_OS\=arm64\ x86_64
    export ASSETCATALOG_COMPILER_APPICON_NAME\=AppIcon
    export AUTOMATICALLY_MERGE_DEPENDENCIES\=NO
    export AUTOMATION_APPLE_EVENTS\=NO
    export AVAILABLE_PLATFORMS\=android\ appletvos\ appletvsimulator\ driverkit\ freebsd\ iphoneos\ iphonesimulator\ linux\ macosx\ none\ openbsd\ qnx\ watchos\ watchsimulator\ webassembly\ xros\ xrsimulator
    export AppIdentifierPrefix\=B3S2DQ837L.
    export BUILD_ACTIVE_RESOURCES_ONLY\=NO
    export BUILD_COMPONENTS\=headers\ build
    export BUILD_DIR\=/Users/sanjaykumar/Library/Developer/Xcode/DerivedData/VideoCallApp-evcapdoyusxvykgansyblgyjxatu/Build/Products
    export BUILD_LIBRARY_FOR_DISTRIBUTION\=NO
    export BUILD_ONLY_KNOWN_LOCALIZATIONS\=NO
    export BUILD_ROOT\=/Users/sanjaykumar/Library/Developer/Xcode/DerivedData/VideoCallApp-evcapdoyusxvykgansyblgyjxatu/Build/Products
    export BUILD_STYLE\=
    export BUILD_VARIANTS\=normal
    export BUILT_PRODUCTS_DIR\=/Users/sanjaykumar/Library/Developer/Xcode/DerivedData/VideoCallApp-evcapdoyusxvykgansyblgyjxatu/Build/Products/Debug-iphonesimulator
    export BUNDLE_CONTENTS_FOLDER_PATH_deep\=Contents/
    export BUNDLE_EXECUTABLE_FOLDER_NAME_deep\=MacOS
    export BUNDLE_EXTENSIONS_FOLDER_PATH\=Extensions
    export BUNDLE_FORMAT\=shallow
    export BUNDLE_FRAMEWORKS_FOLDER_PATH\=Frameworks
    export BUNDLE_PLUGINS_FOLDER_PATH\=PlugIns
    export BUNDLE_PRIVATE_HEADERS_FOLDER_PATH\=PrivateHeaders
    export BUNDLE_PUBLIC_HEADERS_FOLDER_PATH\=Headers
    export CACHE_ROOT\=/var/folders/sn/z3_w_w8j68ld8k973yyhm92c0000gn/C/com.apple.DeveloperTools/26.6-17F113/Xcode
    export CCHROOT\=/var/folders/sn/z3_w_w8j68ld8k973yyhm92c0000gn/C/com.apple.DeveloperTools/26.6-17F113/Xcode
    export CHMOD\=/bin/chmod
    export CHOWN\=chown
    export CLANG_ANALYZER_LOCALIZABILITY_NONLOCALIZED\=YES
    export CLANG_CACHE_FINE_GRAINED_OUTPUTS\=YES
    export CLANG_CXX_LANGUAGE_STANDARD\=c++20
    export CLANG_CXX_LIBRARY\=libc++
    export CLANG_ENABLE_EXPLICIT_MODULES\=YES
    export CLANG_ENABLE_MODULES\=YES
    export CLANG_ENABLE_OBJC_ARC\=YES
    export CLANG_MODULES_BUILD_SESSION_FILE\=/Users/sanjaykumar/Library/Developer/Xcode/DerivedData/ModuleCache.noindex/Session.modulevalidation
    export CLANG_WARN_BLOCK_CAPTURE_AUTORELEASING\=YES
    export CLANG_WARN_BOOL_CONVERSION\=YES
    export CLANG_WARN_COMMA\=YES
    export CLANG_WARN_CONSTANT_CONVERSION\=YES
    export CLANG_WARN_DEPRECATED_OBJC_IMPLEMENTATIONS\=YES
    export CLANG_WARN_DIRECT_OBJC_ISA_USAGE\=YES_ERROR
    export CLANG_WARN_EMPTY_BODY\=YES
    export CLANG_WARN_ENUM_CONVERSION\=YES
    export CLANG_WARN_INFINITE_RECURSION\=YES
    export CLANG_WARN_INT_CONVERSION\=YES
    export CLANG_WARN_NON_LITERAL_NULL_CONVERSION\=YES
    export CLANG_WARN_OBJC_IMPLICIT_RETAIN_SELF\=YES
    export CLANG_WARN_OBJC_LITERAL_CONVERSION\=YES
    export CLANG_WARN_OBJC_ROOT_CLASS\=YES_ERROR
    export CLANG_WARN_QUOTED_INCLUDE_IN_FRAMEWORK_HEADER\=NO
    export CLANG_WARN_RANGE_LOOP_ANALYSIS\=YES
    export CLANG_WARN_STRICT_PROTOTYPES\=YES
    export CLANG_WARN_SUSPICIOUS_MOVE\=YES
    export CLANG_WARN_UNREACHABLE_CODE\=YES
    export CLANG_WARN__DUPLICATE_METHOD_MATCH\=YES
    export CLASS_FILE_DIR\=/Users/sanjaykumar/Library/Developer/Xcode/DerivedData/VideoCallApp-evcapdoyusxvykgansyblgyjxatu/Build/Intermediates.noindex/VideoCallApp.build/Debug-iphonesimulator/VideoCallApp.build/JavaClasses
    export CLEAN_PRECOMPS\=YES
    export CLONE_HEADERS\=NO
    export CODESIGNING_FOLDER_PATH\=/Users/sanjaykumar/Library/Developer/Xcode/DerivedData/VideoCallApp-evcapdoyusxvykgansyblgyjxatu/Build/Products/Debug-iphonesimulator/VideoCallApp.app
    export CODE_SIGNING_ALLOWED\=YES
    export CODE_SIGNING_REQUIRED\=YES
    export CODE_SIGN_CONTEXT_CLASS\=XCiPhoneSimulatorCodeSignContext
    export CODE_SIGN_IDENTITY\=-
    export CODE_SIGN_INJECT_BASE_ENTITLEMENTS\=YES
    export COLOR_DIAGNOSTICS\=NO
    export COMBINE_HIDPI_IMAGES\=NO
    export COMPILATION_CACHE_CAS_PATH\=/Users/sanjaykumar/Library/Developer/Xcode/DerivedData/CompilationCache.noindex
    export COMPILATION_CACHE_KEEP_CAS_DIRECTORY\=YES
    export COMPILER_INDEX_STORE_ENABLE\=Default
    export COMPOSITE_SDK_DIRS\=/Users/sanjaykumar/Library/Developer/Xcode/DerivedData/VideoCallApp-evcapdoyusxvykgansyblgyjxatu/Build/Intermediates.noindex/CompositeSDKs
    export COMPRESS_PNG_FILES\=YES
    export CONFIGURATION\=Debug
    export CONFIGURATION_BUILD_DIR\=/Users/sanjaykumar/Library/Developer/Xcode/DerivedData/VideoCallApp-evcapdoyusxvykgansyblgyjxatu/Build/Products/Debug-iphonesimulator
    export CONFIGURATION_TEMP_DIR\=/Users/sanjaykumar/Library/Developer/Xcode/DerivedData/VideoCallApp-evcapdoyusxvykgansyblgyjxatu/Build/Intermediates.noindex/VideoCallApp.build/Debug-iphonesimulator
    export CONTENTS_FOLDER_PATH\=VideoCallApp.app
    export CONTENTS_FOLDER_PATH_SHALLOW_BUNDLE_NO\=VideoCallApp.app/Contents
    export CONTENTS_FOLDER_PATH_SHALLOW_BUNDLE_YES\=VideoCallApp.app
    export COPYING_PRESERVES_HFS_DATA\=NO
    export COPY_HEADERS_RUN_UNIFDEF\=NO
    export COPY_PHASE_STRIP\=NO
    export CORRESPONDING_DEVICE_PLATFORM_DIR\=/Applications/Xcode.app/Contents/Developer/Platforms/iPhoneOS.platform
    export CORRESPONDING_DEVICE_PLATFORM_NAME\=iphoneos
    export CORRESPONDING_DEVICE_SDK_DIR\=/Applications/Xcode.app/Contents/Developer/Platforms/iPhoneOS.platform/Developer/SDKs/iPhoneOS26.5.sdk
    export CORRESPONDING_DEVICE_SDK_NAME\=iphoneos26.5
    export CP\=/bin/cp
    export CREATE_INFOPLIST_SECTION_IN_BINARY\=NO
    export CURRENT_ARCH\=undefined_arch
    export CURRENT_PROJECT_VERSION\=1
    export CURRENT_VARIANT\=normal
    export DEAD_CODE_STRIPPING\=YES
    export DEBUGGING_SYMBOLS\=YES
    export DEBUG_INFORMATION_FORMAT\=dwarf-with-dsym
    export DEBUG_INFORMATION_VERSION\=compiler-default
    export DEFAULT_COMPILER\=com.apple.compilers.llvm.clang.1_0
    export DEFAULT_DEXT_INSTALL_PATH\=/System/Library/DriverExtensions
    export DEFAULT_KEXT_INSTALL_PATH\=/System/Library/Extensions
    export DEFINES_MODULE\=NO
    export DEPLOYMENT_LOCATION\=NO
    export DEPLOYMENT_POSTPROCESSING\=NO
    export DEPLOYMENT_TARGET_SETTING_NAME\=IPHONEOS_DEPLOYMENT_TARGET
    export DEPLOYMENT_TARGET_SUGGESTED_VALUES\=12.0\ 12.1\ 12.2\ 12.3\ 12.4\ 13.0\ 13.1\ 13.2\ 13.3\ 13.4\ 13.5\ 13.6\ 14.0\ 14.1\ 14.2\ 14.3\ 14.4\ 14.5\ 14.6\ 14.7\ 15.0\ 15.1\ 15.2\ 15.3\ 15.4\ 15.5\ 15.6\ 16.0\ 16.1\ 16.2\ 16.3\ 16.4\ 16.5\ 16.6\ 17.0\ 17.1\ 17.2\ 17.3\ 17.4\ 17.5\ 17.6\ 18.0\ 18.1\ 18.2\ 18.3\ 18.4\ 18.5\ 18.6\ 26.0\ 26.2\ 26.3\ 26.4\ 26.5
    export DERIVED_FILES_DIR\=/Users/sanjaykumar/Library/Developer/Xcode/DerivedData/VideoCallApp-evcapdoyusxvykgansyblgyjxatu/Build/Intermediates.noindex/VideoCallApp.build/Debug-iphonesimulator/VideoCallApp.build/DerivedSources
    export DERIVED_FILE_DIR\=/Users/sanjaykumar/Library/Developer/Xcode/DerivedData/VideoCallApp-evcapdoyusxvykgansyblgyjxatu/Build/Intermediates.noindex/VideoCallApp.build/Debug-iphonesimulator/VideoCallApp.build/DerivedSources
    export DERIVED_SOURCES_DIR\=/Users/sanjaykumar/Library/Developer/Xcode/DerivedData/VideoCallApp-evcapdoyusxvykgansyblgyjxatu/Build/Intermediates.noindex/VideoCallApp.build/Debug-iphonesimulator/VideoCallApp.build/DerivedSources
    export DEVELOPER_APPLICATIONS_DIR\=/Applications/Xcode.app/Contents/Developer/Applications
    export DEVELOPER_BIN_DIR\=/Applications/Xcode.app/Contents/Developer/usr/bin
    export DEVELOPER_DIR\=/Applications/Xcode.app/Contents/Developer
    export DEVELOPER_FRAMEWORKS_DIR\=/Applications/Xcode.app/Contents/Developer/Library/Frameworks
    export DEVELOPER_FRAMEWORKS_DIR_QUOTED\=/Applications/Xcode.app/Contents/Developer/Library/Frameworks
    export DEVELOPER_LIBRARY_DIR\=/Applications/Xcode.app/Contents/Developer/Library
    export DEVELOPER_SDK_DIR\=/Applications/Xcode.app/Contents/Developer/Platforms/MacOSX.platform/Developer/SDKs
    export DEVELOPER_TOOLS_DIR\=/Applications/Xcode.app/Contents/Developer/Tools
    export DEVELOPER_USR_DIR\=/Applications/Xcode.app/Contents/Developer/usr
    export DEVELOPMENT_LANGUAGE\=en
    export DIAGNOSE_MISSING_TARGET_DEPENDENCIES\=YES
    export DIFF\=/usr/bin/diff
    export DOCUMENTATION_FOLDER_PATH\=VideoCallApp.app/en.lproj/Documentation
    export DONT_GENERATE_INFOPLIST_FILE\=NO
    export DSTROOT\=/tmp/VideoCallApp.dst
    export DT_TOOLCHAIN_DIR\=/Applications/Xcode.app/Contents/Developer/Toolchains/XcodeDefault.xctoolchain
    export DUMP_DEPENDENCIES\=NO
    export DUMP_DEPENDENCIES_OUTPUT_PATH\=/Users/sanjaykumar/Library/Developer/Xcode/DerivedData/VideoCallApp-evcapdoyusxvykgansyblgyjxatu/Build/Intermediates.noindex/VideoCallApp.build/Debug-iphonesimulator/VideoCallApp.build/VideoCallApp-BuildDependencyInfo.json
    export DWARF_DSYM_FILE_NAME\=VideoCallApp.app.dSYM
    export DWARF_DSYM_FILE_SHOULD_ACCOMPANY_PRODUCT\=NO
    export DWARF_DSYM_FOLDER_PATH\=/Users/sanjaykumar/Library/Developer/Xcode/DerivedData/VideoCallApp-evcapdoyusxvykgansyblgyjxatu/Build/Products/Debug-iphonesimulator
    export DYNAMIC_LIBRARY_EXTENSION\=dylib
    export EAGER_COMPILATION_ALLOW_SCRIPTS\=NO
    export EAGER_LINKING\=NO
    export EFFECTIVE_PLATFORM_NAME\=-iphonesimulator
    export EFFECTIVE_SWIFT_VERSION\=5
    export EMBEDDED_CONTENT_CONTAINS_SWIFT\=NO
    export EMBED_ASSET_PACKS_IN_PRODUCT_BUNDLE\=NO
    export ENABLE_APP_SANDBOX\=NO
    export ENABLE_BITCODE\=NO
    export ENABLE_CODE_COVERAGE\=YES
    export ENABLE_COHORT_ARCHS\=NO
    export ENABLE_CPLUSPLUS_BOUNDS_SAFE_BUFFERS\=NO
    export ENABLE_C_BOUNDS_SAFETY\=NO
    export ENABLE_DEBUG_DYLIB\=YES
    export ENABLE_DEFAULT_HEADER_SEARCH_PATHS\=YES
    export ENABLE_DEFAULT_SEARCH_PATHS\=YES
    export ENABLE_ENHANCED_SECURITY\=NO
    export ENABLE_HARDENED_RUNTIME\=NO
    export ENABLE_HEADER_DEPENDENCIES\=YES
    export ENABLE_INCOMING_NETWORK_CONNECTIONS\=NO
    export ENABLE_ON_DEMAND_RESOURCES\=YES
    export ENABLE_OUTGOING_NETWORK_CONNECTIONS\=NO
    export ENABLE_POINTER_AUTHENTICATION\=NO
    export ENABLE_PREVIEWS\=NO
    export ENABLE_RESOURCE_ACCESS_AUDIO_INPUT\=NO
    export ENABLE_RESOURCE_ACCESS_BLUETOOTH\=NO
    export ENABLE_RESOURCE_ACCESS_CALENDARS\=NO
    export ENABLE_RESOURCE_ACCESS_CAMERA\=NO
    export ENABLE_RESOURCE_ACCESS_CONTACTS\=NO
    export ENABLE_RESOURCE_ACCESS_LOCATION\=NO
    export ENABLE_RESOURCE_ACCESS_PHOTO_LIBRARY\=NO
    export ENABLE_RESOURCE_ACCESS_PRINTING\=NO
    export ENABLE_RESOURCE_ACCESS_USB\=NO
    export ENABLE_SDK_IMPORTS\=NO
    export ENABLE_SECURITY_COMPILER_WARNINGS\=NO
    export ENABLE_STRICT_OBJC_MSGSEND\=YES
    export ENABLE_TESTABILITY\=YES
    export ENABLE_TESTING_SEARCH_PATHS\=NO
    export ENABLE_USER_SCRIPT_SANDBOXING\=NO
    export ENABLE_XOJIT_PREVIEWS\=YES
    export ENFORCE_VALID_ARCHS\=YES
    export ENTITLEMENTS_ALLOWED\=NO
    export ENTITLEMENTS_DESTINATION\=__entitlements
    export ENTITLEMENTS_REQUIRED\=NO
    export EXCLUDED_INSTALLSRC_SUBDIRECTORY_PATTERNS\=.DS_Store\ .svn\ .git\ .hg\ CVS
    export EXCLUDED_RECURSIVE_SEARCH_PATH_SUBDIRECTORIES\=\*.nib\ \*.lproj\ \*.framework\ \*.gch\ \*.xcode\*\ \*.xcassets\ \*.icon\ \(\*\)\ .DS_Store\ CVS\ .svn\ .git\ .hg\ \*.pbproj\ \*.pbxproj
    export EXECUTABLES_FOLDER_PATH\=VideoCallApp.app/Executables
    export EXECUTABLE_BLANK_INJECTION_DYLIB_PATH\=VideoCallApp.app/__preview.dylib
    export EXECUTABLE_DEBUG_DYLIB_INSTALL_NAME\=@rpath/VideoCallApp.debug.dylib
    export EXECUTABLE_DEBUG_DYLIB_PATH\=VideoCallApp.app/VideoCallApp.debug.dylib
    export EXECUTABLE_FOLDER_PATH\=VideoCallApp.app
    export EXECUTABLE_FOLDER_PATH_SHALLOW_BUNDLE_NO\=VideoCallApp.app/MacOS
    export EXECUTABLE_FOLDER_PATH_SHALLOW_BUNDLE_YES\=VideoCallApp.app
    export EXECUTABLE_NAME\=VideoCallApp
    export EXECUTABLE_PATH\=VideoCallApp.app/VideoCallApp
    export EXPANDED_CODE_SIGN_IDENTITY\=-
    export EXPANDED_CODE_SIGN_IDENTITY_NAME\=Sign\ to\ Run\ Locally
    export EXTENSIONS_FOLDER_PATH\=VideoCallApp.app/Extensions
    export FILE_LIST\=/Users/sanjaykumar/Library/Developer/Xcode/DerivedData/VideoCallApp-evcapdoyusxvykgansyblgyjxatu/Build/Intermediates.noindex/VideoCallApp.build/Debug-iphonesimulator/VideoCallApp.build/Objects/LinkFileList
    export FIXED_FILES_DIR\=/Users/sanjaykumar/Library/Developer/Xcode/DerivedData/VideoCallApp-evcapdoyusxvykgansyblgyjxatu/Build/Intermediates.noindex/VideoCallApp.build/Debug-iphonesimulator/VideoCallApp.build/FixedFiles
    export FRAMEWORKS_FOLDER_PATH\=VideoCallApp.app/Frameworks
    export FRAMEWORK_FLAG_PREFIX\=-framework
    export FRAMEWORK_SEARCH_PATHS\=/Users/sanjaykumar/Library/Developer/Xcode/DerivedData/VideoCallApp-evcapdoyusxvykgansyblgyjxatu/Build/Products/Debug-iphonesimulator\ \ \"/Users/sanjaykumar/Desktop/Newfolder/VideoCallApp/ios/Pods/React-Core-prebuilt\"\ \"/Users/sanjaykumar/Desktop/Newfolder/VideoCallApp/ios/Pods/ReactNativeDependencies/framework/packages/react-native\"\ \"/Users/sanjaykumar/Desktop/Newfolder/VideoCallApp/ios/Pods/hermes-engine/destroot/Library/Frameworks/universal\"\ \"/Users/sanjaykumar/Library/Developer/Xcode/DerivedData/VideoCallApp-evcapdoyusxvykgansyblgyjxatu/Build/Products/Debug-iphonesimulator/XCFrameworkIntermediates/React-Core-prebuilt\"\ \"/Users/sanjaykumar/Library/Developer/Xcode/DerivedData/VideoCallApp-evcapdoyusxvykgansyblgyjxatu/Build/Products/Debug-iphonesimulator/XCFrameworkIntermediates/ReactNativeDependencies\"\ \"/Users/sanjaykumar/Library/Developer/Xcode/DerivedData/VideoCallApp-evcapdoyusxvykgansyblgyjxatu/Build/Products/Debug-iphonesimulator/XCFrameworkIntermediates/hermes-engine/Pre-built\"
    export FRAMEWORK_VERSION\=A
    export FULL_PRODUCT_NAME\=VideoCallApp.app
    export FUSE_BUILD_PHASES\=YES
    export FUSE_BUILD_SCRIPT_PHASES\=NO
    export GCC3_VERSION\=3.3
    export GCC_C_LANGUAGE_STANDARD\=gnu99
    export GCC_DYNAMIC_NO_PIC\=NO
    export GCC_INLINES_ARE_PRIVATE_EXTERN\=YES
    export GCC_NO_COMMON_BLOCKS\=YES
    export GCC_OBJC_LEGACY_DISPATCH\=YES
    export GCC_OPTIMIZATION_LEVEL\=0
    export GCC_PFE_FILE_C_DIALECTS\=c\ objective-c\ c++\ objective-c++
    export GCC_PREPROCESSOR_DEFINITIONS\=DEBUG\=1\ \ COCOAPODS\=1
    export GCC_SYMBOLS_PRIVATE_EXTERN\=NO
    export GCC_TREAT_WARNINGS_AS_ERRORS\=NO
    export GCC_VERSION\=com.apple.compilers.llvm.clang.1_0
    export GCC_VERSION_IDENTIFIER\=com_apple_compilers_llvm_clang_1_0
    export GCC_WARN_64_TO_32_BIT_CONVERSION\=YES
    export GCC_WARN_ABOUT_RETURN_TYPE\=YES_ERROR
    export GCC_WARN_UNDECLARED_SELECTOR\=YES
    export GCC_WARN_UNINITIALIZED_AUTOS\=YES_AGGRESSIVE
    export GCC_WARN_UNUSED_FUNCTION\=YES
    export GCC_WARN_UNUSED_VARIABLE\=YES
    export GENERATED_MODULEMAP_DIR\=/Users/sanjaykumar/Library/Developer/Xcode/DerivedData/VideoCallApp-evcapdoyusxvykgansyblgyjxatu/Build/Intermediates.noindex/GeneratedModuleMaps-iphonesimulator
    export GENERATE_INFOPLIST_FILE\=NO
    export GENERATE_INTERMEDIATE_TEXT_BASED_STUBS\=YES
    export GENERATE_PKGINFO_FILE\=YES
    export GENERATE_PRELINK_OBJECT_FILE\=NO
    export GENERATE_PROFILING_CODE\=NO
    export GENERATE_TEXT_BASED_STUBS\=NO
    export GID\=20
    export GROUP\=staff
    export HEADERMAP_INCLUDES_FLAT_ENTRIES_FOR_TARGET_BEING_BUILT\=YES
    export HEADERMAP_INCLUDES_FRAMEWORK_ENTRIES_FOR_ALL_PRODUCT_TYPES\=YES
    export HEADERMAP_INCLUDES_FRAMEWORK_ENTRIES_FOR_TARGETS_NOT_BEING_BUILT\=YES
    export HEADERMAP_INCLUDES_NONPUBLIC_NONPRIVATE_HEADERS\=YES
    export HEADERMAP_INCLUDES_PROJECT_HEADERS\=YES
    export HEADERMAP_USES_FRAMEWORK_PREFIX_ENTRIES\=YES
    export HEADERMAP_USES_VFS\=NO
    export HEADER_SEARCH_PATHS\=/Users/sanjaykumar/Library/Developer/Xcode/DerivedData/VideoCallApp-evcapdoyusxvykgansyblgyjxatu/Build/Products/Debug-iphonesimulator/include\ \ \"/Users/sanjaykumar/Desktop/Newfolder/VideoCallApp/ios/Pods/Headers/Public\"\ \"/Users/sanjaykumar/Desktop/Newfolder/VideoCallApp/ios/Pods/Headers/Public/RCTSwiftUIWrapper\"\ \"/Users/sanjaykumar/Desktop/Newfolder/VideoCallApp/ios/Pods/Headers/Public/RCTTypeSafety\"\ \"/Users/sanjaykumar/Desktop/Newfolder/VideoCallApp/ios/Pods/Headers/Public/React-Core-prebuilt\"\ \"/Users/sanjaykumar/Desktop/Newfolder/VideoCallApp/ios/Pods/Headers/Public/React-CoreModules\"\ \"/Users/sanjaykumar/Desktop/Newfolder/VideoCallApp/ios/Pods/Headers/Public/React-Fabric\"\ \"/Users/sanjaykumar/Desktop/Newfolder/VideoCallApp/ios/Pods/Headers/Public/React-FabricComponents\"\ \"/Users/sanjaykumar/Desktop/Newfolder/VideoCallApp/ios/Pods/Headers/Public/React-FabricImage\"\ \"/Users/sanjaykumar/Desktop/Newfolder/VideoCallApp/ios/Pods/Headers/Public/React-ImageManager\"\ \"/Users/sanjaykumar/Desktop/Newfolder/VideoCallApp/ios/Pods/Headers/Public/React-Mapbuffer\"\ \"/Users/sanjaykumar/Desktop/Newfolder/VideoCallApp/ios/Pods/Headers/Public/React-NativeModulesApple\"\ \"/Users/sanjaykumar/Desktop/Newfolder/VideoCallApp/ios/Pods/Headers/Public/React-RCTAnimatedModuleProvider\"\ \"/Users/sanjaykumar/Desktop/Newfolder/VideoCallApp/ios/Pods/Headers/Public/React-RCTAnimation\"\ \"/Users/sanjaykumar/Desktop/Newfolder/VideoCallApp/ios/Pods/Headers/Public/React-RCTAppDelegate\"\ \"/Users/sanjaykumar/Desktop/Newfolder/VideoCallApp/ios/Pods/Headers/Public/React-RCTBlob\"\ \"/Users/sanjaykumar/Desktop/Newfolder/VideoCallApp/ios/Pods/Headers/Public/React-RCTFBReactNativeSpec\"\ \"/Users/sanjaykumar/Desktop/Newfolder/VideoCallApp/ios/Pods/Headers/Public/React-RCTFabric\"\ \"/Users/sanjaykumar/Desktop/Newfolder/VideoCallApp/ios/Pods/Headers/Public/React-RCTImage\"\ \"/Users/sanjaykumar/Desktop/Newfolder/VideoCallApp/ios/Pods/Headers/Public/React-RCTSettings\"\ \"/Users/sanjaykumar/Desktop/Newfolder/VideoCallApp/ios/Pods/Headers/Public/React-RCTText\"\ \"/Users/sanjaykumar/Desktop/Newfolder/VideoCallApp/ios/Pods/Headers/Public/React-RCTVibration\"\ \"/Users/sanjaykumar/Desktop/Newfolder/VideoCallApp/ios/Pods/Headers/Public/React-RuntimeApple\"\ \"/Users/sanjaykumar/Desktop/Newfolder/VideoCallApp/ios/Pods/Headers/Public/React-RuntimeCore\"\ \"/Users/sanjaykumar/Desktop/Newfolder/VideoCallApp/ios/Pods/Headers/Public/React-RuntimeHermes\"\ \"/Users/sanjaykumar/Desktop/Newfolder/VideoCallApp/ios/Pods/Headers/Public/React-bridging\"\ \"/Users/sanjaykumar/Desktop/Newfolder/VideoCallApp/ios/Pods/Headers/Public/React-callinvoker\"\ \"/Users/sanjaykumar/Desktop/Newfolder/VideoCallApp/ios/Pods/Headers/Public/React-cxxreact\"\ \"/Users/sanjaykumar/Desktop/Newfolder/VideoCallApp/ios/Pods/Headers/Public/React-cxxstableapi\"\ \"/Users/sanjaykumar/Desktop/Newfolder/VideoCallApp/ios/Pods/Headers/Public/React-debug\"\ \"/Users/sanjaykumar/Desktop/Newfolder/VideoCallApp/ios/Pods/Headers/Public/React-defaultsnativemodule\"\ \"/Users/sanjaykumar/Desktop/Newfolder/VideoCallApp/ios/Pods/Headers/Public/React-domnativemodule\"\ \"/Users/sanjaykumar/Desktop/Newfolder/VideoCallApp/ios/Pods/Headers/Public/React-featureflags\"\ \"/Users/sanjaykumar/Desktop/Newfolder/VideoCallApp/ios/Pods/Headers/Public/React-featureflagsnativemodule\"\ \"/Users/sanjaykumar/Desktop/Newfolder/VideoCallApp/ios/Pods/Headers/Public/React-graphics\"\ \"/Users/sanjaykumar/Desktop/Newfolder/VideoCallApp/ios/Pods/Headers/Public/React-hermes\"\ \"/Users/sanjaykumar/Desktop/Newfolder/VideoCallApp/ios/Pods/Headers/Public/React-idlecallbacksnativemodule\"\ \"/Users/sanjaykumar/Desktop/Newfolder/VideoCallApp/ios/Pods/Headers/Public/React-intersectionobservernativemodule\"\ \"/Users/sanjaykumar/Desktop/Newfolder/VideoCallApp/ios/Pods/Headers/Public/React-jserrorhandler\"\ \"/Users/sanjaykumar/Desktop/Newfolder/VideoCallApp/ios/Pods/Headers/Public/React-jsi\"\ \"/Users/sanjaykumar/Desktop/Newfolder/VideoCallApp/ios/Pods/Headers/Public/React-jsiexecutor\"\ \"/Users/sanjaykumar/Desktop/Newfolder/VideoCallApp/ios/Pods/Headers/Public/React-jsinspector\"\ \"/Users/sanjaykumar/Desktop/Newfolder/VideoCallApp/ios/Pods/Headers/Public/React-jsinspectorcdp\"\ \"/Users/sanjaykumar/Desktop/Newfolder/VideoCallApp/ios/Pods/Headers/Public/React-jsinspectornetwork\"\ \"/Users/sanjaykumar/Desktop/Newfolder/VideoCallApp/ios/Pods/Headers/Public/React-jsinspectortracing\"\ \"/Users/sanjaykumar/Desktop/Newfolder/VideoCallApp/ios/Pods/Headers/Public/React-jsitooling\"\ \"/Users/sanjaykumar/Desktop/Newfolder/VideoCallApp/ios/Pods/Headers/Public/React-logger\"\ \"/Users/sanjaykumar/Desktop/Newfolder/VideoCallApp/ios/Pods/Headers/Public/React-microtasksnativemodule\"\ \"/Users/sanjaykumar/Desktop/Newfolder/VideoCallApp/ios/Pods/Headers/Public/React-mutationobservernativemodule\"\ \"/Users/sanjaykumar/Desktop/Newfolder/VideoCallApp/ios/Pods/Headers/Public/React-networking\"\ \"/Users/sanjaykumar/Desktop/Newfolder/VideoCallApp/ios/Pods/Headers/Public/React-oscompat\"\ \"/Users/sanjaykumar/Desktop/Newfolder/VideoCallApp/ios/Pods/Headers/Public/React-perflogger\"\ \"/Users/sanjaykumar/Desktop/Newfolder/VideoCallApp/ios/Pods/Headers/Public/React-performancecdpmetrics\"\ \"/Users/sanjaykumar/Desktop/Newfolder/VideoCallApp/ios/Pods/Headers/Public/React-performancetimeline\"\ \"/Users/sanjaykumar/Desktop/Newfolder/VideoCallApp/ios/Pods/Headers/Public/React-rendererconsistency\"\ \"/Users/sanjaykumar/Desktop/Newfolder/VideoCallApp/ios/Pods/Headers/Public/React-renderercss\"\ \"/Users/sanjaykumar/Desktop/Newfolder/VideoCallApp/ios/Pods/Headers/Public/React-rendererdebug\"\ \"/Users/sanjaykumar/Desktop/Newfolder/VideoCallApp/ios/Pods/Headers/Public/React-runtimeexecutor\"\ \"/Users/sanjaykumar/Desktop/Newfolder/VideoCallApp/ios/Pods/Headers/Public/React-runtimescheduler\"\ \"/Users/sanjaykumar/Desktop/Newfolder/VideoCallApp/ios/Pods/Headers/Public/React-timing\"\ \"/Users/sanjaykumar/Desktop/Newfolder/VideoCallApp/ios/Pods/Headers/Public/React-utils\"\ \"/Users/sanjaykumar/Desktop/Newfolder/VideoCallApp/ios/Pods/Headers/Public/React-viewtransitionnativemodule\"\ \"/Users/sanjaykumar/Desktop/Newfolder/VideoCallApp/ios/Pods/Headers/Public/React-webperformancenativemodule\"\ \"/Users/sanjaykumar/Desktop/Newfolder/VideoCallApp/ios/Pods/Headers/Public/ReactAppDependencyProvider\"\ \"/Users/sanjaykumar/Desktop/Newfolder/VideoCallApp/ios/Pods/Headers/Public/ReactCodegen\"\ \"/Users/sanjaykumar/Desktop/Newfolder/VideoCallApp/ios/Pods/Headers/Public/ReactCommon\"\ \"/Users/sanjaykumar/Desktop/Newfolder/VideoCallApp/ios/Pods/Headers/Public/ReactNativeDependencies\"\ \"/Users/sanjaykumar/Desktop/Newfolder/VideoCallApp/ios/Pods/Headers/Public/hermes-engine\"\ \"/Users/sanjaykumar/Desktop/Newfolder/VideoCallApp/ios/Pods/Headers/Public/react-native-bottom-tabs\"\ \"/Users/sanjaykumar/Desktop/Newfolder/VideoCallApp/ios/Pods/Headers/Public/react-native-safe-area-context\"\ \"/Users/sanjaykumar/Desktop/Newfolder/VideoCallApp/ios/Pods/Headers/Private/React-Core\"\ \"/Users/sanjaykumar/Desktop/Newfolder/VideoCallApp/ios/Pods/Headers/Private/Yoga\"\ \"/Users/sanjaykumar/Desktop/Newfolder/VideoCallApp/ios/Pods/React-Core-prebuilt/Headers\"\ \"/Users/sanjaykumar/Desktop/Newfolder/VideoCallApp/ios/Pods/ReactNativeDependencies/Headers\"
    export HERMES_CLI_PATH\=/Users/sanjaykumar/Desktop/Newfolder/VideoCallApp/ios/Pods/../../node_modules/hermes-compiler/hermesc/osx-bin/hermesc
    export HOME\=/Users/sanjaykumar
    export HOST_ARCH\=arm64
    export HOST_PLATFORM\=macosx
    export ICONV\=/usr/bin/iconv
    export IMPLICIT_DEPENDENCY_DOMAIN\=default
    export INDEX_STORE_COMPRESS\=NO
    export INDEX_STORE_ONLY_PROJECT_FILES\=NO
    export INFOPLIST_ENABLE_CFBUNDLEICONS_MERGE\=YES
    export INFOPLIST_EXPAND_BUILD_SETTINGS\=YES
    export INFOPLIST_FILE\=VideoCallApp/Info.plist
    export INFOPLIST_OUTPUT_FORMAT\=binary
    export INFOPLIST_PATH\=VideoCallApp.app/Info.plist
    export INFOPLIST_PREPROCESS\=NO
    export INFOSTRINGS_PATH\=VideoCallApp.app/en.lproj/InfoPlist.strings
    export INLINE_PRIVATE_FRAMEWORKS\=NO
    export INSTALLAPI_IGNORE_SKIP_INSTALL\=YES
    export INSTALLHDRS_COPY_PHASE\=NO
    export INSTALLHDRS_SCRIPT_PHASE\=NO
    export INSTALL_DIR\=/tmp/VideoCallApp.dst/Applications
    export INSTALL_GROUP\=staff
    export INSTALL_MODE_FLAG\=u+w,go-w,a+rX
    export INSTALL_OWNER\=sanjaykumar
    export INSTALL_PATH\=/Applications
    export INSTALL_ROOT\=/tmp/VideoCallApp.dst
    export IPHONEOS_DEPLOYMENT_TARGET\=15.1
    export IS_UNOPTIMIZED_BUILD\=YES
    export JAVAC_DEFAULT_FLAGS\=-J-Xms64m\ -J-XX:NewSize\=4M\ -J-Dfile.encoding\=UTF8
    export JAVA_APP_STUB\=/System/Library/Frameworks/JavaVM.framework/Resources/MacOS/JavaApplicationStub
    export JAVA_ARCHIVE_CLASSES\=YES
    export JAVA_ARCHIVE_TYPE\=JAR
    export JAVA_COMPILER\=/usr/bin/javac
    export JAVA_FOLDER_PATH\=VideoCallApp.app/Java
    export JAVA_FRAMEWORK_RESOURCES_DIRS\=Resources
    export JAVA_JAR_FLAGS\=cv
    export JAVA_SOURCE_SUBDIR\=.
    export JAVA_USE_DEPENDENCIES\=YES
    export JAVA_ZIP_FLAGS\=-urg
    export JIKES_DEFAULT_FLAGS\=+E\ +OLDCSO
    export KEEP_PRIVATE_EXTERNS\=NO
    export LD_DEPENDENCY_INFO_FILE\=/Users/sanjaykumar/Library/Developer/Xcode/DerivedData/VideoCallApp-evcapdoyusxvykgansyblgyjxatu/Build/Intermediates.noindex/VideoCallApp.build/Debug-iphonesimulator/VideoCallApp.build/Objects-normal/undefined_arch/VideoCallApp_dependency_info.dat
    export LD_ENTITLEMENTS_SECTION\=/Users/sanjaykumar/Library/Developer/Xcode/DerivedData/VideoCallApp-evcapdoyusxvykgansyblgyjxatu/Build/Intermediates.noindex/VideoCallApp.build/Debug-iphonesimulator/VideoCallApp.build/VideoCallApp.app-Simulated.xcent
    export LD_ENTITLEMENTS_SECTION_DER\=/Users/sanjaykumar/Library/Developer/Xcode/DerivedData/VideoCallApp-evcapdoyusxvykgansyblgyjxatu/Build/Intermediates.noindex/VideoCallApp.build/Debug-iphonesimulator/VideoCallApp.build/VideoCallApp.app-Simulated.xcent.der
    export LD_EXPORT_SYMBOLS\=YES
    export LD_GENERATE_MAP_FILE\=NO
    export LD_MAP_FILE_PATH\=/Users/sanjaykumar/Library/Developer/Xcode/DerivedData/VideoCallApp-evcapdoyusxvykgansyblgyjxatu/Build/Intermediates.noindex/VideoCallApp.build/Debug-iphonesimulator/VideoCallApp.build/VideoCallApp-LinkMap-normal-undefined_arch.txt
    export LD_NO_PIE\=NO
    export LD_QUOTE_LINKER_ARGUMENTS_FOR_COMPILER_DRIVER\=YES
    export LD_RUNPATH_SEARCH_PATHS\=/usr/lib/swift\ \ /usr/lib/swift\ \'@executable_path/Frameworks\'\ \'@loader_path/Frameworks\'\ @executable_path/Frameworks
    export LD_RUNPATH_SEARCH_PATHS_YES\=@loader_path/../Frameworks
    export LD_SHARED_CACHE_ELIGIBLE\=Automatic
    export LD_WARN_DUPLICATE_LIBRARIES\=NO
    export LD_WARN_UNUSED_DYLIBS\=NO
    export LEGACY_DEVELOPER_DIR\=/Applications/Xcode.app/Contents/PlugIns/Xcode3Core.ideplugin/Contents/SharedSupport/Developer
    export LEX\=lex
    export LIBRARY_DEXT_INSTALL_PATH\=/Library/DriverExtensions
    export LIBRARY_FLAG_NOSPACE\=YES
    export LIBRARY_FLAG_PREFIX\=-l
    export LIBRARY_KEXT_INSTALL_PATH\=/Library/Extensions
    export LIBRARY_SEARCH_PATHS\=/Users/sanjaykumar/Library/Developer/Xcode/DerivedData/VideoCallApp-evcapdoyusxvykgansyblgyjxatu/Build/Products/Debug-iphonesimulator\ /Applications/Xcode.app/Contents/Developer/Platforms/iPhoneSimulator.platform/Developer/SDKs/iPhoneSimulator26.5.sdk/usr/lib/swift\ /Applications/Xcode.app/Contents/Developer/Toolchains/XcodeDefault.xctoolchain/usr/lib/swift/iphonesimulator\ /Users/sanjaykumar/Library/Developer/Xcode/DerivedData/VideoCallApp-evcapdoyusxvykgansyblgyjxatu/Build/Products/Debug-iphonesimulator/ReactAppDependencyProvider\ /Users/sanjaykumar/Library/Developer/Xcode/DerivedData/VideoCallApp-evcapdoyusxvykgansyblgyjxatu/Build/Products/Debug-iphonesimulator/ReactCodegen\ /Users/sanjaykumar/Library/Developer/Xcode/DerivedData/VideoCallApp-evcapdoyusxvykgansyblgyjxatu/Build/Products/Debug-iphonesimulator/SwiftUIIntrospect\ /Users/sanjaykumar/Library/Developer/Xcode/DerivedData/VideoCallApp-evcapdoyusxvykgansyblgyjxatu/Build/Products/Debug-iphonesimulator/react-native-bottom-tabs\ /Users/sanjaykumar/Library/Developer/Xcode/DerivedData/VideoCallApp-evcapdoyusxvykgansyblgyjxatu/Build/Products/Debug-iphonesimulator/react-native-safe-area-context\ /Applications/Xcode.app/Contents/Developer/Toolchains/XcodeDefault.xctoolchain/usr/lib/swift/iphonesimulator\ /Applications/Xcode.app/Contents/Developer/Platforms/iPhoneSimulator.platform/Developer/SDKs/iPhoneSimulator26.5.sdk/usr/lib/swift
    export LINKER_DISPLAYS_MANGLED_NAMES\=NO
    export LINK_FILE_LIST_normal_arm64\=/Users/sanjaykumar/Library/Developer/Xcode/DerivedData/VideoCallApp-evcapdoyusxvykgansyblgyjxatu/Build/Intermediates.noindex/VideoCallApp.build/Debug-iphonesimulator/VideoCallApp.build/Objects-normal/arm64/VideoCallApp.LinkFileList
    export LINK_FILE_LIST_normal_x86_64\=/Users/sanjaykumar/Library/Developer/Xcode/DerivedData/VideoCallApp-evcapdoyusxvykgansyblgyjxatu/Build/Intermediates.noindex/VideoCallApp.build/Debug-iphonesimulator/VideoCallApp.build/Objects-normal/x86_64/VideoCallApp.LinkFileList
    export LINK_OBJC_RUNTIME\=YES
    export LINK_WITH_STANDARD_LIBRARIES\=YES
    export LLVM_TARGET_TRIPLE_OS_VERSION\=ios15.1
    export LLVM_TARGET_TRIPLE_SUFFIX\=-simulator
    export LLVM_TARGET_TRIPLE_VENDOR\=apple
    export LM_AUX_CONST_METADATA_LIST_PATH_normal_arm64\=/Users/sanjaykumar/Library/Developer/Xcode/DerivedData/VideoCallApp-evcapdoyusxvykgansyblgyjxatu/Build/Intermediates.noindex/VideoCallApp.build/Debug-iphonesimulator/VideoCallApp.build/Objects-normal/arm64/VideoCallApp.SwiftConstValuesFileList
    export LM_AUX_CONST_METADATA_LIST_PATH_normal_x86_64\=/Users/sanjaykumar/Library/Developer/Xcode/DerivedData/VideoCallApp-evcapdoyusxvykgansyblgyjxatu/Build/Intermediates.noindex/VideoCallApp.build/Debug-iphonesimulator/VideoCallApp.build/Objects-normal/x86_64/VideoCallApp.SwiftConstValuesFileList
    export LOCALIZATION_EXPORT_SUPPORTED\=YES
    export LOCALIZATION_PREFERS_STRING_CATALOGS\=NO
    export LOCALIZED_RESOURCES_FOLDER_PATH\=VideoCallApp.app/en.lproj
    export LOCALIZED_STRING_CODE_COMMENTS\=NO
    export LOCALIZED_STRING_MACRO_NAMES\=NSLocalizedString\ CFCopyLocalizedString
    export LOCALIZED_STRING_SWIFTUI_SUPPORT\=YES
    export LOCAL_ADMIN_APPS_DIR\=/Applications/Utilities
    export LOCAL_APPS_DIR\=/Applications
    export LOCAL_DEVELOPER_DIR\=/Library/Developer
    export LOCAL_LIBRARY_DIR\=/Library
    export LOCROOT\=/Users/sanjaykumar/Desktop/Newfolder/VideoCallApp/ios
    export LOCSYMROOT\=/Users/sanjaykumar/Desktop/Newfolder/VideoCallApp/ios
    export MACH_O_TYPE\=mh_execute
    export MAC_OS_X_PRODUCT_BUILD_VERSION\=25G83
    export MAC_OS_X_VERSION_ACTUAL\=260602
    export MAC_OS_X_VERSION_MAJOR\=260000
    export MAC_OS_X_VERSION_MINOR\=260600
    export MAKE_MERGEABLE\=NO
    export MARKETING_VERSION\=1.0
    export MERGEABLE_LIBRARY\=NO
    export MERGED_BINARY_TYPE\=none
    export MERGE_LINKED_LIBRARIES\=NO
    export METAL_LIBRARY_FILE_BASE\=default
    export METAL_LIBRARY_OUTPUT_DIR\=/Users/sanjaykumar/Library/Developer/Xcode/DerivedData/VideoCallApp-evcapdoyusxvykgansyblgyjxatu/Build/Products/Debug-iphonesimulator/VideoCallApp.app
    export MODULES_FOLDER_PATH\=VideoCallApp.app/Modules
    export MODULE_CACHE_DIR\=/Users/sanjaykumar/Library/Developer/Xcode/DerivedData/ModuleCache.noindex
    export MTL_ENABLE_DEBUG_INFO\=YES
    export NATIVE_ARCH\=arm64
    export NATIVE_ARCH_32_BIT\=arm
    export NATIVE_ARCH_64_BIT\=arm64
    export NATIVE_ARCH_ACTUAL\=arm64
    export NO_COMMON\=YES
    export OBJC_ABI_VERSION\=2
    export OBJECT_FILE_DIR\=/Users/sanjaykumar/Library/Developer/Xcode/DerivedData/VideoCallApp-evcapdoyusxvykgansyblgyjxatu/Build/Intermediates.noindex/VideoCallApp.build/Debug-iphonesimulator/VideoCallApp.build/Objects
    export OBJECT_FILE_DIR_normal\=/Users/sanjaykumar/Library/Developer/Xcode/DerivedData/VideoCallApp-evcapdoyusxvykgansyblgyjxatu/Build/Intermediates.noindex/VideoCallApp.build/Debug-iphonesimulator/VideoCallApp.build/Objects-normal
    export OBJROOT\=/Users/sanjaykumar/Library/Developer/Xcode/DerivedData/VideoCallApp-evcapdoyusxvykgansyblgyjxatu/Build/Intermediates.noindex
    export ONLY_ACTIVE_ARCH\=NO
    export OS\=MACOS
    export OSAC\=/usr/bin/osacompile
    export OTHER_CFLAGS\=\ -DRCT_REMOVE_LEGACY_ARCH\=1\ -fmodule-map-file\=\"/Users/sanjaykumar/Library/Developer/Xcode/DerivedData/VideoCallApp-evcapdoyusxvykgansyblgyjxatu/Build/Products/Debug-iphonesimulator/SwiftUIIntrospect/SwiftUIIntrospect.modulemap\"\ -fmodule-map-file\=\"/Users/sanjaykumar/Library/Developer/Xcode/DerivedData/VideoCallApp-evcapdoyusxvykgansyblgyjxatu/Build/Products/Debug-iphonesimulator/react-native-bottom-tabs/react_native_bottom_tabs.modulemap\"\ -fmodule-map-file\=\"/Users/sanjaykumar/Desktop/Newfolder/VideoCallApp/ios/Pods/Headers/Public/ReactAppDependencyProvider/ReactAppDependencyProvider.modulemap\"\ -fmodule-map-file\=\"/Users/sanjaykumar/Desktop/Newfolder/VideoCallApp/ios/Pods/Headers/Public/ReactCodegen/ReactCodegen.modulemap\"\ \"-fmodule-map-file\=/Users/sanjaykumar/Desktop/Newfolder/VideoCallApp/ios/Pods/React-Core-prebuilt/Headers/module.modulemap\"
    export OTHER_CPLUSPLUSFLAGS\=\ -DRCT_REMOVE_LEGACY_ARCH\=1\ -fmodule-map-file\=\"/Users/sanjaykumar/Library/Developer/Xcode/DerivedData/VideoCallApp-evcapdoyusxvykgansyblgyjxatu/Build/Products/Debug-iphonesimulator/SwiftUIIntrospect/SwiftUIIntrospect.modulemap\"\ -fmodule-map-file\=\"/Users/sanjaykumar/Library/Developer/Xcode/DerivedData/VideoCallApp-evcapdoyusxvykgansyblgyjxatu/Build/Products/Debug-iphonesimulator/react-native-bottom-tabs/react_native_bottom_tabs.modulemap\"\ -fmodule-map-file\=\"/Users/sanjaykumar/Desktop/Newfolder/VideoCallApp/ios/Pods/Headers/Public/ReactAppDependencyProvider/ReactAppDependencyProvider.modulemap\"\ -fmodule-map-file\=\"/Users/sanjaykumar/Desktop/Newfolder/VideoCallApp/ios/Pods/Headers/Public/ReactCodegen/ReactCodegen.modulemap\"\ \"-fmodule-map-file\=/Users/sanjaykumar/Desktop/Newfolder/VideoCallApp/ios/Pods/React-Core-prebuilt/Headers/module.modulemap\"\ -DFOLLY_NO_CONFIG\ -DFOLLY_MOBILE\=1\ -DFOLLY_USE_LIBCPP\=1\ -DFOLLY_CFG_NO_COROUTINES\=1\ -DFOLLY_HAVE_CLOCK_GETTIME\=1\ -DRCT_REMOVE_LEGACY_ARCH\=1\ \"-fmodule-map-file\=/Users/sanjaykumar/Desktop/Newfolder/VideoCallApp/ios/Pods/React-Core-prebuilt/Headers/module.modulemap\"\ -DRCT_NEW_ARCH_ENABLED\=1
    export OTHER_LDFLAGS\=\ -ObjC\ -l\"ReactAppDependencyProvider\"\ -l\"ReactCodegen\"\ -l\"SwiftUIIntrospect\"\ -l\"react-native-bottom-tabs\"\ -l\"react-native-safe-area-context\"\ -framework\ \"Accelerate\"\ -framework\ \"AudioToolbox\"\ -framework\ \"CoreGraphics\"\ -framework\ \"ImageIO\"\ -framework\ \"MobileCoreServices\"\ -framework\ \"QuartzCore\"\ -framework\ \"React\"\ -framework\ \"ReactNativeDependencies\"\ -framework\ \"UIKit\"\ -framework\ \"hermesvm\"\ -ObjC\ -lc++
    export OTHER_MODULE_VERIFIER_FLAGS\=\ \"-F/Users/sanjaykumar/Library/Developer/Xcode/DerivedData/VideoCallApp-evcapdoyusxvykgansyblgyjxatu/Build/Products/Debug-iphonesimulator/DoubleConversion\"\ \"-F/Users/sanjaykumar/Library/Developer/Xcode/DerivedData/VideoCallApp-evcapdoyusxvykgansyblgyjxatu/Build/Products/Debug-iphonesimulator/FBLazyVector\"\ \"-F/Users/sanjaykumar/Library/Developer/Xcode/DerivedData/VideoCallApp-evcapdoyusxvykgansyblgyjxatu/Build/Products/Debug-iphonesimulator/RCT-Folly\"\ \"-F/Users/sanjaykumar/Library/Developer/Xcode/DerivedData/VideoCallApp-evcapdoyusxvykgansyblgyjxatu/Build/Products/Debug-iphonesimulator/RCTDeprecation\"\ \"-F/Users/sanjaykumar/Library/Developer/Xcode/DerivedData/VideoCallApp-evcapdoyusxvykgansyblgyjxatu/Build/Products/Debug-iphonesimulator/RCTRequired\"\ \"-F/Users/sanjaykumar/Library/Developer/Xcode/DerivedData/VideoCallApp-evcapdoyusxvykgansyblgyjxatu/Build/Products/Debug-iphonesimulator/RCTSwiftUI\"\ \"-F/Users/sanjaykumar/Library/Developer/Xcode/DerivedData/VideoCallApp-evcapdoyusxvykgansyblgyjxatu/Build/Products/Debug-iphonesimulator/RCTSwiftUIWrapper\"\ \"-F/Users/sanjaykumar/Library/Developer/Xcode/DerivedData/VideoCallApp-evcapdoyusxvykgansyblgyjxatu/Build/Products/Debug-iphonesimulator/RCTTypeSafety\"\ \"-F/Users/sanjaykumar/Library/Developer/Xcode/DerivedData/VideoCallApp-evcapdoyusxvykgansyblgyjxatu/Build/Products/Debug-iphonesimulator/React\"\ \"-F/Users/sanjaykumar/Library/Developer/Xcode/DerivedData/VideoCallApp-evcapdoyusxvykgansyblgyjxatu/Build/Products/Debug-iphonesimulator/React-Core\"\ \"-F/Users/sanjaykumar/Library/Developer/Xcode/DerivedData/VideoCallApp-evcapdoyusxvykgansyblgyjxatu/Build/Products/Debug-iphonesimulator/React-Core-prebuilt\"\ \"-F/Users/sanjaykumar/Library/Developer/Xcode/DerivedData/VideoCallApp-evcapdoyusxvykgansyblgyjxatu/Build/Products/Debug-iphonesimulator/React-CoreModules\"\ \"-F/Users/sanjaykumar/Library/Developer/Xcode/DerivedData/VideoCallApp-evcapdoyusxvykgansyblgyjxatu/Build/Products/Debug-iphonesimulator/React-Fabric\"\ \"-F/Users/sanjaykumar/Library/Developer/Xcode/DerivedData/VideoCallApp-evcapdoyusxvykgansyblgyjxatu/Build/Products/Debug-iphonesimulator/React-FabricComponents\"\ \"-F/Users/sanjaykumar/Library/Developer/Xcode/DerivedData/VideoCallApp-evcapdoyusxvykgansyblgyjxatu/Build/Products/Debug-iphonesimulator/React-FabricImage\"\ \"-F/Users/sanjaykumar/Library/Developer/Xcode/DerivedData/VideoCallApp-evcapdoyusxvykgansyblgyjxatu/Build/Products/Debug-iphonesimulator/React-ImageManager\"\ \"-F/Users/sanjaykumar/Library/Developer/Xcode/DerivedData/VideoCallApp-evcapdoyusxvykgansyblgyjxatu/Build/Products/Debug-iphonesimulator/React-Mapbuffer\"\ \"-F/Users/sanjaykumar/Library/Developer/Xcode/DerivedData/VideoCallApp-evcapdoyusxvykgansyblgyjxatu/Build/Products/Debug-iphonesimulator/React-NativeModulesApple\"\ \"-F/Users/sanjaykumar/Library/Developer/Xcode/DerivedData/VideoCallApp-evcapdoyusxvykgansyblgyjxatu/Build/Products/Debug-iphonesimulator/React-RCTActionSheet\"\ \"-F/Users/sanjaykumar/Library/Developer/Xcode/DerivedData/VideoCallApp-evcapdoyusxvykgansyblgyjxatu/Build/Products/Debug-iphonesimulator/React-RCTAnimatedModuleProvider\"\ \"-F/Users/sanjaykumar/Library/Developer/Xcode/DerivedData/VideoCallApp-evcapdoyusxvykgansyblgyjxatu/Build/Products/Debug-iphonesimulator/React-RCTAnimation\"\ \"-F/Users/sanjaykumar/Library/Developer/Xcode/DerivedData/VideoCallApp-evcapdoyusxvykgansyblgyjxatu/Build/Products/Debug-iphonesimulator/React-RCTAppDelegate\"\ \"-F/Users/sanjaykumar/Library/Developer/Xcode/DerivedData/VideoCallApp-evcapdoyusxvykgansyblgyjxatu/Build/Products/Debug-iphonesimulator/React-RCTBlob\"\ \"-F/Users/sanjaykumar/Library/Developer/Xcode/DerivedData/VideoCallApp-evcapdoyusxvykgansyblgyjxatu/Build/Products/Debug-iphonesimulator/React-RCTFBReactNativeSpec\"\ \"-F/Users/sanjaykumar/Library/Developer/Xcode/DerivedData/VideoCallApp-evcapdoyusxvykgansyblgyjxatu/Build/Products/Debug-iphonesimulator/React-RCTFabric\"\ \"-F/Users/sanjaykumar/Library/Developer/Xcode/DerivedData/VideoCallApp-evcapdoyusxvykgansyblgyjxatu/Build/Products/Debug-iphonesimulator/React-RCTImage\"\ \"-F/Users/sanjaykumar/Library/Developer/Xcode/DerivedData/VideoCallApp-evcapdoyusxvykgansyblgyjxatu/Build/Products/Debug-iphonesimulator/React-RCTLinking\"\ \"-F/Users/sanjaykumar/Library/Developer/Xcode/DerivedData/VideoCallApp-evcapdoyusxvykgansyblgyjxatu/Build/Products/Debug-iphonesimulator/React-RCTNetwork\"\ \"-F/Users/sanjaykumar/Library/Developer/Xcode/DerivedData/VideoCallApp-evcapdoyusxvykgansyblgyjxatu/Build/Products/Debug-iphonesimulator/React-RCTRuntime\"\ \"-F/Users/sanjaykumar/Library/Developer/Xcode/DerivedData/VideoCallApp-evcapdoyusxvykgansyblgyjxatu/Build/Products/Debug-iphonesimulator/React-RCTSettings\"\ \"-F/Users/sanjaykumar/Library/Developer/Xcode/DerivedData/VideoCallApp-evcapdoyusxvykgansyblgyjxatu/Build/Products/Debug-iphonesimulator/React-RCTText\"\ \"-F/Users/sanjaykumar/Library/Developer/Xcode/DerivedData/VideoCallApp-evcapdoyusxvykgansyblgyjxatu/Build/Products/Debug-iphonesimulator/React-RCTVibration\"\ \"-F/Users/sanjaykumar/Library/Developer/Xcode/DerivedData/VideoCallApp-evcapdoyusxvykgansyblgyjxatu/Build/Products/Debug-iphonesimulator/React-RuntimeApple\"\ \"-F/Users/sanjaykumar/Library/Developer/Xcode/DerivedData/VideoCallApp-evcapdoyusxvykgansyblgyjxatu/Build/Products/Debug-iphonesimulator/React-RuntimeCore\"\ \"-F/Users/sanjaykumar/Library/Developer/Xcode/DerivedData/VideoCallApp-evcapdoyusxvykgansyblgyjxatu/Build/Products/Debug-iphonesimulator/React-RuntimeHermes\"\ \"-F/Users/sanjaykumar/Library/Developer/Xcode/DerivedData/VideoCallApp-evcapdoyusxvykgansyblgyjxatu/Build/Products/Debug-iphonesimulator/React-bridging\"\ \"-F/Users/sanjaykumar/Library/Developer/Xcode/DerivedData/VideoCallApp-evcapdoyusxvykgansyblgyjxatu/Build/Products/Debug-iphonesimulator/React-callinvoker\"\ \"-F/Users/sanjaykumar/Library/Developer/Xcode/DerivedData/VideoCallApp-evcapdoyusxvykgansyblgyjxatu/Build/Products/Debug-iphonesimulator/React-cxxreact\"\ \"-F/Users/sanjaykumar/Library/Developer/Xcode/DerivedData/VideoCallApp-evcapdoyusxvykgansyblgyjxatu/Build/Products/Debug-iphonesimulator/React-cxxstableapi\"\ \"-F/Users/sanjaykumar/Library/Developer/Xcode/DerivedData/VideoCallApp-evcapdoyusxvykgansyblgyjxatu/Build/Products/Debug-iphonesimulator/React-debug\"\ \"-F/Users/sanjaykumar/Library/Developer/Xcode/DerivedData/VideoCallApp-evcapdoyusxvykgansyblgyjxatu/Build/Products/Debug-iphonesimulator/React-defaultsnativemodule\"\ \"-F/Users/sanjaykumar/Library/Developer/Xcode/DerivedData/VideoCallApp-evcapdoyusxvykgansyblgyjxatu/Build/Products/Debug-iphonesimulator/React-domnativemodule\"\ \"-F/Users/sanjaykumar/Library/Developer/Xcode/DerivedData/VideoCallApp-evcapdoyusxvykgansyblgyjxatu/Build/Products/Debug-iphonesimulator/React-featureflags\"\ \"-F/Users/sanjaykumar/Library/Developer/Xcode/DerivedData/VideoCallApp-evcapdoyusxvykgansyblgyjxatu/Build/Products/Debug-iphonesimulator/React-featureflagsnativemodule\"\ \"-F/Users/sanjaykumar/Library/Developer/Xcode/DerivedData/VideoCallApp-evcapdoyusxvykgansyblgyjxatu/Build/Products/Debug-iphonesimulator/React-graphics\"\ \"-F/Users/sanjaykumar/Library/Developer/Xcode/DerivedData/VideoCallApp-evcapdoyusxvykgansyblgyjxatu/Build/Products/Debug-iphonesimulator/React-hermes\"\ \"-F/Users/sanjaykumar/Library/Developer/Xcode/DerivedData/VideoCallApp-evcapdoyusxvykgansyblgyjxatu/Build/Products/Debug-iphonesimulator/React-idlecallbacksnativemodule\"\ \"-F/Users/sanjaykumar/Library/Developer/Xcode/DerivedData/VideoCallApp-evcapdoyusxvykgansyblgyjxatu/Build/Products/Debug-iphonesimulator/React-intersectionobservernativemodule\"\ \"-F/Users/sanjaykumar/Library/Developer/Xcode/DerivedData/VideoCallApp-evcapdoyusxvykgansyblgyjxatu/Build/Products/Debug-iphonesimulator/React-jserrorhandler\"\ \"-F/Users/sanjaykumar/Library/Developer/Xcode/DerivedData/VideoCallApp-evcapdoyusxvykgansyblgyjxatu/Build/Products/Debug-iphonesimulator/React-jsi\"\ \"-F/Users/sanjaykumar/Library/Developer/Xcode/DerivedData/VideoCallApp-evcapdoyusxvykgansyblgyjxatu/Build/Products/Debug-iphonesimulator/React-jsiexecutor\"\ \"-F/Users/sanjaykumar/Library/Developer/Xcode/DerivedData/VideoCallApp-evcapdoyusxvykgansyblgyjxatu/Build/Products/Debug-iphonesimulator/React-jsinspector\"\ \"-F/Users/sanjaykumar/Library/Developer/Xcode/DerivedData/VideoCallApp-evcapdoyusxvykgansyblgyjxatu/Build/Products/Debug-iphonesimulator/React-jsinspectorcdp\"\ \"-F/Users/sanjaykumar/Library/Developer/Xcode/DerivedData/VideoCallApp-evcapdoyusxvykgansyblgyjxatu/Build/Products/Debug-iphonesimulator/React-jsinspectornetwork\"\ \"-F/Users/sanjaykumar/Library/Developer/Xcode/DerivedData/VideoCallApp-evcapdoyusxvykgansyblgyjxatu/Build/Products/Debug-iphonesimulator/React-jsinspectortracing\"\ \"-F/Users/sanjaykumar/Library/Developer/Xcode/DerivedData/VideoCallApp-evcapdoyusxvykgansyblgyjxatu/Build/Products/Debug-iphonesimulator/React-jsitooling\"\ \"-F/Users/sanjaykumar/Library/Developer/Xcode/DerivedData/VideoCallApp-evcapdoyusxvykgansyblgyjxatu/Build/Products/Debug-iphonesimulator/React-jsitracing\"\ \"-F/Users/sanjaykumar/Library/Developer/Xcode/DerivedData/VideoCallApp-evcapdoyusxvykgansyblgyjxatu/Build/Products/Debug-iphonesimulator/React-logger\"\ \"-F/Users/sanjaykumar/Library/Developer/Xcode/DerivedData/VideoCallApp-evcapdoyusxvykgansyblgyjxatu/Build/Products/Debug-iphonesimulator/React-microtasksnativemodule\"\ \"-F/Users/sanjaykumar/Library/Developer/Xcode/DerivedData/VideoCallApp-evcapdoyusxvykgansyblgyjxatu/Build/Products/Debug-iphonesimulator/React-mutationobservernativemodule\"\ \"-F/Users/sanjaykumar/Library/Developer/Xcode/DerivedData/VideoCallApp-evcapdoyusxvykgansyblgyjxatu/Build/Products/Debug-iphonesimulator/React-networking\"\ \"-F/Users/sanjaykumar/Library/Developer/Xcode/DerivedData/VideoCallApp-evcapdoyusxvykgansyblgyjxatu/Build/Products/Debug-iphonesimulator/React-oscompat\"\ \"-F/Users/sanjaykumar/Library/Developer/Xcode/DerivedData/VideoCallApp-evcapdoyusxvykgansyblgyjxatu/Build/Products/Debug-iphonesimulator/React-perflogger\"\ \"-F/Users/sanjaykumar/Library/Developer/Xcode/DerivedData/VideoCallApp-evcapdoyusxvykgansyblgyjxatu/Build/Products/Debug-iphonesimulator/React-performancecdpmetrics\"\ \"-F/Users/sanjaykumar/Library/Developer/Xcode/DerivedData/VideoCallApp-evcapdoyusxvykgansyblgyjxatu/Build/Products/Debug-iphonesimulator/React-performancetimeline\"\ \"-F/Users/sanjaykumar/Library/Developer/Xcode/DerivedData/VideoCallApp-evcapdoyusxvykgansyblgyjxatu/Build/Products/Debug-iphonesimulator/React-rendererconsistency\"\ \"-F/Users/sanjaykumar/Library/Developer/Xcode/DerivedData/VideoCallApp-evcapdoyusxvykgansyblgyjxatu/Build/Products/Debug-iphonesimulator/React-renderercss\"\ \"-F/Users/sanjaykumar/Library/Developer/Xcode/DerivedData/VideoCallApp-evcapdoyusxvykgansyblgyjxatu/Build/Products/Debug-iphonesimulator/React-rendererdebug\"\ \"-F/Users/sanjaykumar/Library/Developer/Xcode/DerivedData/VideoCallApp-evcapdoyusxvykgansyblgyjxatu/Build/Products/Debug-iphonesimulator/React-runtimeexecutor\"\ \"-F/Users/sanjaykumar/Library/Developer/Xcode/DerivedData/VideoCallApp-evcapdoyusxvykgansyblgyjxatu/Build/Products/Debug-iphonesimulator/React-runtimescheduler\"\ \"-F/Users/sanjaykumar/Library/Developer/Xcode/DerivedData/VideoCallApp-evcapdoyusxvykgansyblgyjxatu/Build/Products/Debug-iphonesimulator/React-timing\"\ \"-F/Users/sanjaykumar/Library/Developer/Xcode/DerivedData/VideoCallApp-evcapdoyusxvykgansyblgyjxatu/Build/Products/Debug-iphonesimulator/React-utils\"\ \"-F/Users/sanjaykumar/Library/Developer/Xcode/DerivedData/VideoCallApp-evcapdoyusxvykgansyblgyjxatu/Build/Products/Debug-iphonesimulator/React-viewtransitionnativemodule\"\ \"-F/Users/sanjaykumar/Library/Developer/Xcode/DerivedData/VideoCallApp-evcapdoyusxvykgansyblgyjxatu/Build/Products/Debug-iphonesimulator/React-webperformancenativemodule\"\ \"-F/Users/sanjaykumar/Library/Developer/Xcode/DerivedData/VideoCallApp-evcapdoyusxvykgansyblgyjxatu/Build/Products/Debug-iphonesimulator/ReactAppDependencyProvider\"\ \"-F/Users/sanjaykumar/Library/Developer/Xcode/DerivedData/VideoCallApp-evcapdoyusxvykgansyblgyjxatu/Build/Products/Debug-iphonesimulator/ReactCodegen\"\ \"-F/Users/sanjaykumar/Library/Developer/Xcode/DerivedData/VideoCallApp-evcapdoyusxvykgansyblgyjxatu/Build/Products/Debug-iphonesimulator/ReactCommon\"\ \"-F/Users/sanjaykumar/Library/Developer/Xcode/DerivedData/VideoCallApp-evcapdoyusxvykgansyblgyjxatu/Build/Products/Debug-iphonesimulator/ReactNativeDependencies\"\ \"-F/Users/sanjaykumar/Library/Developer/Xcode/DerivedData/VideoCallApp-evcapdoyusxvykgansyblgyjxatu/Build/Products/Debug-iphonesimulator/SocketRocket\"\ \"-F/Users/sanjaykumar/Library/Developer/Xcode/DerivedData/VideoCallApp-evcapdoyusxvykgansyblgyjxatu/Build/Products/Debug-iphonesimulator/SwiftUIIntrospect\"\ \"-F/Users/sanjaykumar/Library/Developer/Xcode/DerivedData/VideoCallApp-evcapdoyusxvykgansyblgyjxatu/Build/Products/Debug-iphonesimulator/Yoga\"\ \"-F/Users/sanjaykumar/Library/Developer/Xcode/DerivedData/VideoCallApp-evcapdoyusxvykgansyblgyjxatu/Build/Products/Debug-iphonesimulator/boost\"\ \"-F/Users/sanjaykumar/Library/Developer/Xcode/DerivedData/VideoCallApp-evcapdoyusxvykgansyblgyjxatu/Build/Products/Debug-iphonesimulator/fast_float\"\ \"-F/Users/sanjaykumar/Library/Developer/Xcode/DerivedData/VideoCallApp-evcapdoyusxvykgansyblgyjxatu/Build/Products/Debug-iphonesimulator/fmt\"\ \"-F/Users/sanjaykumar/Library/Developer/Xcode/DerivedData/VideoCallApp-evcapdoyusxvykgansyblgyjxatu/Build/Products/Debug-iphonesimulator/glog\"\ \"-F/Users/sanjaykumar/Library/Developer/Xcode/DerivedData/VideoCallApp-evcapdoyusxvykgansyblgyjxatu/Build/Products/Debug-iphonesimulator/hermes-engine\"\ \"-F/Users/sanjaykumar/Library/Developer/Xcode/DerivedData/VideoCallApp-evcapdoyusxvykgansyblgyjxatu/Build/Products/Debug-iphonesimulator/react-native-bottom-tabs\"\ \"-F/Users/sanjaykumar/Library/Developer/Xcode/DerivedData/VideoCallApp-evcapdoyusxvykgansyblgyjxatu/Build/Products/Debug-iphonesimulator/react-native-safe-area-context\"
    export OTHER_SWIFT_FLAGS\=\ -D\ COCOAPODS\ -Xcc\ -fmodule-map-file\=\"/Users/sanjaykumar/Library/Developer/Xcode/DerivedData/VideoCallApp-evcapdoyusxvykgansyblgyjxatu/Build/Products/Debug-iphonesimulator/SwiftUIIntrospect/SwiftUIIntrospect.modulemap\"\ -Xcc\ -fmodule-map-file\=\"/Users/sanjaykumar/Library/Developer/Xcode/DerivedData/VideoCallApp-evcapdoyusxvykgansyblgyjxatu/Build/Products/Debug-iphonesimulator/react-native-bottom-tabs/react_native_bottom_tabs.modulemap\"\ -Xcc\ -fmodule-map-file\=\"/Users/sanjaykumar/Desktop/Newfolder/VideoCallApp/ios/Pods/Headers/Public/ReactAppDependencyProvider/ReactAppDependencyProvider.modulemap\"\ -Xcc\ -fmodule-map-file\=\"/Users/sanjaykumar/Desktop/Newfolder/VideoCallApp/ios/Pods/Headers/Public/ReactCodegen/ReactCodegen.modulemap\"\ -Xcc\ -Wno-incomplete-umbrella\ -Xcc\ \"-fmodule-map-file\=/Users/sanjaykumar/Desktop/Newfolder/VideoCallApp/ios/Pods/React-Core-prebuilt/Headers/module.modulemap\"
    export PACKAGE_TYPE\=com.apple.package-type.wrapper.application
    export PASCAL_STRINGS\=YES
    export PATH\=/Applications/Xcode.app/Contents/SharedFrameworks/SwiftBuild.framework/Versions/A/PlugIns/SWBBuildService.bundle/Contents/PlugIns/SWBUniversalPlatformPlugin.bundle/Contents/Frameworks/SWBUniversalPlatform.framework/Resources:/Applications/Xcode.app/Contents/Developer/Toolchains/XcodeDefault.xctoolchain/usr/bin:/Applications/Xcode.app/Contents/Developer/Toolchains/XcodeDefault.xctoolchain/usr/local/bin:/Applications/Xcode.app/Contents/Developer/Toolchains/XcodeDefault.xctoolchain/usr/libexec:/Applications/Xcode.app/Contents/Developer/Platforms/iPhoneSimulator.platform/usr/bin:/Applications/Xcode.app/Contents/Developer/Platforms/iPhoneSimulator.platform/usr/local/bin:/Applications/Xcode.app/Contents/Developer/Platforms/iPhoneSimulator.platform/Developer/usr/bin:/Applications/Xcode.app/Contents/Developer/Platforms/iPhoneSimulator.platform/Developer/usr/local/bin:/Applications/Xcode.app/Contents/Developer/usr/bin:/Applications/Xcode.app/Contents/Developer/usr/local/bin:/Users/sanjaykumar/.gemini/antigravity-ide/bin:/Users/sanjaykumar/.antigravity-ide/antigravity-ide/bin:/Users/sanjaykumar/.antigravity/antigravity/bin:/opt/homebrew/bin:/opt/homebrew/sbin:/usr/local/bin:/System/Cryptexes/App/usr/bin:/usr/bin:/bin:/usr/sbin:/sbin:/var/run/com.apple.security.cryptexd/codex.system/bootstrap/usr/local/bin:/var/run/com.apple.security.cryptexd/codex.system/bootstrap/usr/bin:/var/run/com.apple.security.cryptexd/codex.system/bootstrap/usr/appleinternal/bin:/pkg/env/global/bin:/Library/Apple/usr/bin
    export PATH_PREFIXES_EXCLUDED_FROM_HEADER_DEPENDENCIES\=/usr/include\ /usr/local/include\ /System/Library/Frameworks\ /System/Library/PrivateFrameworks\ /Applications/Xcode.app/Contents/Developer/Headers\ /Applications/Xcode.app/Contents/Developer/SDKs\ /Applications/Xcode.app/Contents/Developer/Platforms
    export PBDEVELOPMENTPLIST_PATH\=VideoCallApp.app/pbdevelopment.plist
    export PER_ARCH_MODULE_FILE_DIR\=/Users/sanjaykumar/Library/Developer/Xcode/DerivedData/VideoCallApp-evcapdoyusxvykgansyblgyjxatu/Build/Intermediates.noindex/VideoCallApp.build/Debug-iphonesimulator/VideoCallApp.build/Objects-normal/undefined_arch
    export PER_ARCH_OBJECT_FILE_DIR\=/Users/sanjaykumar/Library/Developer/Xcode/DerivedData/VideoCallApp-evcapdoyusxvykgansyblgyjxatu/Build/Intermediates.noindex/VideoCallApp.build/Debug-iphonesimulator/VideoCallApp.build/Objects-normal/undefined_arch
    export PER_VARIANT_OBJECT_FILE_DIR\=/Users/sanjaykumar/Library/Developer/Xcode/DerivedData/VideoCallApp-evcapdoyusxvykgansyblgyjxatu/Build/Intermediates.noindex/VideoCallApp.build/Debug-iphonesimulator/VideoCallApp.build/Objects-normal
    export PKGINFO_FILE_PATH\=/Users/sanjaykumar/Library/Developer/Xcode/DerivedData/VideoCallApp-evcapdoyusxvykgansyblgyjxatu/Build/Intermediates.noindex/VideoCallApp.build/Debug-iphonesimulator/VideoCallApp.build/PkgInfo
    export PKGINFO_PATH\=VideoCallApp.app/PkgInfo
    export PLATFORM_DEVELOPER_APPLICATIONS_DIR\=/Applications/Xcode.app/Contents/Developer/Platforms/iPhoneSimulator.platform/Developer/Applications
    export PLATFORM_DEVELOPER_BIN_DIR\=/Applications/Xcode.app/Contents/Developer/Platforms/iPhoneSimulator.platform/Developer/usr/bin
    export PLATFORM_DEVELOPER_LIBRARY_DIR\=/Applications/Xcode.app/Contents/Developer/Platforms/iPhoneSimulator.platform/Developer/Library
    export PLATFORM_DEVELOPER_SDK_DIR\=/Applications/Xcode.app/Contents/Developer/Platforms/iPhoneSimulator.platform/Developer/SDKs
    export PLATFORM_DEVELOPER_TOOLS_DIR\=/Applications/Xcode.app/Contents/Developer/Platforms/iPhoneSimulator.platform/Developer/Tools
    export PLATFORM_DEVELOPER_USR_DIR\=/Applications/Xcode.app/Contents/Developer/Platforms/iPhoneSimulator.platform/Developer/usr
    export PLATFORM_DIR\=/Applications/Xcode.app/Contents/Developer/Platforms/iPhoneSimulator.platform
    export PLATFORM_DISPLAY_NAME\=iOS\ Simulator
    export PLATFORM_FAMILY_NAME\=iOS
    export PLATFORM_NAME\=iphonesimulator
    export PLATFORM_PREFERRED_ARCH\=x86_64
    export PLATFORM_PRODUCT_BUILD_VERSION\=23F81a
    export PLATFORM_REQUIRES_SWIFT_AUTOLINK_EXTRACT\=NO
    export PLATFORM_REQUIRES_SWIFT_MODULEWRAP\=NO
    export PLATFORM_USES_DSYMS\=YES
    export PLIST_FILE_OUTPUT_FORMAT\=binary
    export PLUGINS_FOLDER_PATH\=VideoCallApp.app/PlugIns
    export PODFILE_DIR\=/Users/sanjaykumar/Desktop/Newfolder/VideoCallApp/ios
    export PODS_BUILD_DIR\=/Users/sanjaykumar/Library/Developer/Xcode/DerivedData/VideoCallApp-evcapdoyusxvykgansyblgyjxatu/Build/Products
    export PODS_CONFIGURATION_BUILD_DIR\=/Users/sanjaykumar/Library/Developer/Xcode/DerivedData/VideoCallApp-evcapdoyusxvykgansyblgyjxatu/Build/Products/Debug-iphonesimulator
    export PODS_PODFILE_DIR_PATH\=/Users/sanjaykumar/Desktop/Newfolder/VideoCallApp/ios/.
    export PODS_ROOT\=/Users/sanjaykumar/Desktop/Newfolder/VideoCallApp/ios/Pods
    export PODS_XCFRAMEWORKS_BUILD_DIR\=/Users/sanjaykumar/Library/Developer/Xcode/DerivedData/VideoCallApp-evcapdoyusxvykgansyblgyjxatu/Build/Products/Debug-iphonesimulator/XCFrameworkIntermediates
    export PRECOMPS_INCLUDE_HEADERS_FROM_BUILT_PRODUCTS_DIR\=YES
    export PRECOMP_DESTINATION_DIR\=/Users/sanjaykumar/Library/Developer/Xcode/DerivedData/VideoCallApp-evcapdoyusxvykgansyblgyjxatu/Build/Intermediates.noindex/VideoCallApp.build/Debug-iphonesimulator/VideoCallApp.build/PrefixHeaders
    export PRIVATE_HEADERS_FOLDER_PATH\=VideoCallApp.app/PrivateHeaders
    export PROCESSED_INFOPLIST_PATH\=/Users/sanjaykumar/Library/Developer/Xcode/DerivedData/VideoCallApp-evcapdoyusxvykgansyblgyjxatu/Build/Intermediates.noindex/VideoCallApp.build/Debug-iphonesimulator/VideoCallApp.build/Objects-normal/undefined_arch/Processed-Info.plist
    export PRODUCT_BUNDLE_IDENTIFIER\=org.reactjs.native.example.VideoCallApp
    export PRODUCT_BUNDLE_PACKAGE_TYPE\=APPL
    export PRODUCT_MODULE_NAME\=VideoCallApp
    export PRODUCT_NAME\=VideoCallApp
    export PRODUCT_SETTINGS_PATH\=/Users/sanjaykumar/Desktop/Newfolder/VideoCallApp/ios/VideoCallApp/Info.plist
    export PRODUCT_TYPE\=com.apple.product-type.application
    export PROFILING_CODE\=NO
    export PROJECT\=VideoCallApp
    export PROJECT_DERIVED_FILE_DIR\=/Users/sanjaykumar/Library/Developer/Xcode/DerivedData/VideoCallApp-evcapdoyusxvykgansyblgyjxatu/Build/Intermediates.noindex/VideoCallApp.build/DerivedSources
    export PROJECT_DIR\=/Users/sanjaykumar/Desktop/Newfolder/VideoCallApp/ios
    export PROJECT_FILE_PATH\=/Users/sanjaykumar/Desktop/Newfolder/VideoCallApp/ios/VideoCallApp.xcodeproj
    export PROJECT_GUID\=5cfc4fada1c9a598ee8695cfec64d2f6
    export PROJECT_NAME\=VideoCallApp
    export PROJECT_TEMP_DIR\=/Users/sanjaykumar/Library/Developer/Xcode/DerivedData/VideoCallApp-evcapdoyusxvykgansyblgyjxatu/Build/Intermediates.noindex/VideoCallApp.build
    export PROJECT_TEMP_ROOT\=/Users/sanjaykumar/Library/Developer/Xcode/DerivedData/VideoCallApp-evcapdoyusxvykgansyblgyjxatu/Build/Intermediates.noindex
    export PROVISIONING_PROFILE_REQUIRED\=NO
    export PROVISIONING_PROFILE_REQUIRED_YES_YES\=YES
    export PROVISIONING_PROFILE_SUPPORTED\=YES
    export PUBLIC_HEADERS_FOLDER_PATH\=VideoCallApp.app/Headers
    export REACT_NATIVE_PATH\=/Users/sanjaykumar/Desktop/Newfolder/VideoCallApp/ios/Pods/../../node_modules/react-native
    export RECOMMENDED_IPHONEOS_DEPLOYMENT_TARGET\=15.0
    export RECURSIVE_SEARCH_PATHS_FOLLOW_SYMLINKS\=YES
    export REMOVE_CVS_FROM_RESOURCES\=YES
    export REMOVE_GIT_FROM_RESOURCES\=YES
    export REMOVE_HEADERS_FROM_EMBEDDED_BUNDLES\=YES
    export REMOVE_HG_FROM_RESOURCES\=YES
    export REMOVE_STATIC_EXECUTABLES_FROM_EMBEDDED_BUNDLES\=YES
    export REMOVE_SVN_FROM_RESOURCES\=YES
    export RESCHEDULE_INDEPENDENT_HEADERS_PHASES\=YES
    export REZ_COLLECTOR_DIR\=/Users/sanjaykumar/Library/Developer/Xcode/DerivedData/VideoCallApp-evcapdoyusxvykgansyblgyjxatu/Build/Intermediates.noindex/VideoCallApp.build/Debug-iphonesimulator/VideoCallApp.build/ResourceManagerResources
    export REZ_OBJECTS_DIR\=/Users/sanjaykumar/Library/Developer/Xcode/DerivedData/VideoCallApp-evcapdoyusxvykgansyblgyjxatu/Build/Intermediates.noindex/VideoCallApp.build/Debug-iphonesimulator/VideoCallApp.build/ResourceManagerResources/Objects
    export REZ_SEARCH_PATHS\=/Users/sanjaykumar/Library/Developer/Xcode/DerivedData/VideoCallApp-evcapdoyusxvykgansyblgyjxatu/Build/Products/Debug-iphonesimulator\ 
    export RPATH_ORIGIN\=@loader_path
    export RUNTIME_EXCEPTION_ALLOW_DYLD_ENVIRONMENT_VARIABLES\=NO
    export RUNTIME_EXCEPTION_ALLOW_JIT\=NO
    export RUNTIME_EXCEPTION_ALLOW_UNSIGNED_EXECUTABLE_MEMORY\=NO
    export RUNTIME_EXCEPTION_DEBUGGING_TOOL\=NO
    export RUNTIME_EXCEPTION_DISABLE_EXECUTABLE_PAGE_PROTECTION\=NO
    export RUNTIME_EXCEPTION_DISABLE_LIBRARY_VALIDATION\=NO
    export SCANNING_PCM_KEEP_CACHE_DIRECTORY\=YES
    export SCAN_ALL_SOURCE_FILES_FOR_INCLUDES\=NO
    export SCRIPTS_FOLDER_PATH\=VideoCallApp.app/Scripts
    export SCRIPT_INPUT_FILE_0\=/Users/sanjaykumar/Desktop/Newfolder/VideoCallApp/ios/.xcode.env.local
    export SCRIPT_INPUT_FILE_1\=/Users/sanjaykumar/Desktop/Newfolder/VideoCallApp/ios/.xcode.env
    export SCRIPT_INPUT_FILE_COUNT\=2
    export SCRIPT_INPUT_FILE_LIST_COUNT\=0
    export SCRIPT_OUTPUT_FILE_COUNT\=0
    export SCRIPT_OUTPUT_FILE_LIST_COUNT\=0
    export SDKROOT\=/Applications/Xcode.app/Contents/Developer/Platforms/iPhoneSimulator.platform/Developer/SDKs/iPhoneSimulator26.5.sdk
    export SDK_DIR\=/Applications/Xcode.app/Contents/Developer/Platforms/iPhoneSimulator.platform/Developer/SDKs/iPhoneSimulator26.5.sdk
    export SDK_DIR_iphonesimulator\=/Applications/Xcode.app/Contents/Developer/Platforms/iPhoneSimulator.platform/Developer/SDKs/iPhoneSimulator26.5.sdk
    export SDK_DIR_iphonesimulator26_5\=/Applications/Xcode.app/Contents/Developer/Platforms/iPhoneSimulator.platform/Developer/SDKs/iPhoneSimulator26.5.sdk
    export SDK_NAME\=iphonesimulator26.5
    export SDK_NAMES\=iphonesimulator26.5
    export SDK_PRODUCT_BUILD_VERSION\=23F81a
    export SDK_STAT_CACHE_DIR\=/Users/sanjaykumar/Library/Developer/Xcode/DerivedData
    export SDK_STAT_CACHE_ENABLE\=YES
    export SDK_STAT_CACHE_PATH\=/Users/sanjaykumar/Library/Developer/Xcode/DerivedData/SDKStatCaches.noindex/iphonesimulator26.5-23F81a-6cfe768891a92b912361537c460fe42b.sdkstatcache
    export SDK_VERSION\=26.5
    export SDK_VERSION_ACTUAL\=260500
    export SDK_VERSION_MAJOR\=260000
    export SDK_VERSION_MINOR\=260500
    export SED\=/usr/bin/sed
    export SEPARATE_STRIP\=NO
    export SEPARATE_SYMBOL_EDIT\=NO
    export SET_DIR_MODE_OWNER_GROUP\=YES
    export SET_FILE_MODE_OWNER_GROUP\=NO
    export SHALLOW_BUNDLE\=YES
    export SHALLOW_BUNDLE_TRIPLE\=ios-simulator
    export SHALLOW_BUNDLE_ios_macabi\=NO
    export SHALLOW_BUNDLE_macos\=NO
    export SHARED_DERIVED_FILE_DIR\=/Users/sanjaykumar/Library/Developer/Xcode/DerivedData/VideoCallApp-evcapdoyusxvykgansyblgyjxatu/Build/Products/Debug-iphonesimulator/DerivedSources
    export SHARED_FRAMEWORKS_FOLDER_PATH\=VideoCallApp.app/SharedFrameworks
    export SHARED_PRECOMPS_DIR\=/Users/sanjaykumar/Library/Developer/Xcode/DerivedData/VideoCallApp-evcapdoyusxvykgansyblgyjxatu/Build/Intermediates.noindex/PrecompiledHeaders
    export SHARED_SUPPORT_FOLDER_PATH\=VideoCallApp.app/SharedSupport
    export SKIP_INSTALL\=NO
    export SKIP_MERGEABLE_LIBRARY_BUNDLE_HOOK\=NO
    export SOURCE_ROOT\=/Users/sanjaykumar/Desktop/Newfolder/VideoCallApp/ios
    export SRCROOT\=/Users/sanjaykumar/Desktop/Newfolder/VideoCallApp/ios
    export STRINGSDATA_DIR\=/Users/sanjaykumar/Library/Developer/Xcode/DerivedData/VideoCallApp-evcapdoyusxvykgansyblgyjxatu/Build/Intermediates.noindex/VideoCallApp.build/Debug-iphonesimulator/VideoCallApp.build/Objects-normal/undefined_arch
    export STRINGSDATA_ROOT\=/Users/sanjaykumar/Library/Developer/Xcode/DerivedData/VideoCallApp-evcapdoyusxvykgansyblgyjxatu/Build/Intermediates.noindex/VideoCallApp.build/Debug-iphonesimulator/VideoCallApp.build
    export STRINGS_FILE_INFOPLIST_RENAME\=YES
    export STRINGS_FILE_OUTPUT_ENCODING\=binary
    export STRING_CATALOG_GENERATE_SYMBOLS\=NO
    export STRIP_BITCODE_FROM_COPIED_FILES\=NO
    export STRIP_INSTALLED_PRODUCT\=NO
    export STRIP_STYLE\=all
    export STRIP_SWIFT_SYMBOLS\=YES
    export SUPPORTED_DEVICE_FAMILIES\=1,2
    export SUPPORTED_PLATFORMS\=iphoneos\ iphonesimulator
    export SUPPORTS_MACCATALYST\=NO
    export SUPPORTS_ON_DEMAND_RESOURCES\=YES
    export SUPPORTS_TEXT_BASED_API\=NO
    export SUPPRESS_WARNINGS\=NO
    export SWIFT_ACTIVE_COMPILATION_CONDITIONS\=\ DEBUG
    export SWIFT_EMIT_CONST_VALUE_PROTOCOLS\=AnyResolverProviding\ AppEntity\ AppEnum\ AppExtension\ AppIntent\ AppIntentsPackage\ AppShortcutProviding\ AppShortcutsProvider\ AppUnionValue\ AppUnionValueCasesProviding\ DynamicOptionsProvider\ EntityQuery\ ExtensionPointDefining\ IntentValueQuery\ Resolver\ TransientEntity\ _AssistantIntentsProvider\ _GenerativeFunctionExtractable\ _IntentValueRepresentable
    export SWIFT_EMIT_LOC_STRINGS\=NO
    export SWIFT_ENABLE_EXPLICIT_MODULES\=YES
    export SWIFT_INCLUDE_PATHS\=/Users/sanjaykumar/Library/Developer/Xcode/DerivedData/VideoCallApp-evcapdoyusxvykgansyblgyjxatu/Build/Products/Debug-iphonesimulator\ \ \"/Users/sanjaykumar/Library/Developer/Xcode/DerivedData/VideoCallApp-evcapdoyusxvykgansyblgyjxatu/Build/Products/Debug-iphonesimulator/SwiftUIIntrospect\"\ \"/Users/sanjaykumar/Library/Developer/Xcode/DerivedData/VideoCallApp-evcapdoyusxvykgansyblgyjxatu/Build/Products/Debug-iphonesimulator/react-native-bottom-tabs\"
    export SWIFT_OPTIMIZATION_LEVEL\=-Onone
    export SWIFT_PLATFORM_TARGET_PREFIX\=ios
    export SWIFT_RESPONSE_FILE_PATH_normal_arm64\=/Users/sanjaykumar/Library/Developer/Xcode/DerivedData/VideoCallApp-evcapdoyusxvykgansyblgyjxatu/Build/Intermediates.noindex/VideoCallApp.build/Debug-iphonesimulator/VideoCallApp.build/Objects-normal/arm64/VideoCallApp.SwiftFileList
    export SWIFT_RESPONSE_FILE_PATH_normal_x86_64\=/Users/sanjaykumar/Library/Developer/Xcode/DerivedData/VideoCallApp-evcapdoyusxvykgansyblgyjxatu/Build/Intermediates.noindex/VideoCallApp.build/Debug-iphonesimulator/VideoCallApp.build/Objects-normal/x86_64/VideoCallApp.SwiftFileList
    export SWIFT_VERSION\=5.0
    export SYMROOT\=/Users/sanjaykumar/Library/Developer/Xcode/DerivedData/VideoCallApp-evcapdoyusxvykgansyblgyjxatu/Build/Products
    export SYSTEM_ADMIN_APPS_DIR\=/Applications/Utilities
    export SYSTEM_APPS_DIR\=/Applications
    export SYSTEM_CORE_SERVICES_DIR\=/System/Library/CoreServices
    export SYSTEM_DEMOS_DIR\=/Applications/Extras
    export SYSTEM_DEVELOPER_APPS_DIR\=/Applications/Xcode.app/Contents/Developer/Applications
    export SYSTEM_DEVELOPER_BIN_DIR\=/Applications/Xcode.app/Contents/Developer/usr/bin
    export SYSTEM_DEVELOPER_DEMOS_DIR\=/Applications/Xcode.app/Contents/Developer/Applications/Utilities/Built\ Examples
    export SYSTEM_DEVELOPER_DIR\=/Applications/Xcode.app/Contents/Developer
    export SYSTEM_DEVELOPER_DOC_DIR\=/Applications/Xcode.app/Contents/Developer/ADC\ Reference\ Library
    export SYSTEM_DEVELOPER_GRAPHICS_TOOLS_DIR\=/Applications/Xcode.app/Contents/Developer/Applications/Graphics\ Tools
    export SYSTEM_DEVELOPER_JAVA_TOOLS_DIR\=/Applications/Xcode.app/Contents/Developer/Applications/Java\ Tools
    export SYSTEM_DEVELOPER_PERFORMANCE_TOOLS_DIR\=/Applications/Xcode.app/Contents/Developer/Applications/Performance\ Tools
    export SYSTEM_DEVELOPER_RELEASENOTES_DIR\=/Applications/Xcode.app/Contents/Developer/ADC\ Reference\ Library/releasenotes
    export SYSTEM_DEVELOPER_TOOLS\=/Applications/Xcode.app/Contents/Developer/Tools
    export SYSTEM_DEVELOPER_TOOLS_DOC_DIR\=/Applications/Xcode.app/Contents/Developer/ADC\ Reference\ Library/documentation/DeveloperTools
    export SYSTEM_DEVELOPER_TOOLS_RELEASENOTES_DIR\=/Applications/Xcode.app/Contents/Developer/ADC\ Reference\ Library/releasenotes/DeveloperTools
    export SYSTEM_DEVELOPER_USR_DIR\=/Applications/Xcode.app/Contents/Developer/usr
    export SYSTEM_DEVELOPER_UTILITIES_DIR\=/Applications/Xcode.app/Contents/Developer/Applications/Utilities
    export SYSTEM_DEXT_INSTALL_PATH\=/System/Library/DriverExtensions
    export SYSTEM_DOCUMENTATION_DIR\=/Library/Documentation
    export SYSTEM_EXTENSIONS_FOLDER_PATH\=VideoCallApp.app/SystemExtensions
    export SYSTEM_EXTENSIONS_FOLDER_PATH_SHALLOW_BUNDLE_NO\=VideoCallApp.app/Library/SystemExtensions
    export SYSTEM_EXTENSIONS_FOLDER_PATH_SHALLOW_BUNDLE_YES\=VideoCallApp.app/SystemExtensions
    export SYSTEM_KEXT_INSTALL_PATH\=/System/Library/Extensions
    export SYSTEM_LIBRARY_DIR\=/System/Library
    export TAPI_DEMANGLE\=YES
    export TAPI_ENABLE_PROJECT_HEADERS\=NO
    export TAPI_LANGUAGE\=objective-c
    export TAPI_LANGUAGE_STANDARD\=compiler-default
    export TAPI_USE_SRCROOT\=YES
    export TAPI_VERIFY_MODE\=Pedantic
    export TARGETED_DEVICE_FAMILY\=1,2
    export TARGETNAME\=VideoCallApp
    export TARGET_BUILD_DIR\=/Users/sanjaykumar/Library/Developer/Xcode/DerivedData/VideoCallApp-evcapdoyusxvykgansyblgyjxatu/Build/Products/Debug-iphonesimulator
    export TARGET_NAME\=VideoCallApp
    export TARGET_TEMP_DIR\=/Users/sanjaykumar/Library/Developer/Xcode/DerivedData/VideoCallApp-evcapdoyusxvykgansyblgyjxatu/Build/Intermediates.noindex/VideoCallApp.build/Debug-iphonesimulator/VideoCallApp.build
    export TEMP_DIR\=/Users/sanjaykumar/Library/Developer/Xcode/DerivedData/VideoCallApp-evcapdoyusxvykgansyblgyjxatu/Build/Intermediates.noindex/VideoCallApp.build/Debug-iphonesimulator/VideoCallApp.build
    export TEMP_FILES_DIR\=/Users/sanjaykumar/Library/Developer/Xcode/DerivedData/VideoCallApp-evcapdoyusxvykgansyblgyjxatu/Build/Intermediates.noindex/VideoCallApp.build/Debug-iphonesimulator/VideoCallApp.build
    export TEMP_FILE_DIR\=/Users/sanjaykumar/Library/Developer/Xcode/DerivedData/VideoCallApp-evcapdoyusxvykgansyblgyjxatu/Build/Intermediates.noindex/VideoCallApp.build/Debug-iphonesimulator/VideoCallApp.build
    export TEMP_ROOT\=/Users/sanjaykumar/Library/Developer/Xcode/DerivedData/VideoCallApp-evcapdoyusxvykgansyblgyjxatu/Build/Intermediates.noindex
    export TEMP_SANDBOX_DIR\=/Users/sanjaykumar/Library/Developer/Xcode/DerivedData/VideoCallApp-evcapdoyusxvykgansyblgyjxatu/Build/Intermediates.noindex/TemporaryTaskSandboxes
    export TEST_FRAMEWORK_SEARCH_PATHS\=\ /Applications/Xcode.app/Contents/Developer/Platforms/iPhoneSimulator.platform/Developer/Library/Frameworks\ /Applications/Xcode.app/Contents/Developer/Platforms/iPhoneSimulator.platform/Developer/SDKs/iPhoneSimulator26.5.sdk/Developer/Library/Frameworks
    export TEST_LIBRARY_SEARCH_PATHS\=\ /Applications/Xcode.app/Contents/Developer/Platforms/iPhoneSimulator.platform/Developer/usr/lib
    export TOOLCHAINS\=com.apple.dt.toolchain.XcodeDefault
    export TOOLCHAIN_DIR\=/Applications/Xcode.app/Contents/Developer/Toolchains/XcodeDefault.xctoolchain
    export TREAT_MISSING_BASELINES_AS_TEST_FAILURES\=NO
    export TREAT_MISSING_SCRIPT_PHASE_OUTPUTS_AS_ERRORS\=NO
    export TeamIdentifierPrefix\=B3S2DQ837L.
    export UID\=501
    export UNINSTALLED_PRODUCTS_DIR\=/Users/sanjaykumar/Library/Developer/Xcode/DerivedData/VideoCallApp-evcapdoyusxvykgansyblgyjxatu/Build/Intermediates.noindex/UninstalledProducts
    export UNLOCALIZED_RESOURCES_FOLDER_PATH\=VideoCallApp.app
    export UNLOCALIZED_RESOURCES_FOLDER_PATH_SHALLOW_BUNDLE_NO\=VideoCallApp.app/Resources
    export UNLOCALIZED_RESOURCES_FOLDER_PATH_SHALLOW_BUNDLE_YES\=VideoCallApp.app
    export UNSTRIPPED_PRODUCT\=NO
    export USER\=sanjaykumar
    export USER_APPS_DIR\=/Users/sanjaykumar/Applications
    export USER_LIBRARY_DIR\=/Users/sanjaykumar/Library
    export USE_DYNAMIC_NO_PIC\=YES
    export USE_HEADERMAP\=YES
    export USE_HEADER_SYMLINKS\=NO
    export USE_HERMES\=true
    export USE_RECURSIVE_SCRIPT_INPUTS_IN_SCRIPT_PHASES\=YES
    export VALIDATE_DEVELOPMENT_ASSET_PATHS\=YES_ERROR
    export VALIDATE_PRODUCT\=NO
    export VALID_ARCHS\=arm64\ x86_64
    export VERBOSE_PBXCP\=NO
    export VERSIONING_SYSTEM\=apple-generic
    export VERSIONPLIST_PATH\=VideoCallApp.app/version.plist
    export VERSION_INFO_BUILDER\=sanjaykumar
    export VERSION_INFO_FILE\=VideoCallApp_vers.c
    export VERSION_INFO_STRING\=\"@\(\#\)PROGRAM:VideoCallApp\ \ PROJECT:VideoCallApp-1\"
    export WARNING_CFLAGS\=-Wno-comma\ -Wno-shorten-64-to-32
    export WORKSPACE_DIR\=/Users/sanjaykumar/Desktop/Newfolder/VideoCallApp/ios
    export WRAPPER_EXTENSION\=app
    export WRAPPER_NAME\=VideoCallApp.app
    export WRAPPER_SUFFIX\=.app
    export WRAP_ASSET_PACKS_IN_SEPARATE_DIRECTORIES\=NO
    export XCODE_APP_SUPPORT_DIR\=/Applications/Xcode.app/Contents/Developer/Library/Xcode
    export XCODE_PRODUCT_BUILD_VERSION\=17F113
    export XCODE_VERSION_ACTUAL\=2660
    export XCODE_VERSION_MAJOR\=2600
    export XCODE_VERSION_MINOR\=2660
    export XPCSERVICES_FOLDER_PATH\=VideoCallApp.app/XPCServices
    export YACC\=yacc
    export _DISCOVER_COMMAND_LINE_LINKER_INPUTS\=YES
    export _DISCOVER_COMMAND_LINE_LINKER_INPUTS_INCLUDE_WL\=YES
    export _LD_MULTIARCH\=YES
    export _WRAPPER_CONTENTS_DIR_SHALLOW_BUNDLE_NO\=/Contents
    export _WRAPPER_PARENT_PATH_SHALLOW_BUNDLE_NO\=/..
    export _WRAPPER_RESOURCES_DIR_SHALLOW_BUNDLE_NO\=/Resources
    export __DIAGNOSE_DEPRECATED_ARCHS\=YES
    export __IS_NOT_MACOS\=YES
    export __IS_NOT_MACOS_macosx\=NO
    export __IS_NOT_SIMULATOR\=NO
    export __IS_NOT_SIMULATOR_simulator\=NO
    export __ORIGINAL_SDK_DEFINED_LLVM_TARGET_TRIPLE_SYS\=ios
    export arch\=undefined_arch
    export variant\=normal
    /bin/sh -c /Users/sanjaykumar/Library/Developer/Xcode/DerivedData/VideoCallApp-evcapdoyusxvykgansyblgyjxatu/Build/Intermediates.noindex/VideoCallApp.build/Debug-iphonesimulator/VideoCallApp.build/Script-00DD1BFF1BD5951E006B06BC.sh
Node found at: /opt/homebrew/Cellar/node/25.2.1/bin/node
+ DEST=/Users/sanjaykumar/Library/Developer/Xcode/DerivedData/VideoCallApp-evcapdoyusxvykgansyblgyjxatu/Build/Products/Debug-iphonesimulator/VideoCallApp.app
+ [[ ! -n '' ]]
+ [[ Debug = *Debug* ]]
+ [[ ! iphonesimulator == *simulator ]]
+ [[ -n '' ]]
+ case "$CONFIGURATION" in
+ [[ iphonesimulator == *simulator ]]
+ [[ -n '' ]]
+ echo 'Skipping bundling in Debug for the Simulator (since the packager bundles for you). Use the FORCE_BUNDLING flag to change this behavior.'
Skipping bundling in Debug for the Simulator (since the packager bundles for you). Use the FORCE_BUNDLING flag to change this behavior.
+ exit 0

PhaseScriptExecution [CP]\ Embed\ Pods\ Frameworks /Users/sanjaykumar/Library/Developer/Xcode/DerivedData/VideoCallApp-evcapdoyusxvykgansyblgyjxatu/Build/Intermediates.noindex/VideoCallApp.build/Debug-iphonesimulator/VideoCallApp.build/Script-00EEFC60759A1932668264C0.sh (in target 'VideoCallApp' from project 'VideoCallApp')
    cd /Users/sanjaykumar/Desktop/Newfolder/VideoCallApp/ios
    /bin/sh -c /Users/sanjaykumar/Library/Developer/Xcode/DerivedData/VideoCallApp-evcapdoyusxvykgansyblgyjxatu/Build/Intermediates.noindex/VideoCallApp.build/Debug-iphonesimulator/VideoCallApp.build/Script-00EEFC60759A1932668264C0.sh
mkdir -p /Users/sanjaykumar/Library/Developer/Xcode/DerivedData/VideoCallApp-evcapdoyusxvykgansyblgyjxatu/Build/Products/Debug-iphonesimulator/VideoCallApp.app/Frameworks
rsync --delete -av --filter P .*.?????? --links --filter "- CVS/" --filter "- .svn/" --filter "- .git/" --filter "- .hg/" --filter "- Headers" --filter "- PrivateHeaders" --filter "- Modules" "/Users/sanjaykumar/Library/Developer/Xcode/DerivedData/VideoCallApp-evcapdoyusxvykgansyblgyjxatu/Build/Products/Debug-iphonesimulator/XCFrameworkIntermediates/React-Core-prebuilt/React.framework" "/Users/sanjaykumar/Library/Developer/Xcode/DerivedData/VideoCallApp-evcapdoyusxvykgansyblgyjxatu/Build/Products/Debug-iphonesimulator/VideoCallApp.app/Frameworks"
Transfer starting: 118 files
React.framework/
React.framework/Info.plist
React.framework/PrivacyInfo.xcprivacy
React.framework/React
React.framework/RCTI18nStrings.bundle/
React.framework/RCTI18nStrings.bundle/Info.plist
React.framework/RCTI18nStrings.bundle/ar.lproj/
React.framework/RCTI18nStrings.bundle/ar.lproj/Localizable.strings
React.framework/RCTI18nStrings.bundle/ar.lproj/fbt_language_pack.bin
React.framework/RCTI18nStrings.bundle/cs.lproj/
React.framework/RCTI18nStrings.bundle/cs.lproj/Localizable.strings
React.framework/RCTI18nStrings.bundle/cs.lproj/fbt_language_pack.bin
React.framework/RCTI18nStrings.bundle/da.lproj/
React.framework/RCTI18nStrings.bundle/da.lproj/Localizable.strings
React.framework/RCTI18nStrings.bundle/da.lproj/fbt_language_pack.bin
React.framework/RCTI18nStrings.bundle/de.lproj/
React.framework/RCTI18nStrings.bundle/de.lproj/Localizable.strings
React.framework/RCTI18nStrings.bundle/de.lproj/fbt_language_pack.bin
React.framework/RCTI18nStrings.bundle/el.lproj/
React.framework/RCTI18nStrings.bundle/el.lproj/Localizable.strings
React.framework/RCTI18nStrings.bundle/el.lproj/fbt_language_pack.bin
React.framework/RCTI18nStrings.bundle/en-GB.lproj/
React.framework/RCTI18nStrings.bundle/en-GB.lproj/Localizable.strings
React.framework/RCTI18nStrings.bundle/en-GB.lproj/fbt_language_pack.bin
React.framework/RCTI18nStrings.bundle/en.lproj/
React.framework/RCTI18nStrings.bundle/en.lproj/Localizable.strings
React.framework/RCTI18nStrings.bundle/es-ES.lproj/
React.framework/RCTI18nStrings.bundle/es-ES.lproj/Localizable.strings
React.framework/RCTI18nStrings.bundle/es-ES.lproj/fbt_language_pack.bin
React.framework/RCTI18nStrings.bundle/es.lproj/
React.framework/RCTI18nStrings.bundle/es.lproj/Localizable.strings
React.framework/RCTI18nStrings.bundle/es.lproj/fbt_language_pack.bin
React.framework/RCTI18nStrings.bundle/fi.lproj/
React.framework/RCTI18nStrings.bundle/fi.lproj/Localizable.strings
React.framework/RCTI18nStrings.bundle/fi.lproj/fbt_language_pack.bin
React.framework/RCTI18nStrings.bundle/fr.lproj/
React.framework/RCTI18nStrings.bundle/fr.lproj/Localizable.strings
React.framework/RCTI18nStrings.bundle/fr.lproj/fbt_language_pack.bin
React.framework/RCTI18nStrings.bundle/he.lproj/
React.framework/RCTI18nStrings.bundle/he.lproj/Localizable.strings
React.framework/RCTI18nStrings.bundle/he.lproj/fbt_language_pack.bin
React.framework/RCTI18nStrings.bundle/hi.lproj/
React.framework/RCTI18nStrings.bundle/hi.lproj/Localizable.strings
React.framework/RCTI18nStrings.bundle/hi.lproj/fbt_language_pack.bin
React.framework/RCTI18nStrings.bundle/hr.lproj/
React.framework/RCTI18nStrings.bundle/hr.lproj/Localizable.strings
React.framework/RCTI18nStrings.bundle/hr.lproj/fbt_language_pack.bin
React.framework/RCTI18nStrings.bundle/hu.lproj/
React.framework/RCTI18nStrings.bundle/hu.lproj/Localizable.strings
React.framework/RCTI18nStrings.bundle/hu.lproj/fbt_language_pack.bin
React.framework/RCTI18nStrings.bundle/id.lproj/
React.framework/RCTI18nStrings.bundle/id.lproj/Localizable.strings
React.framework/RCTI18nStrings.bundle/id.lproj/fbt_language_pack.bin
React.framework/RCTI18nStrings.bundle/it.lproj/
React.framework/RCTI18nStrings.bundle/it.lproj/Localizable.strings
React.framework/RCTI18nStrings.bundle/it.lproj/fbt_language_pack.bin
React.framework/RCTI18nStrings.bundle/ja.lproj/
React.framework/RCTI18nStrings.bundle/ja.lproj/Localizable.strings
React.framework/RCTI18nStrings.bundle/ja.lproj/fbt_language_pack.bin
React.framework/RCTI18nStrings.bundle/ko.lproj/
React.framework/RCTI18nStrings.bundle/ko.lproj/Localizable.strings
React.framework/RCTI18nStrings.bundle/ko.lproj/fbt_language_pack.bin
React.framework/RCTI18nStrings.bundle/ms.lproj/
React.framework/RCTI18nStrings.bundle/ms.lproj/Localizable.strings
React.framework/RCTI18nStrings.bundle/ms.lproj/fbt_language_pack.bin
React.framework/RCTI18nStrings.bundle/nb.lproj/
React.framework/RCTI18nStrings.bundle/nb.lproj/Localizable.strings
React.framework/RCTI18nStrings.bundle/nb.lproj/fbt_language_pack.bin
React.framework/RCTI18nStrings.bundle/nl.lproj/
React.framework/RCTI18nStrings.bundle/nl.lproj/Localizable.strings
React.framework/RCTI18nStrings.bundle/nl.lproj/fbt_language_pack.bin
React.framework/RCTI18nStrings.bundle/pl.lproj/
React.framework/RCTI18nStrings.bundle/pl.lproj/Localizable.strings
React.framework/RCTI18nStrings.bundle/pl.lproj/fbt_language_pack.bin
React.framework/RCTI18nStrings.bundle/pt-PT.lproj/
React.framework/RCTI18nStrings.bundle/pt-PT.lproj/Localizable.strings
React.framework/RCTI18nStrings.bundle/pt-PT.lproj/fbt_language_pack.bin
React.framework/RCTI18nStrings.bundle/pt.lproj/
React.framework/RCTI18nStrings.bundle/pt.lproj/Localizable.strings
React.framework/RCTI18nStrings.bundle/pt.lproj/fbt_language_pack.bin
React.framework/RCTI18nStrings.bundle/ro.lproj/
React.framework/RCTI18nStrings.bundle/ro.lproj/Localizable.strings
React.framework/RCTI18nStrings.bundle/ro.lproj/fbt_language_pack.bin
React.framework/RCTI18nStrings.bundle/ru.lproj/
React.framework/RCTI18nStrings.bundle/ru.lproj/Localizable.strings
React.framework/RCTI18nStrings.bundle/ru.lproj/fbt_language_pack.bin
React.framework/RCTI18nStrings.bundle/sk.lproj/
React.framework/RCTI18nStrings.bundle/sk.lproj/Localizable.strings
React.framework/RCTI18nStrings.bundle/sk.lproj/fbt_language_pack.bin
React.framework/RCTI18nStrings.bundle/sv.lproj/
React.framework/RCTI18nStrings.bundle/sv.lproj/Localizable.strings
React.framework/RCTI18nStrings.bundle/sv.lproj/fbt_language_pack.bin
React.framework/RCTI18nStrings.bundle/th.lproj/
React.framework/RCTI18nStrings.bundle/th.lproj/Localizable.strings
React.framework/RCTI18nStrings.bundle/th.lproj/fbt_language_pack.bin
React.framework/RCTI18nStrings.bundle/tr.lproj/
React.framework/RCTI18nStrings.bundle/tr.lproj/Localizable.strings
React.framework/RCTI18nStrings.bundle/tr.lproj/fbt_language_pack.bin
React.framework/RCTI18nStrings.bundle/uk.lproj/
React.framework/RCTI18nStrings.bundle/uk.lproj/Localizable.strings
React.framework/RCTI18nStrings.bundle/uk.lproj/fbt_language_pack.bin
React.framework/RCTI18nStrings.bundle/vi.lproj/
React.framework/RCTI18nStrings.bundle/vi.lproj/Localizable.strings
React.framework/RCTI18nStrings.bundle/vi.lproj/fbt_language_pack.bin
React.framework/RCTI18nStrings.bundle/zh-Hans.lproj/
React.framework/RCTI18nStrings.bundle/zh-Hans.lproj/Localizable.strings
React.framework/RCTI18nStrings.bundle/zh-Hans.lproj/fbt_language_pack.bin
React.framework/RCTI18nStrings.bundle/zh-Hant-HK.lproj/
React.framework/RCTI18nStrings.bundle/zh-Hant-HK.lproj/Localizable.strings
React.framework/RCTI18nStrings.bundle/zh-Hant-HK.lproj/fbt_language_pack.bin
React.framework/RCTI18nStrings.bundle/zh-Hant.lproj/
React.framework/RCTI18nStrings.bundle/zh-Hant.lproj/Localizable.strings
React.framework/RCTI18nStrings.bundle/zh-Hant.lproj/fbt_language_pack.bin
React.framework/RCTI18nStrings.bundle/zu.lproj/
React.framework/RCTI18nStrings.bundle/zu.lproj/Localizable.strings
React.framework/RCTI18nStrings.bundle/zu.lproj/fbt_language_pack.bin
React.framework/_CodeSignature/
React.framework/_CodeSignature/CodeResources

sent 139533274 bytes  received 1976 bytes  228708818 bytes/sec
total size is 139502383  speedup is 1.00
Code Signing /Users/sanjaykumar/Library/Developer/Xcode/DerivedData/VideoCallApp-evcapdoyusxvykgansyblgyjxatu/Build/Products/Debug-iphonesimulator/VideoCallApp.app/Frameworks/React.framework with Identity Sign to Run Locally
/usr/bin/codesign --force --sign -  --preserve-metadata=identifier,entitlements '/Users/sanjaykumar/Library/Developer/Xcode/DerivedData/VideoCallApp-evcapdoyusxvykgansyblgyjxatu/Build/Products/Debug-iphonesimulator/VideoCallApp.app/Frameworks/React.framework'
/Users/sanjaykumar/Library/Developer/Xcode/DerivedData/VideoCallApp-evcapdoyusxvykgansyblgyjxatu/Build/Products/Debug-iphonesimulator/VideoCallApp.app/Frameworks/React.framework: replacing existing signature
rsync --delete -av --filter P .*.?????? --links --filter "- CVS/" --filter "- .svn/" --filter "- .git/" --filter "- .hg/" --filter "- Headers" --filter "- PrivateHeaders" --filter "- Modules" "/Users/sanjaykumar/Library/Developer/Xcode/DerivedData/VideoCallApp-evcapdoyusxvykgansyblgyjxatu/Build/Products/Debug-iphonesimulator/XCFrameworkIntermediates/ReactNativeDependencies/ReactNativeDependencies.framework" "/Users/sanjaykumar/Library/Developer/Xcode/DerivedData/VideoCallApp-evcapdoyusxvykgansyblgyjxatu/Build/Products/Debug-iphonesimulator/VideoCallApp.app/Frameworks"
Transfer starting: 41 files
ReactNativeDependencies.framework/
ReactNativeDependencies.framework/Info.plist
ReactNativeDependencies.framework/ReactNativeDependencies
ReactNativeDependencies.framework/ReactNativeDependencies_SocketRocket.bundle/
ReactNativeDependencies.framework/ReactNativeDependencies_SocketRocket.bundle/Info.plist
ReactNativeDependencies.framework/ReactNativeDependencies_SocketRocket.bundle/PrivacyInfo.xcprivacy
ReactNativeDependencies.framework/ReactNativeDependencies_SocketRocket.bundle/_CodeSignature/
ReactNativeDependencies.framework/ReactNativeDependencies_SocketRocket.bundle/_CodeSignature/CodeDirectory
ReactNativeDependencies.framework/ReactNativeDependencies_SocketRocket.bundle/_CodeSignature/CodeRequirements
ReactNativeDependencies.framework/ReactNativeDependencies_SocketRocket.bundle/_CodeSignature/CodeRequirements-1
ReactNativeDependencies.framework/ReactNativeDependencies_SocketRocket.bundle/_CodeSignature/CodeResources
ReactNativeDependencies.framework/ReactNativeDependencies_SocketRocket.bundle/_CodeSignature/CodeSignature
ReactNativeDependencies.framework/ReactNativeDependencies_boost.bundle/
ReactNativeDependencies.framework/ReactNativeDependencies_boost.bundle/Info.plist
ReactNativeDependencies.framework/ReactNativeDependencies_boost.bundle/PrivacyInfo.xcprivacy
ReactNativeDependencies.framework/ReactNativeDependencies_boost.bundle/_CodeSignature/
ReactNativeDependencies.framework/ReactNativeDependencies_boost.bundle/_CodeSignature/CodeDirectory
ReactNativeDependencies.framework/ReactNativeDependencies_boost.bundle/_CodeSignature/CodeRequirements
ReactNativeDependencies.framework/ReactNativeDependencies_boost.bundle/_CodeSignature/CodeRequirements-1
ReactNativeDependencies.framework/ReactNativeDependencies_boost.bundle/_CodeSignature/CodeResources
ReactNativeDependencies.framework/ReactNativeDependencies_boost.bundle/_CodeSignature/CodeSignature
ReactNativeDependencies.framework/ReactNativeDependencies_folly.bundle/
ReactNativeDependencies.framework/ReactNativeDependencies_folly.bundle/Info.plist
ReactNativeDependencies.framework/ReactNativeDependencies_folly.bundle/PrivacyInfo.xcprivacy
ReactNativeDependencies.framework/ReactNativeDependencies_folly.bundle/_CodeSignature/
ReactNativeDependencies.framework/ReactNativeDependencies_folly.bundle/_CodeSignature/CodeDirectory
ReactNativeDependencies.framework/ReactNativeDependencies_folly.bundle/_CodeSignature/CodeRequirements
ReactNativeDependencies.framework/ReactNativeDependencies_folly.bundle/_CodeSignature/CodeRequirements-1
ReactNativeDependencies.framework/ReactNativeDependencies_folly.bundle/_CodeSignature/CodeResources
ReactNativeDependencies.framework/ReactNativeDependencies_folly.bundle/_CodeSignature/CodeSignature
ReactNativeDependencies.framework/ReactNativeDependencies_glog.bundle/
ReactNativeDependencies.framework/ReactNativeDependencies_glog.bundle/Info.plist
ReactNativeDependencies.framework/ReactNativeDependencies_glog.bundle/PrivacyInfo.xcprivacy
ReactNativeDependencies.framework/ReactNativeDependencies_glog.bundle/_CodeSignature/
ReactNativeDependencies.framework/ReactNativeDependencies_glog.bundle/_CodeSignature/CodeDirectory
ReactNativeDependencies.framework/ReactNativeDependencies_glog.bundle/_CodeSignature/CodeRequirements
ReactNativeDependencies.framework/ReactNativeDependencies_glog.bundle/_CodeSignature/CodeRequirements-1
ReactNativeDependencies.framework/ReactNativeDependencies_glog.bundle/_CodeSignature/CodeResources
ReactNativeDependencies.framework/ReactNativeDependencies_glog.bundle/_CodeSignature/CodeSignature
ReactNativeDependencies.framework/_CodeSignature/
ReactNativeDependencies.framework/_CodeSignature/CodeResources

sent 6990544 bytes  received 762 bytes  178805780 bytes/sec
total size is 6983417  speedup is 1.00
Code Signing /Users/sanjaykumar/Library/Developer/Xcode/DerivedData/VideoCallApp-evcapdoyusxvykgansyblgyjxatu/Build/Products/Debug-iphonesimulator/VideoCallApp.app/Frameworks/ReactNativeDependencies.framework with Identity Sign to Run Locally
/usr/bin/codesign --force --sign -  --preserve-metadata=identifier,entitlements '/Users/sanjaykumar/Library/Developer/Xcode/DerivedData/VideoCallApp-evcapdoyusxvykgansyblgyjxatu/Build/Products/Debug-iphonesimulator/VideoCallApp.app/Frameworks/ReactNativeDependencies.framework'
/Users/sanjaykumar/Library/Developer/Xcode/DerivedData/VideoCallApp-evcapdoyusxvykgansyblgyjxatu/Build/Products/Debug-iphonesimulator/VideoCallApp.app/Frameworks/ReactNativeDependencies.framework: replacing existing signature
rsync --delete -av --filter P .*.?????? --links --filter "- CVS/" --filter "- .svn/" --filter "- .git/" --filter "- .hg/" --filter "- Headers" --filter "- PrivateHeaders" --filter "- Modules" "/Users/sanjaykumar/Library/Developer/Xcode/DerivedData/VideoCallApp-evcapdoyusxvykgansyblgyjxatu/Build/Products/Debug-iphonesimulator/XCFrameworkIntermediates/hermes-engine/Pre-built/hermesvm.framework" "/Users/sanjaykumar/Library/Developer/Xcode/DerivedData/VideoCallApp-evcapdoyusxvykgansyblgyjxatu/Build/Products/Debug-iphonesimulator/VideoCallApp.app/Frameworks"
Transfer starting: 3 files
hermesvm.framework/
hermesvm.framework/Info.plist
hermesvm.framework/hermesvm

sent 12243527 bytes  received 70 bytes  235001861 bytes/sec
total size is 12241626  speedup is 1.00
Code Signing /Users/sanjaykumar/Library/Developer/Xcode/DerivedData/VideoCallApp-evcapdoyusxvykgansyblgyjxatu/Build/Products/Debug-iphonesimulator/VideoCallApp.app/Frameworks/hermesvm.framework with Identity Sign to Run Locally
/usr/bin/codesign --force --sign -  --preserve-metadata=identifier,entitlements '/Users/sanjaykumar/Library/Developer/Xcode/DerivedData/VideoCallApp-evcapdoyusxvykgansyblgyjxatu/Build/Products/Debug-iphonesimulator/VideoCallApp.app/Frameworks/hermesvm.framework'
/Users/sanjaykumar/Library/Developer/Xcode/DerivedData/VideoCallApp-evcapdoyusxvykgansyblgyjxatu/Build/Products/Debug-iphonesimulator/VideoCallApp.app/Frameworks/hermesvm.framework: replacing existing signature

PhaseScriptExecution [CP]\ Copy\ Pods\ Resources /Users/sanjaykumar/Library/Developer/Xcode/DerivedData/VideoCallApp-evcapdoyusxvykgansyblgyjxatu/Build/Intermediates.noindex/VideoCallApp.build/Debug-iphonesimulator/VideoCallApp.build/Script-E235C05ADACE081382539298.sh (in target 'VideoCallApp' from project 'VideoCallApp')
    cd /Users/sanjaykumar/Desktop/Newfolder/VideoCallApp/ios
    /bin/sh -c /Users/sanjaykumar/Library/Developer/Xcode/DerivedData/VideoCallApp-evcapdoyusxvykgansyblgyjxatu/Build/Intermediates.noindex/VideoCallApp.build/Debug-iphonesimulator/VideoCallApp.build/Script-E235C05ADACE081382539298.sh
/Users/sanjaykumar/Library/Developer/Xcode/DerivedData/VideoCallApp-evcapdoyusxvykgansyblgyjxatu/Build/Products/Debug-iphonesimulator/React-cxxreact/React-cxxreact_privacy.bundle
/Users/sanjaykumar/Library/Developer/Xcode/DerivedData/VideoCallApp-evcapdoyusxvykgansyblgyjxatu/Build/Products/Debug-iphonesimulator/React-timing/React-timing_privacy.bundle
Transfer starting: 6 files
React-cxxreact_privacy.bundle/
React-cxxreact_privacy.bundle/Info.plist
React-cxxreact_privacy.bundle/PrivacyInfo.xcprivacy
React-timing_privacy.bundle/
React-timing_privacy.bundle/Info.plist
React-timing_privacy.bundle/PrivacyInfo.xcprivacy

sent 3280 bytes  received 120 bytes  3090909 bytes/sec
total size is 2645  speedup is 0.78

CopySwiftLibs /Users/sanjaykumar/Library/Developer/Xcode/DerivedData/VideoCallApp-evcapdoyusxvykgansyblgyjxatu/Build/Products/Debug-iphonesimulator/VideoCallApp.app (in target 'VideoCallApp' from project 'VideoCallApp')
    cd /Users/sanjaykumar/Desktop/Newfolder/VideoCallApp/ios
    builtin-swiftStdLibTool --copy --verbose --sign - --scan-executable /Users/sanjaykumar/Library/Developer/Xcode/DerivedData/VideoCallApp-evcapdoyusxvykgansyblgyjxatu/Build/Products/Debug-iphonesimulator/VideoCallApp.app/VideoCallApp.debug.dylib --scan-folder /Users/sanjaykumar/Library/Developer/Xcode/DerivedData/VideoCallApp-evcapdoyusxvykgansyblgyjxatu/Build/Products/Debug-iphonesimulator/VideoCallApp.app/Frameworks --scan-folder /Users/sanjaykumar/Library/Developer/Xcode/DerivedData/VideoCallApp-evcapdoyusxvykgansyblgyjxatu/Build/Products/Debug-iphonesimulator/VideoCallApp.app/PlugIns --scan-folder /Users/sanjaykumar/Library/Developer/Xcode/DerivedData/VideoCallApp-evcapdoyusxvykgansyblgyjxatu/Build/Products/Debug-iphonesimulator/VideoCallApp.app/SystemExtensions --scan-folder /Users/sanjaykumar/Library/Developer/Xcode/DerivedData/VideoCallApp-evcapdoyusxvykgansyblgyjxatu/Build/Products/Debug-iphonesimulator/VideoCallApp.app/Extensions --platform iphonesimulator --toolchain /Applications/Xcode.app/Contents/Developer/Toolchains/XcodeDefault.xctoolchain --destination /Users/sanjaykumar/Library/Developer/Xcode/DerivedData/VideoCallApp-evcapdoyusxvykgansyblgyjxatu/Build/Products/Debug-iphonesimulator/VideoCallApp.app/Frameworks --strip-bitcode --strip-bitcode-tool /Applications/Xcode.app/Contents/Developer/Toolchains/XcodeDefault.xctoolchain/usr/bin/bitcode_strip --emit-dependency-info /Users/sanjaykumar/Library/Developer/Xcode/DerivedData/VideoCallApp-evcapdoyusxvykgansyblgyjxatu/Build/Intermediates.noindex/VideoCallApp.build/Debug-iphonesimulator/VideoCallApp.build/SwiftStdLibToolInputDependencies.dep --filter-for-swift-os --back-deploy-swift-span

ExtractAppIntentsMetadata (in target 'VideoCallApp' from project 'VideoCallApp')
    cd /Users/sanjaykumar/Desktop/Newfolder/VideoCallApp/ios
    /Applications/Xcode.app/Contents/Developer/Toolchains/XcodeDefault.xctoolchain/usr/bin/appintentsmetadataprocessor --toolchain-dir /Applications/Xcode.app/Contents/Developer/Toolchains/XcodeDefault.xctoolchain --module-name VideoCallApp --sdk-root /Applications/Xcode.app/Contents/Developer/Platforms/iPhoneSimulator.platform/Developer/SDKs/iPhoneSimulator26.5.sdk --xcode-version 17F113 --platform-family iOS --deployment-target 15.1 --bundle-identifier org.reactjs.native.example.VideoCallApp --output /Users/sanjaykumar/Library/Developer/Xcode/DerivedData/VideoCallApp-evcapdoyusxvykgansyblgyjxatu/Build/Products/Debug-iphonesimulator/VideoCallApp.app --target-triple arm64-apple-ios15.1-simulator --target-triple x86_64-apple-ios15.1-simulator --binary-file /Users/sanjaykumar/Library/Developer/Xcode/DerivedData/VideoCallApp-evcapdoyusxvykgansyblgyjxatu/Build/Products/Debug-iphonesimulator/VideoCallApp.app/VideoCallApp --dependency-file /Users/sanjaykumar/Library/Developer/Xcode/DerivedData/VideoCallApp-evcapdoyusxvykgansyblgyjxatu/Build/Intermediates.noindex/VideoCallApp.build/Debug-iphonesimulator/VideoCallApp.build/Objects-normal/arm64/VideoCallApp_dependency_info.dat --dependency-file /Users/sanjaykumar/Library/Developer/Xcode/DerivedData/VideoCallApp-evcapdoyusxvykgansyblgyjxatu/Build/Intermediates.noindex/VideoCallApp.build/Debug-iphonesimulator/VideoCallApp.build/Objects-normal/x86_64/VideoCallApp_dependency_info.dat --stringsdata-file /Users/sanjaykumar/Library/Developer/Xcode/DerivedData/VideoCallApp-evcapdoyusxvykgansyblgyjxatu/Build/Intermediates.noindex/VideoCallApp.build/Debug-iphonesimulator/VideoCallApp.build/Objects-normal/arm64/ExtractedAppShortcutsMetadata.stringsdata --stringsdata-file /Users/sanjaykumar/Library/Developer/Xcode/DerivedData/VideoCallApp-evcapdoyusxvykgansyblgyjxatu/Build/Intermediates.noindex/VideoCallApp.build/Debug-iphonesimulator/VideoCallApp.build/Objects-normal/x86_64/ExtractedAppShortcutsMetadata.stringsdata --source-file-list /Users/sanjaykumar/Library/Developer/Xcode/DerivedData/VideoCallApp-evcapdoyusxvykgansyblgyjxatu/Build/Intermediates.noindex/VideoCallApp.build/Debug-iphonesimulator/VideoCallApp.build/Objects-normal/arm64/VideoCallApp.SwiftFileList --source-file-list /Users/sanjaykumar/Library/Developer/Xcode/DerivedData/VideoCallApp-evcapdoyusxvykgansyblgyjxatu/Build/Intermediates.noindex/VideoCallApp.build/Debug-iphonesimulator/VideoCallApp.build/Objects-normal/x86_64/VideoCallApp.SwiftFileList --metadata-file-list /Users/sanjaykumar/Library/Developer/Xcode/DerivedData/VideoCallApp-evcapdoyusxvykgansyblgyjxatu/Build/Intermediates.noindex/VideoCallApp.build/Debug-iphonesimulator/VideoCallApp.build/VideoCallApp.DependencyMetadataFileList --static-metadata-file-list /Users/sanjaykumar/Library/Developer/Xcode/DerivedData/VideoCallApp-evcapdoyusxvykgansyblgyjxatu/Build/Intermediates.noindex/VideoCallApp.build/Debug-iphonesimulator/VideoCallApp.build/VideoCallApp.DependencyStaticMetadataFileList --swift-const-vals-list /Users/sanjaykumar/Library/Developer/Xcode/DerivedData/VideoCallApp-evcapdoyusxvykgansyblgyjxatu/Build/Intermediates.noindex/VideoCallApp.build/Debug-iphonesimulator/VideoCallApp.build/Objects-normal/arm64/VideoCallApp.SwiftConstValuesFileList --swift-const-vals-list /Users/sanjaykumar/Library/Developer/Xcode/DerivedData/VideoCallApp-evcapdoyusxvykgansyblgyjxatu/Build/Intermediates.noindex/VideoCallApp.build/Debug-iphonesimulator/VideoCallApp.build/Objects-normal/x86_64/VideoCallApp.SwiftConstValuesFileList --compile-time-extraction --deployment-aware-processing --validate-assistant-intents --no-app-shortcuts-localization
2026-08-28 08:01:43.737 appintentsmetadataprocessor[23579:1885495] Starting appintentsmetadataprocessor export
2026-08-28 08:01:43.740 appintentsmetadataprocessor[23579:1885495] warning: Metadata extraction skipped. No AppIntents.framework dependency found.

AppIntentsSSUTraining (in target 'VideoCallApp' from project 'VideoCallApp')
    cd /Users/sanjaykumar/Desktop/Newfolder/VideoCallApp/ios
    /Applications/Xcode.app/Contents/Developer/Toolchains/XcodeDefault.xctoolchain/usr/bin/appintentsnltrainingprocessor --infoplist-path /Users/sanjaykumar/Library/Developer/Xcode/DerivedData/VideoCallApp-evcapdoyusxvykgansyblgyjxatu/Build/Products/Debug-iphonesimulator/VideoCallApp.app/Info.plist --temp-dir-path /Users/sanjaykumar/Library/Developer/Xcode/DerivedData/VideoCallApp-evcapdoyusxvykgansyblgyjxatu/Build/Intermediates.noindex/VideoCallApp.build/Debug-iphonesimulator/VideoCallApp.build/ssu --bundle-id org.reactjs.native.example.VideoCallApp --product-path /Users/sanjaykumar/Library/Developer/Xcode/DerivedData/VideoCallApp-evcapdoyusxvykgansyblgyjxatu/Build/Products/Debug-iphonesimulator/VideoCallApp.app --extracted-metadata-path /Users/sanjaykumar/Library/Developer/Xcode/DerivedData/VideoCallApp-evcapdoyusxvykgansyblgyjxatu/Build/Products/Debug-iphonesimulator/VideoCallApp.app/Metadata.appintents --metadata-file-list /Users/sanjaykumar/Library/Developer/Xcode/DerivedData/VideoCallApp-evcapdoyusxvykgansyblgyjxatu/Build/Intermediates.noindex/VideoCallApp.build/Debug-iphonesimulator/VideoCallApp.build/VideoCallApp.DependencyMetadataFileList --source-file /Users/sanjaykumar/Library/Developer/Xcode/DerivedData/VideoCallApp-evcapdoyusxvykgansyblgyjxatu/Build/Products/Debug-iphonesimulator/VideoCallApp.app/Info.plist --archive-ssu-assets
2026-08-28 08:01:43.757 appintentsnltrainingprocessor[23580:1885496] Parsing options for appintentsnltrainingprocessor
2026-08-28 08:01:43.757 appintentsnltrainingprocessor[23580:1885496] Starting AppIntents SSU YAML Generation
2026-08-28 08:01:43.759 appintentsnltrainingprocessor[23580:1885496] No AppShortcuts found - Skipping.

CodeSign /Users/sanjaykumar/Library/Developer/Xcode/DerivedData/VideoCallApp-evcapdoyusxvykgansyblgyjxatu/Build/Products/Debug-iphonesimulator/VideoCallApp.app/VideoCallApp.debug.dylib (in target 'VideoCallApp' from project 'VideoCallApp')
    cd /Users/sanjaykumar/Desktop/Newfolder/VideoCallApp/ios
    
    Signing Identity:     "Sign to Run Locally"
    
    /usr/bin/codesign --force --sign - --timestamp\=none --generate-entitlement-der /Users/sanjaykumar/Library/Developer/Xcode/DerivedData/VideoCallApp-evcapdoyusxvykgansyblgyjxatu/Build/Products/Debug-iphonesimulator/VideoCallApp.app/VideoCallApp.debug.dylib

CodeSign /Users/sanjaykumar/Library/Developer/Xcode/DerivedData/VideoCallApp-evcapdoyusxvykgansyblgyjxatu/Build/Products/Debug-iphonesimulator/VideoCallApp.app/__preview.dylib (in target 'VideoCallApp' from project 'VideoCallApp')
    cd /Users/sanjaykumar/Desktop/Newfolder/VideoCallApp/ios
    
    Signing Identity:     "Sign to Run Locally"
    
    /usr/bin/codesign --force --sign - --timestamp\=none --generate-entitlement-der /Users/sanjaykumar/Library/Developer/Xcode/DerivedData/VideoCallApp-evcapdoyusxvykgansyblgyjxatu/Build/Products/Debug-iphonesimulator/VideoCallApp.app/__preview.dylib

CodeSign /Users/sanjaykumar/Library/Developer/Xcode/DerivedData/VideoCallApp-evcapdoyusxvykgansyblgyjxatu/Build/Products/Debug-iphonesimulator/VideoCallApp.app (in target 'VideoCallApp' from project 'VideoCallApp')
    cd /Users/sanjaykumar/Desktop/Newfolder/VideoCallApp/ios
    
    Signing Identity:     "Sign to Run Locally"
    
    /usr/bin/codesign --force --sign - --timestamp\=none --generate-entitlement-der /Users/sanjaykumar/Library/Developer/Xcode/DerivedData/VideoCallApp-evcapdoyusxvykgansyblgyjxatu/Build/Products/Debug-iphonesimulator/VideoCallApp.app

RegisterExecutionPolicyException /Users/sanjaykumar/Library/Developer/Xcode/DerivedData/VideoCallApp-evcapdoyusxvykgansyblgyjxatu/Build/Products/Debug-iphonesimulator/VideoCallApp.app (in target 'VideoCallApp' from project 'VideoCallApp')
    cd /Users/sanjaykumar/Desktop/Newfolder/VideoCallApp/ios
    builtin-RegisterExecutionPolicyException /Users/sanjaykumar/Library/Developer/Xcode/DerivedData/VideoCallApp-evcapdoyusxvykgansyblgyjxatu/Build/Products/Debug-iphonesimulator/VideoCallApp.app

Validate /Users/sanjaykumar/Library/Developer/Xcode/DerivedData/VideoCallApp-evcapdoyusxvykgansyblgyjxatu/Build/Products/Debug-iphonesimulator/VideoCallApp.app (in target 'VideoCallApp' from project 'VideoCallApp')
    cd /Users/sanjaykumar/Desktop/Newfolder/VideoCallApp/ios
    builtin-validationUtility /Users/sanjaykumar/Library/Developer/Xcode/DerivedData/VideoCallApp-evcapdoyusxvykgansyblgyjxatu/Build/Products/Debug-iphonesimulator/VideoCallApp.app -shallow-bundle -infoplist-subpath Info.plist

Touch /Users/sanjaykumar/Library/Developer/Xcode/DerivedData/VideoCallApp-evcapdoyusxvykgansyblgyjxatu/Build/Products/Debug-iphonesimulator/VideoCallApp.app (in target 'VideoCallApp' from project 'VideoCallApp')
    cd /Users/sanjaykumar/Desktop/Newfolder/VideoCallApp/ios
    /usr/bin/touch -c /Users/sanjaykumar/Library/Developer/Xcode/DerivedData/VideoCallApp-evcapdoyusxvykgansyblgyjxatu/Build/Products/Debug-iphonesimulator/VideoCallApp.app

warning: Run script build phase '[CP-User] [Hermes] Replace Hermes for the right configuration, if needed' will be run during every build because it does not specify any outputs. To address this issue, either add output dependencies to the script phase, or configure it to run in every build by unchecking "Based on dependency analysis" in the script phase. (in target 'hermes-engine' from project 'Pods')
note: Run script build phase '[CP-User] [RNDeps] Replace React Native Dependencies for the right configuration, if needed' will be run during every build because the option to run the script phase "Based on dependency analysis" is unchecked. (in target 'ReactNativeDependencies' from project 'Pods')
warning: Run script build phase 'Bundle React Native code and images' will be run during every build because it does not specify any outputs. To address this issue, either add output dependencies to the script phase, or configure it to run in every build by unchecking "Based on dependency analysis" in the script phase. (in target 'VideoCallApp' from project 'VideoCallApp')
** BUILD SUCCEEDED **

